ISO-10303-21;
HEADER;
FILE_DESCRIPTION((''),'2;1');
FILE_NAME('C-1-282837-4','2009-03-16T',('workeradm'),(
'Tyco Electronics Corporation'),
'PRO/ENGINEER BY PARAMETRIC TECHNOLOGY CORPORATION, 2007390',
'PRO/ENGINEER BY PARAMETRIC TECHNOLOGY CORPORATION, 2007390','');
FILE_SCHEMA(('AUTOMOTIVE_DESIGN { 1 0 10303 214 1 1 1 1 }'));
ENDSEC;
DATA;
#1=DRAUGHTING_PRE_DEFINED_COLOUR('black');
#2=COLOUR_RGB('',0.E0,0.E0,3.6E-1);
#3=COLOUR_RGB('',0.E0,0.E0,4.8E-1);
#4=DRAUGHTING_PRE_DEFINED_COLOUR('blue');
#5=COLOUR_RGB('',0.E0,3.6E-1,9.E-2);
#6=COLOUR_RGB('',0.E0,3.6E-1,2.7E-1);
#7=COLOUR_RGB('',0.E0,5.6E-1,6.4E-1);
#8=COLOUR_RGB('',0.E0,5.8E-1,8.E-1);
#9=COLOUR_RGB('',0.E0,7.1E-1,6.6E-1);
#10=COLOUR_RGB('',0.E0,7.13E-1,0.E0);
#11=COLOUR_RGB('',0.E0,9.5E-1,8.4E-1);
#12=DRAUGHTING_PRE_DEFINED_COLOUR('green');
#13=DRAUGHTING_PRE_DEFINED_COLOUR('cyan');
#14=COLOUR_RGB('',4.E-2,0.E0,1.6E-1);
#15=COLOUR_RGB('',9.E-2,0.E0,1.2E-1);
#16=COLOUR_RGB('',1.E-1,0.E0,2.5E-1);
#17=COLOUR_RGB('',1.6E-1,3.2E-2,0.E0);
#18=COLOUR_RGB('',1.6E-1,4.6E-1,6.5E-1);
#19=COLOUR_RGB('',1.6E-1,1.E0,1.6E-1);
#20=COLOUR_RGB('',2.E-1,3.2E-2,0.E0);
#21=COLOUR_RGB('',3.1E-1,3.1E-1,5.6E-1);
#22=COLOUR_RGB('',3.2E-1,1.5E-1,0.E0);
#23=COLOUR_RGB('',4.E-1,4.E-1,4.E-1);
#24=COLOUR_RGB('',4.2E-1,4.2E-1,1.E0);
#25=COLOUR_RGB('',4.4E-1,8.5E-1,1.E0);
#26=COLOUR_RGB('',4.9E-1,4.9E-1,0.E0);
#27=COLOUR_RGB('',4.9E-1,1.E0,0.E0);
#28=COLOUR_RGB('',5.E-1,0.E0,0.E0);
#29=COLOUR_RGB('',5.E-1,0.E0,2.3E-1);
#30=COLOUR_RGB('',5.E-1,5.E-1,5.E-1);
#31=COLOUR_RGB('',5.3E-1,0.E0,0.E0);
#32=COLOUR_RGB('',5.4E-1,0.E0,4.4E-1);
#33=COLOUR_RGB('',5.5E-1,3.E-1,0.E0);
#34=COLOUR_RGB('',5.6E-1,1.E-1,5.E-2);
#35=COLOUR_RGB('',5.8E-1,2.2E-1,1.E-2);
#36=COLOUR_RGB('',6.E-1,6.E-1,6.E-1);
#37=COLOUR_RGB('',6.2E-1,0.E0,5.5E-1);
#38=COLOUR_RGB('',6.4E-1,0.E0,2.5E-1);
#39=COLOUR_RGB('',6.4E-1,1.E-2,0.E0);
#40=COLOUR_RGB('',6.8E-1,7.5E-1,1.E0);
#41=COLOUR_RGB('',7.1E-1,3.1E-1,0.E0);
#42=COLOUR_RGB('',7.2E-1,7.2E-1,7.2E-1);
#43=COLOUR_RGB('',7.4E-1,1.E0,2.6E-1);
#44=COLOUR_RGB('',7.5E-1,3.E-2,0.E0);
#45=COLOUR_RGB('',7.6E-1,0.E0,4.7E-1);
#46=COLOUR_RGB('',8.1E-1,4.E-2,0.E0);
#47=COLOUR_RGB('',8.1E-1,6.1E-1,0.E0);
#48=COLOUR_RGB('',8.2E-1,4.E-2,6.6E-1);
#49=COLOUR_RGB('',8.5E-1,8.5E-1,8.5E-1);
#50=COLOUR_RGB('',8.784E-1,9.49E-1,1.E0);
#51=COLOUR_RGB('',9.E-1,1.E0,0.E0);
#52=COLOUR_RGB('',9.37E-1,7.85E-1,0.E0);
#53=COLOUR_RGB('',9.5E-1,2.2E-1,8.1E-1);
#54=COLOUR_RGB('',9.6E-1,3.7E-1,3.E-1);
#55=COLOUR_RGB('',9.6E-1,7.1E-1,3.75E-1);
#56=DRAUGHTING_PRE_DEFINED_COLOUR('red');
#57=COLOUR_RGB('',1.E0,0.E0,6.1E-1);
#58=COLOUR_RGB('',1.E0,4.E-2,0.E0);
#59=COLOUR_RGB('',1.E0,2.3E-1,0.E0);
#60=COLOUR_RGB('',1.E0,3.5E-1,5.2E-1);
#61=COLOUR_RGB('',1.E0,3.6E-1,0.E0);
#62=COLOUR_RGB('',1.E0,4.9E-1,3.7E-1);
#63=COLOUR_RGB('',1.E0,5.E-1,0.E0);
#64=COLOUR_RGB('',1.E0,5.6E-1,7.8E-1);
#65=COLOUR_RGB('',1.E0,6.4E-1,4.9E-1);
#66=COLOUR_RGB('',1.E0,6.7E-1,0.E0);
#67=COLOUR_RGB('',1.E0,7.6E-1,6.5E-1);
#68=COLOUR_RGB('',1.E0,8.6E-1,4.E-2);
#69=COLOUR_RGB('',1.E0,9.8E-1,7.2E-1);
#70=DRAUGHTING_PRE_DEFINED_COLOUR('yellow');
#71=DRAUGHTING_PRE_DEFINED_COLOUR('white');
#72=DIRECTION('',(0.E0,0.E0,1.E0));
#73=VECTOR('',#72,8.5E-1);
#74=CARTESIAN_POINT('',(-3.556E1,2.25E0,-1.225E0));
#75=LINE('',#74,#73);
#76=DIRECTION('',(0.E0,-1.E0,0.E0));
#77=VECTOR('',#76,5.E0);
#78=CARTESIAN_POINT('',(-3.556E1,2.25E0,-1.225E0));
#79=LINE('',#78,#77);
#80=DIRECTION('',(0.E0,0.E0,-1.E0));
#81=VECTOR('',#80,6.975E0);
#82=CARTESIAN_POINT('',(-3.556E1,-2.75E0,-1.225E0));
#83=LINE('',#82,#81);
#84=DIRECTION('',(0.E0,1.E0,0.E0));
#85=VECTOR('',#84,2.2E0);
#86=CARTESIAN_POINT('',(-3.556E1,-2.75E0,-8.2E0));
#87=LINE('',#86,#85);
#88=DIRECTION('',(0.E0,9.686638660440E-1,2.483753502677E-1));
#89=VECTOR('',#88,8.052328855679E0);
#90=CARTESIAN_POINT('',(-3.556E1,-5.5E-1,-8.2E0));
#91=LINE('',#90,#89);
#92=DIRECTION('',(0.E0,0.E0,1.E0));
#93=VECTOR('',#92,4.8E0);
#94=CARTESIAN_POINT('',(-3.556E1,7.25E0,-6.2E0));
#95=LINE('',#94,#93);
#96=DIRECTION('',(0.E0,-9.904048953655E-1,1.381960319115E-1));
#97=VECTOR('',#96,4.341658669218E0);
#98=CARTESIAN_POINT('',(-3.556E1,7.25E0,-1.4E0));
#99=LINE('',#98,#97);
#100=DIRECTION('',(0.E0,0.E0,1.E0));
#101=VECTOR('',#100,8.E-1);
#102=CARTESIAN_POINT('',(-3.556E1,2.95E0,-8.E-1));
#103=LINE('',#102,#101);
#104=DIRECTION('',(0.E0,-1.E0,0.E0));
#105=VECTOR('',#104,5.7E0);
#106=CARTESIAN_POINT('',(-3.556E1,2.95E0,0.E0));
#107=LINE('',#106,#105);
#108=DIRECTION('',(0.E0,0.E0,-1.E0));
#109=VECTOR('',#108,3.75E-1);
#110=CARTESIAN_POINT('',(-3.556E1,-2.75E0,0.E0));
#111=LINE('',#110,#109);
#112=DIRECTION('',(0.E0,-1.E0,0.E0));
#113=VECTOR('',#112,5.E0);
#114=CARTESIAN_POINT('',(-3.556E1,2.25E0,-3.75E-1));
#115=LINE('',#114,#113);
#116=CARTESIAN_POINT('',(-3.566E1,2.25E0,-3.75E-1));
#117=DIRECTION('',(0.E0,1.E0,0.E0));
#118=DIRECTION('',(1.E0,0.E0,0.E0));
#119=AXIS2_PLACEMENT_3D('',#116,#117,#118);
#121=DIRECTION('',(-9.465628304156E-1,0.E0,3.225194692971E-1));
#122=VECTOR('',#121,3.544361719689E-1);
#123=CARTESIAN_POINT('',(-3.569225194693E1,2.25E0,-4.696562830416E-1));
#124=LINE('',#123,#122);
#125=CARTESIAN_POINT('',(-3.606E1,2.25E0,-4.5E-1));
#126=DIRECTION('',(0.E0,-1.E0,0.E0));
#127=DIRECTION('',(3.225194692972E-1,0.E0,9.465628304155E-1));
#128=AXIS2_PLACEMENT_3D('',#125,#126,#127);
#130=DIRECTION('',(0.E0,0.E0,-1.E0));
#131=VECTOR('',#130,7.E-1);
#132=CARTESIAN_POINT('',(-3.616E1,2.25E0,-4.5E-1));
#133=LINE('',#132,#131);
#134=CARTESIAN_POINT('',(-3.606E1,2.25E0,-1.15E0));
#135=DIRECTION('',(0.E0,-1.E0,0.E0));
#136=DIRECTION('',(-1.E0,0.E0,0.E0));
#137=AXIS2_PLACEMENT_3D('',#134,#135,#136);
#139=DIRECTION('',(9.465628304156E-1,0.E0,3.225194692971E-1));
#140=VECTOR('',#139,3.544361719689E-1);
#141=CARTESIAN_POINT('',(-3.602774805307E1,2.25E0,-1.244656283042E0));
#142=LINE('',#141,#140);
#143=CARTESIAN_POINT('',(-3.566E1,2.25E0,-1.225E0));
#144=DIRECTION('',(0.E0,1.E0,0.E0));
#145=DIRECTION('',(-3.225194692970E-1,0.E0,9.465628304156E-1));
#146=AXIS2_PLACEMENT_3D('',#143,#144,#145);
#148=DIRECTION('',(0.E0,0.E0,-1.E0));
#149=VECTOR('',#148,8.2E0);
#150=CARTESIAN_POINT('',(-3.512E1,-2.75E0,0.E0));
#151=LINE('',#150,#149);
#152=CARTESIAN_POINT('',(-3.566E1,-2.75E0,-1.225E0));
#153=DIRECTION('',(0.E0,1.E0,0.E0));
#154=DIRECTION('',(-3.225194692970E-1,0.E0,9.465628304156E-1));
#155=AXIS2_PLACEMENT_3D('',#152,#153,#154);
#157=DIRECTION('',(9.465628304156E-1,0.E0,3.225194692971E-1));
#158=VECTOR('',#157,3.544361719689E-1);
#159=CARTESIAN_POINT('',(-3.602774805307E1,-2.75E0,-1.244656283042E0));
#160=LINE('',#159,#158);
#161=CARTESIAN_POINT('',(-3.606E1,-2.75E0,-1.15E0));
#162=DIRECTION('',(0.E0,-1.E0,0.E0));
#163=DIRECTION('',(-1.E0,0.E0,0.E0));
#164=AXIS2_PLACEMENT_3D('',#161,#162,#163);
#166=DIRECTION('',(0.E0,0.E0,-1.E0));
#167=VECTOR('',#166,7.E-1);
#168=CARTESIAN_POINT('',(-3.616E1,-2.75E0,-4.5E-1));
#169=LINE('',#168,#167);
#170=CARTESIAN_POINT('',(-3.606E1,-2.75E0,-4.5E-1));
#171=DIRECTION('',(0.E0,-1.E0,0.E0));
#172=DIRECTION('',(3.225194692972E-1,0.E0,9.465628304155E-1));
#173=AXIS2_PLACEMENT_3D('',#170,#171,#172);
#175=DIRECTION('',(-9.465628304156E-1,0.E0,3.225194692971E-1));
#176=VECTOR('',#175,3.544361719689E-1);
#177=CARTESIAN_POINT('',(-3.569225194693E1,-2.75E0,-4.696562830416E-1));
#178=LINE('',#177,#176);
#179=CARTESIAN_POINT('',(-3.566E1,-2.75E0,-3.75E-1));
#180=DIRECTION('',(0.E0,1.E0,0.E0));
#181=DIRECTION('',(1.E0,0.E0,0.E0));
#182=AXIS2_PLACEMENT_3D('',#179,#180,#181);
#184=DIRECTION('',(1.E0,0.E0,0.E0));
#185=VECTOR('',#184,4.4E-1);
#186=CARTESIAN_POINT('',(-3.556E1,-2.75E0,0.E0));
#187=LINE('',#186,#185);
#188=DIRECTION('',(0.E0,0.E0,-1.E0));
#189=VECTOR('',#188,8.2E0);
#190=CARTESIAN_POINT('',(-3.004E1,-2.75E0,0.E0));
#191=LINE('',#190,#189);
#192=DIRECTION('',(0.E0,0.E0,-1.E0));
#193=VECTOR('',#192,8.2E0);
#194=CARTESIAN_POINT('',(-3.092E1,-2.75E0,0.E0));
#195=LINE('',#194,#193);
#196=DIRECTION('',(1.E0,0.E0,0.E0));
#197=VECTOR('',#196,8.8E-1);
#198=CARTESIAN_POINT('',(-3.092E1,-2.75E0,0.E0));
#199=LINE('',#198,#197);
#200=DIRECTION('',(0.E0,0.E0,-1.E0));
#201=VECTOR('',#200,8.2E0);
#202=CARTESIAN_POINT('',(-2.496E1,-2.75E0,0.E0));
#203=LINE('',#202,#201);
#204=DIRECTION('',(0.E0,0.E0,-1.E0));
#205=VECTOR('',#204,8.2E0);
#206=CARTESIAN_POINT('',(-2.584E1,-2.75E0,0.E0));
#207=LINE('',#206,#205);
#208=DIRECTION('',(1.E0,0.E0,0.E0));
#209=VECTOR('',#208,8.8E-1);
#210=CARTESIAN_POINT('',(-2.584E1,-2.75E0,0.E0));
#211=LINE('',#210,#209);
#212=DIRECTION('',(0.E0,0.E0,-1.E0));
#213=VECTOR('',#212,8.2E0);
#214=CARTESIAN_POINT('',(-1.988E1,-2.75E0,0.E0));
#215=LINE('',#214,#213);
#216=DIRECTION('',(0.E0,0.E0,-1.E0));
#217=VECTOR('',#216,8.2E0);
#218=CARTESIAN_POINT('',(-2.076E1,-2.75E0,0.E0));
#219=LINE('',#218,#217);
#220=DIRECTION('',(1.E0,0.E0,0.E0));
#221=VECTOR('',#220,8.8E-1);
#222=CARTESIAN_POINT('',(-2.076E1,-2.75E0,0.E0));
#223=LINE('',#222,#221);
#224=DIRECTION('',(0.E0,0.E0,-1.E0));
#225=VECTOR('',#224,8.2E0);
#226=CARTESIAN_POINT('',(-1.48E1,-2.75E0,0.E0));
#227=LINE('',#226,#225);
#228=DIRECTION('',(0.E0,0.E0,-1.E0));
#229=VECTOR('',#228,8.2E0);
#230=CARTESIAN_POINT('',(-1.568E1,-2.75E0,0.E0));
#231=LINE('',#230,#229);
#232=DIRECTION('',(1.E0,0.E0,0.E0));
#233=VECTOR('',#232,8.8E-1);
#234=CARTESIAN_POINT('',(-1.568E1,-2.75E0,0.E0));
#235=LINE('',#234,#233);
#236=DIRECTION('',(0.E0,0.E0,-1.E0));
#237=VECTOR('',#236,8.2E0);
#238=CARTESIAN_POINT('',(-9.72E0,-2.75E0,0.E0));
#239=LINE('',#238,#237);
#240=DIRECTION('',(0.E0,0.E0,-1.E0));
#241=VECTOR('',#240,8.2E0);
#242=CARTESIAN_POINT('',(-1.06E1,-2.75E0,0.E0));
#243=LINE('',#242,#241);
#244=DIRECTION('',(1.E0,0.E0,0.E0));
#245=VECTOR('',#244,8.8E-1);
#246=CARTESIAN_POINT('',(-1.06E1,-2.75E0,0.E0));
#247=LINE('',#246,#245);
#248=DIRECTION('',(0.E0,0.E0,-1.E0));
#249=VECTOR('',#248,8.2E0);
#250=CARTESIAN_POINT('',(-4.64E0,-2.75E0,0.E0));
#251=LINE('',#250,#249);
#252=DIRECTION('',(0.E0,0.E0,-1.E0));
#253=VECTOR('',#252,8.2E0);
#254=CARTESIAN_POINT('',(-5.52E0,-2.75E0,0.E0));
#255=LINE('',#254,#253);
#256=DIRECTION('',(1.E0,0.E0,0.E0));
#257=VECTOR('',#256,8.8E-1);
#258=CARTESIAN_POINT('',(-5.52E0,-2.75E0,0.E0));
#259=LINE('',#258,#257);
#260=DIRECTION('',(0.E0,0.E0,-1.E0));
#261=VECTOR('',#260,8.2E0);
#262=CARTESIAN_POINT('',(4.4E-1,-2.75E0,0.E0));
#263=LINE('',#262,#261);
#264=DIRECTION('',(0.E0,0.E0,-1.E0));
#265=VECTOR('',#264,8.2E0);
#266=CARTESIAN_POINT('',(-4.4E-1,-2.75E0,0.E0));
#267=LINE('',#266,#265);
#268=DIRECTION('',(1.E0,0.E0,0.E0));
#269=VECTOR('',#268,8.8E-1);
#270=CARTESIAN_POINT('',(-4.4E-1,-2.75E0,0.E0));
#271=LINE('',#270,#269);
#272=DIRECTION('',(0.E0,0.E0,-1.E0));
#273=VECTOR('',#272,8.2E0);
#274=CARTESIAN_POINT('',(5.52E0,-2.75E0,0.E0));
#275=LINE('',#274,#273);
#276=DIRECTION('',(0.E0,0.E0,-1.E0));
#277=VECTOR('',#276,8.2E0);
#278=CARTESIAN_POINT('',(4.64E0,-2.75E0,0.E0));
#279=LINE('',#278,#277);
#280=DIRECTION('',(1.E0,0.E0,0.E0));
#281=VECTOR('',#280,8.8E-1);
#282=CARTESIAN_POINT('',(4.64E0,-2.75E0,0.E0));
#283=LINE('',#282,#281);
#284=DIRECTION('',(0.E0,0.E0,-1.E0));
#285=VECTOR('',#284,8.2E0);
#286=CARTESIAN_POINT('',(1.06E1,-2.75E0,0.E0));
#287=LINE('',#286,#285);
#288=DIRECTION('',(0.E0,0.E0,-1.E0));
#289=VECTOR('',#288,8.2E0);
#290=CARTESIAN_POINT('',(9.72E0,-2.75E0,0.E0));
#291=LINE('',#290,#289);
#292=DIRECTION('',(1.E0,0.E0,0.E0));
#293=VECTOR('',#292,8.8E-1);
#294=CARTESIAN_POINT('',(9.72E0,-2.75E0,0.E0));
#295=LINE('',#294,#293);
#296=DIRECTION('',(0.E0,0.E0,-1.E0));
#297=VECTOR('',#296,8.2E0);
#298=CARTESIAN_POINT('',(1.568E1,-2.75E0,0.E0));
#299=LINE('',#298,#297);
#300=DIRECTION('',(0.E0,0.E0,-1.E0));
#301=VECTOR('',#300,8.2E0);
#302=CARTESIAN_POINT('',(1.48E1,-2.75E0,0.E0));
#303=LINE('',#302,#301);
#304=DIRECTION('',(1.E0,0.E0,0.E0));
#305=VECTOR('',#304,8.8E-1);
#306=CARTESIAN_POINT('',(1.48E1,-2.75E0,0.E0));
#307=LINE('',#306,#305);
#308=DIRECTION('',(0.E0,0.E0,-1.E0));
#309=VECTOR('',#308,8.2E0);
#310=CARTESIAN_POINT('',(2.076E1,-2.75E0,0.E0));
#311=LINE('',#310,#309);
#312=DIRECTION('',(0.E0,0.E0,-1.E0));
#313=VECTOR('',#312,8.2E0);
#314=CARTESIAN_POINT('',(1.988E1,-2.75E0,0.E0));
#315=LINE('',#314,#313);
#316=DIRECTION('',(1.E0,0.E0,0.E0));
#317=VECTOR('',#316,8.8E-1);
#318=CARTESIAN_POINT('',(1.988E1,-2.75E0,0.E0));
#319=LINE('',#318,#317);
#320=DIRECTION('',(0.E0,0.E0,-1.E0));
#321=VECTOR('',#320,8.2E0);
#322=CARTESIAN_POINT('',(2.584E1,-2.75E0,0.E0));
#323=LINE('',#322,#321);
#324=DIRECTION('',(0.E0,0.E0,-1.E0));
#325=VECTOR('',#324,8.2E0);
#326=CARTESIAN_POINT('',(2.496E1,-2.75E0,0.E0));
#327=LINE('',#326,#325);
#328=DIRECTION('',(1.E0,0.E0,0.E0));
#329=VECTOR('',#328,8.8E-1);
#330=CARTESIAN_POINT('',(2.496E1,-2.75E0,0.E0));
#331=LINE('',#330,#329);
#332=DIRECTION('',(0.E0,0.E0,-1.E0));
#333=VECTOR('',#332,3.234073181039E-1);
#334=CARTESIAN_POINT('',(3.512E1,-2.75E0,0.E0));
#335=LINE('',#334,#333);
#336=DIRECTION('',(1.E0,0.E0,0.E0));
#337=VECTOR('',#336,4.4E-1);
#338=CARTESIAN_POINT('',(3.512E1,-2.75E0,0.E0));
#339=LINE('',#338,#337);
#340=CARTESIAN_POINT('',(3.543E1,-2.75E0,-3.2E-1));
#341=DIRECTION('',(0.E0,-1.E0,0.E0));
#342=DIRECTION('',(-4.093264641326E-1,0.E0,-9.123879908025E-1));
#343=AXIS2_PLACEMENT_3D('',#340,#341,#342);
#345=DIRECTION('',(-9.123879908025E-1,0.E0,4.093264641326E-1));
#346=VECTOR('',#345,2.814455716771E-1);
#347=CARTESIAN_POINT('',(3.537678755966E1,-2.75E0,-4.386104388043E-1));
#348=LINE('',#347,#346);
#349=DIRECTION('',(0.E0,0.E0,-1.E0));
#350=VECTOR('',#349,8.2E0);
#351=CARTESIAN_POINT('',(3.092E1,-2.75E0,0.E0));
#352=LINE('',#351,#350);
#353=DIRECTION('',(0.E0,0.E0,-1.E0));
#354=VECTOR('',#353,8.2E0);
#355=CARTESIAN_POINT('',(3.004E1,-2.75E0,0.E0));
#356=LINE('',#355,#354);
#357=DIRECTION('',(1.E0,0.E0,0.E0));
#358=VECTOR('',#357,8.8E-1);
#359=CARTESIAN_POINT('',(3.004E1,-2.75E0,0.E0));
#360=LINE('',#359,#358);
#361=DIRECTION('',(0.E0,0.E0,-1.E0));
#362=VECTOR('',#361,6.923407318104E0);
#363=CARTESIAN_POINT('',(3.512E1,-2.75E0,-1.276592681896E0));
#364=LINE('',#363,#362);
#365=DIRECTION('',(9.123879908025E-1,0.E0,4.093264641326E-1));
#366=VECTOR('',#365,2.814455716771E-1);
#367=CARTESIAN_POINT('',(3.512E1,-2.75E0,-1.276592681896E0));
#368=LINE('',#367,#366);
#369=CARTESIAN_POINT('',(3.543E1,-2.75E0,-1.28E0));
#370=DIRECTION('',(0.E0,-1.E0,0.E0));
#371=DIRECTION('',(1.E0,0.E0,0.E0));
#372=AXIS2_PLACEMENT_3D('',#369,#370,#371);
#374=DIRECTION('',(0.E0,0.E0,-1.E0));
#375=VECTOR('',#374,8.2E0);
#376=CARTESIAN_POINT('',(-3.512E1,-2.55E0,0.E0));
#377=LINE('',#376,#375);
#378=DIRECTION('',(1.E0,0.E0,0.E0));
#379=VECTOR('',#378,7.112E1);
#380=CARTESIAN_POINT('',(-3.556E1,2.95E0,0.E0));
#381=LINE('',#380,#379);
#382=DIRECTION('',(0.E0,1.E0,0.E0));
#383=VECTOR('',#382,2.E-1);
#384=CARTESIAN_POINT('',(3.512E1,-2.75E0,0.E0));
#385=LINE('',#384,#383);
#386=DIRECTION('',(-1.E0,0.E0,0.E0));
#387=VECTOR('',#386,4.2E0);
#388=CARTESIAN_POINT('',(3.512E1,-2.55E0,0.E0));
#389=LINE('',#388,#387);
#390=DIRECTION('',(0.E0,1.E0,0.E0));
#391=VECTOR('',#390,2.E-1);
#392=CARTESIAN_POINT('',(3.092E1,-2.75E0,0.E0));
#393=LINE('',#392,#391);
#394=DIRECTION('',(0.E0,1.E0,0.E0));
#395=VECTOR('',#394,2.E-1);
#396=CARTESIAN_POINT('',(3.004E1,-2.75E0,0.E0));
#397=LINE('',#396,#395);
#398=DIRECTION('',(-1.E0,0.E0,0.E0));
#399=VECTOR('',#398,4.2E0);
#400=CARTESIAN_POINT('',(3.004E1,-2.55E0,0.E0));
#401=LINE('',#400,#399);
#402=DIRECTION('',(0.E0,1.E0,0.E0));
#403=VECTOR('',#402,2.E-1);
#404=CARTESIAN_POINT('',(2.584E1,-2.75E0,0.E0));
#405=LINE('',#404,#403);
#406=DIRECTION('',(0.E0,1.E0,0.E0));
#407=VECTOR('',#406,2.E-1);
#408=CARTESIAN_POINT('',(2.496E1,-2.75E0,0.E0));
#409=LINE('',#408,#407);
#410=DIRECTION('',(-1.E0,0.E0,0.E0));
#411=VECTOR('',#410,4.2E0);
#412=CARTESIAN_POINT('',(2.496E1,-2.55E0,0.E0));
#413=LINE('',#412,#411);
#414=DIRECTION('',(0.E0,1.E0,0.E0));
#415=VECTOR('',#414,2.E-1);
#416=CARTESIAN_POINT('',(2.076E1,-2.75E0,0.E0));
#417=LINE('',#416,#415);
#418=DIRECTION('',(0.E0,1.E0,0.E0));
#419=VECTOR('',#418,2.E-1);
#420=CARTESIAN_POINT('',(1.988E1,-2.75E0,0.E0));
#421=LINE('',#420,#419);
#422=DIRECTION('',(-1.E0,0.E0,0.E0));
#423=VECTOR('',#422,4.2E0);
#424=CARTESIAN_POINT('',(1.988E1,-2.55E0,0.E0));
#425=LINE('',#424,#423);
#426=DIRECTION('',(0.E0,1.E0,0.E0));
#427=VECTOR('',#426,2.E-1);
#428=CARTESIAN_POINT('',(1.568E1,-2.75E0,0.E0));
#429=LINE('',#428,#427);
#430=DIRECTION('',(0.E0,1.E0,0.E0));
#431=VECTOR('',#430,2.E-1);
#432=CARTESIAN_POINT('',(1.48E1,-2.75E0,0.E0));
#433=LINE('',#432,#431);
#434=DIRECTION('',(-1.E0,0.E0,0.E0));
#435=VECTOR('',#434,4.2E0);
#436=CARTESIAN_POINT('',(1.48E1,-2.55E0,0.E0));
#437=LINE('',#436,#435);
#438=DIRECTION('',(0.E0,1.E0,0.E0));
#439=VECTOR('',#438,2.E-1);
#440=CARTESIAN_POINT('',(1.06E1,-2.75E0,0.E0));
#441=LINE('',#440,#439);
#442=DIRECTION('',(0.E0,1.E0,0.E0));
#443=VECTOR('',#442,2.E-1);
#444=CARTESIAN_POINT('',(9.72E0,-2.75E0,0.E0));
#445=LINE('',#444,#443);
#446=DIRECTION('',(-1.E0,0.E0,0.E0));
#447=VECTOR('',#446,4.2E0);
#448=CARTESIAN_POINT('',(9.72E0,-2.55E0,0.E0));
#449=LINE('',#448,#447);
#450=DIRECTION('',(0.E0,1.E0,0.E0));
#451=VECTOR('',#450,2.E-1);
#452=CARTESIAN_POINT('',(5.52E0,-2.75E0,0.E0));
#453=LINE('',#452,#451);
#454=DIRECTION('',(0.E0,1.E0,0.E0));
#455=VECTOR('',#454,2.E-1);
#456=CARTESIAN_POINT('',(4.64E0,-2.75E0,0.E0));
#457=LINE('',#456,#455);
#458=DIRECTION('',(-1.E0,0.E0,0.E0));
#459=VECTOR('',#458,4.2E0);
#460=CARTESIAN_POINT('',(4.64E0,-2.55E0,0.E0));
#461=LINE('',#460,#459);
#462=DIRECTION('',(0.E0,1.E0,0.E0));
#463=VECTOR('',#462,2.E-1);
#464=CARTESIAN_POINT('',(4.4E-1,-2.75E0,0.E0));
#465=LINE('',#464,#463);
#466=DIRECTION('',(0.E0,1.E0,0.E0));
#467=VECTOR('',#466,2.E-1);
#468=CARTESIAN_POINT('',(-4.4E-1,-2.75E0,0.E0));
#469=LINE('',#468,#467);
#470=DIRECTION('',(-1.E0,0.E0,0.E0));
#471=VECTOR('',#470,4.2E0);
#472=CARTESIAN_POINT('',(-4.4E-1,-2.55E0,0.E0));
#473=LINE('',#472,#471);
#474=DIRECTION('',(0.E0,1.E0,0.E0));
#475=VECTOR('',#474,2.E-1);
#476=CARTESIAN_POINT('',(-4.64E0,-2.75E0,0.E0));
#477=LINE('',#476,#475);
#478=DIRECTION('',(0.E0,1.E0,0.E0));
#479=VECTOR('',#478,2.E-1);
#480=CARTESIAN_POINT('',(-5.52E0,-2.75E0,0.E0));
#481=LINE('',#480,#479);
#482=DIRECTION('',(-1.E0,0.E0,0.E0));
#483=VECTOR('',#482,4.2E0);
#484=CARTESIAN_POINT('',(-5.52E0,-2.55E0,0.E0));
#485=LINE('',#484,#483);
#486=DIRECTION('',(0.E0,1.E0,0.E0));
#487=VECTOR('',#486,2.E-1);
#488=CARTESIAN_POINT('',(-9.72E0,-2.75E0,0.E0));
#489=LINE('',#488,#487);
#490=DIRECTION('',(0.E0,1.E0,0.E0));
#491=VECTOR('',#490,2.E-1);
#492=CARTESIAN_POINT('',(-1.06E1,-2.75E0,0.E0));
#493=LINE('',#492,#491);
#494=DIRECTION('',(-1.E0,0.E0,0.E0));
#495=VECTOR('',#494,4.2E0);
#496=CARTESIAN_POINT('',(-1.06E1,-2.55E0,0.E0));
#497=LINE('',#496,#495);
#498=DIRECTION('',(0.E0,1.E0,0.E0));
#499=VECTOR('',#498,2.E-1);
#500=CARTESIAN_POINT('',(-1.48E1,-2.75E0,0.E0));
#501=LINE('',#500,#499);
#502=DIRECTION('',(0.E0,1.E0,0.E0));
#503=VECTOR('',#502,2.E-1);
#504=CARTESIAN_POINT('',(-1.568E1,-2.75E0,0.E0));
#505=LINE('',#504,#503);
#506=DIRECTION('',(-1.E0,0.E0,0.E0));
#507=VECTOR('',#506,4.2E0);
#508=CARTESIAN_POINT('',(-1.568E1,-2.55E0,0.E0));
#509=LINE('',#508,#507);
#510=DIRECTION('',(0.E0,1.E0,0.E0));
#511=VECTOR('',#510,2.E-1);
#512=CARTESIAN_POINT('',(-1.988E1,-2.75E0,0.E0));
#513=LINE('',#512,#511);
#514=DIRECTION('',(0.E0,1.E0,0.E0));
#515=VECTOR('',#514,2.E-1);
#516=CARTESIAN_POINT('',(-2.076E1,-2.75E0,0.E0));
#517=LINE('',#516,#515);
#518=DIRECTION('',(-1.E0,0.E0,0.E0));
#519=VECTOR('',#518,4.2E0);
#520=CARTESIAN_POINT('',(-2.076E1,-2.55E0,0.E0));
#521=LINE('',#520,#519);
#522=DIRECTION('',(0.E0,1.E0,0.E0));
#523=VECTOR('',#522,2.E-1);
#524=CARTESIAN_POINT('',(-2.496E1,-2.75E0,0.E0));
#525=LINE('',#524,#523);
#526=DIRECTION('',(0.E0,1.E0,0.E0));
#527=VECTOR('',#526,2.E-1);
#528=CARTESIAN_POINT('',(-2.584E1,-2.75E0,0.E0));
#529=LINE('',#528,#527);
#530=DIRECTION('',(-1.E0,0.E0,0.E0));
#531=VECTOR('',#530,4.2E0);
#532=CARTESIAN_POINT('',(-2.584E1,-2.55E0,0.E0));
#533=LINE('',#532,#531);
#534=DIRECTION('',(0.E0,1.E0,0.E0));
#535=VECTOR('',#534,2.E-1);
#536=CARTESIAN_POINT('',(-3.004E1,-2.75E0,0.E0));
#537=LINE('',#536,#535);
#538=DIRECTION('',(0.E0,1.E0,0.E0));
#539=VECTOR('',#538,2.E-1);
#540=CARTESIAN_POINT('',(-3.092E1,-2.75E0,0.E0));
#541=LINE('',#540,#539);
#542=DIRECTION('',(-1.E0,0.E0,0.E0));
#543=VECTOR('',#542,4.2E0);
#544=CARTESIAN_POINT('',(-3.092E1,-2.55E0,0.E0));
#545=LINE('',#544,#543);
#546=DIRECTION('',(0.E0,1.E0,0.E0));
#547=VECTOR('',#546,2.E-1);
#548=CARTESIAN_POINT('',(-3.512E1,-2.75E0,0.E0));
#549=LINE('',#548,#547);
#550=DIRECTION('',(0.E0,1.E0,0.E0));
#551=VECTOR('',#550,4.1E0);
#552=CARTESIAN_POINT('',(-3.127E1,-1.85E0,0.E0));
#553=LINE('',#552,#551);
#554=DIRECTION('',(1.E0,0.E0,0.E0));
#555=VECTOR('',#554,3.5E0);
#556=CARTESIAN_POINT('',(-3.477E1,2.25E0,0.E0));
#557=LINE('',#556,#555);
#558=DIRECTION('',(0.E0,-1.E0,0.E0));
#559=VECTOR('',#558,4.1E0);
#560=CARTESIAN_POINT('',(-3.477E1,2.25E0,0.E0));
#561=LINE('',#560,#559);
#562=DIRECTION('',(1.E0,0.E0,0.E0));
#563=VECTOR('',#562,3.5E0);
#564=CARTESIAN_POINT('',(-3.477E1,-1.85E0,0.E0));
#565=LINE('',#564,#563);
#566=DIRECTION('',(0.E0,-1.E0,0.E0));
#567=VECTOR('',#566,4.1E0);
#568=CARTESIAN_POINT('',(-2.619E1,2.25E0,0.E0));
#569=LINE('',#568,#567);
#570=DIRECTION('',(1.E0,0.E0,0.E0));
#571=VECTOR('',#570,3.5E0);
#572=CARTESIAN_POINT('',(-2.969E1,2.25E0,0.E0));
#573=LINE('',#572,#571);
#574=DIRECTION('',(0.E0,-1.E0,0.E0));
#575=VECTOR('',#574,4.1E0);
#576=CARTESIAN_POINT('',(-2.969E1,2.25E0,0.E0));
#577=LINE('',#576,#575);
#578=DIRECTION('',(1.E0,0.E0,0.E0));
#579=VECTOR('',#578,3.5E0);
#580=CARTESIAN_POINT('',(-2.969E1,-1.85E0,0.E0));
#581=LINE('',#580,#579);
#582=DIRECTION('',(0.E0,-1.E0,0.E0));
#583=VECTOR('',#582,4.1E0);
#584=CARTESIAN_POINT('',(-2.111E1,2.25E0,0.E0));
#585=LINE('',#584,#583);
#586=DIRECTION('',(1.E0,0.E0,0.E0));
#587=VECTOR('',#586,3.5E0);
#588=CARTESIAN_POINT('',(-2.461E1,2.25E0,0.E0));
#589=LINE('',#588,#587);
#590=DIRECTION('',(0.E0,-1.E0,0.E0));
#591=VECTOR('',#590,4.1E0);
#592=CARTESIAN_POINT('',(-2.461E1,2.25E0,0.E0));
#593=LINE('',#592,#591);
#594=DIRECTION('',(1.E0,0.E0,0.E0));
#595=VECTOR('',#594,3.5E0);
#596=CARTESIAN_POINT('',(-2.461E1,-1.85E0,0.E0));
#597=LINE('',#596,#595);
#598=DIRECTION('',(0.E0,-1.E0,0.E0));
#599=VECTOR('',#598,4.1E0);
#600=CARTESIAN_POINT('',(-1.603E1,2.25E0,0.E0));
#601=LINE('',#600,#599);
#602=DIRECTION('',(1.E0,0.E0,0.E0));
#603=VECTOR('',#602,3.5E0);
#604=CARTESIAN_POINT('',(-1.953E1,2.25E0,0.E0));
#605=LINE('',#604,#603);
#606=DIRECTION('',(0.E0,-1.E0,0.E0));
#607=VECTOR('',#606,4.1E0);
#608=CARTESIAN_POINT('',(-1.953E1,2.25E0,0.E0));
#609=LINE('',#608,#607);
#610=DIRECTION('',(1.E0,0.E0,0.E0));
#611=VECTOR('',#610,3.5E0);
#612=CARTESIAN_POINT('',(-1.953E1,-1.85E0,0.E0));
#613=LINE('',#612,#611);
#614=DIRECTION('',(0.E0,-1.E0,0.E0));
#615=VECTOR('',#614,4.1E0);
#616=CARTESIAN_POINT('',(-1.095E1,2.25E0,0.E0));
#617=LINE('',#616,#615);
#618=DIRECTION('',(1.E0,0.E0,0.E0));
#619=VECTOR('',#618,3.5E0);
#620=CARTESIAN_POINT('',(-1.445E1,2.25E0,0.E0));
#621=LINE('',#620,#619);
#622=DIRECTION('',(0.E0,-1.E0,0.E0));
#623=VECTOR('',#622,4.1E0);
#624=CARTESIAN_POINT('',(-1.445E1,2.25E0,0.E0));
#625=LINE('',#624,#623);
#626=DIRECTION('',(1.E0,0.E0,0.E0));
#627=VECTOR('',#626,3.5E0);
#628=CARTESIAN_POINT('',(-1.445E1,-1.85E0,0.E0));
#629=LINE('',#628,#627);
#630=DIRECTION('',(0.E0,-1.E0,0.E0));
#631=VECTOR('',#630,4.1E0);
#632=CARTESIAN_POINT('',(-5.87E0,2.25E0,0.E0));
#633=LINE('',#632,#631);
#634=DIRECTION('',(1.E0,0.E0,0.E0));
#635=VECTOR('',#634,3.5E0);
#636=CARTESIAN_POINT('',(-9.37E0,2.25E0,0.E0));
#637=LINE('',#636,#635);
#638=DIRECTION('',(0.E0,-1.E0,0.E0));
#639=VECTOR('',#638,4.1E0);
#640=CARTESIAN_POINT('',(-9.37E0,2.25E0,0.E0));
#641=LINE('',#640,#639);
#642=DIRECTION('',(1.E0,0.E0,0.E0));
#643=VECTOR('',#642,3.5E0);
#644=CARTESIAN_POINT('',(-9.37E0,-1.85E0,0.E0));
#645=LINE('',#644,#643);
#646=DIRECTION('',(0.E0,-1.E0,0.E0));
#647=VECTOR('',#646,4.1E0);
#648=CARTESIAN_POINT('',(-7.9E-1,2.25E0,0.E0));
#649=LINE('',#648,#647);
#650=DIRECTION('',(1.E0,0.E0,0.E0));
#651=VECTOR('',#650,3.5E0);
#652=CARTESIAN_POINT('',(-4.29E0,2.25E0,0.E0));
#653=LINE('',#652,#651);
#654=DIRECTION('',(0.E0,-1.E0,0.E0));
#655=VECTOR('',#654,4.1E0);
#656=CARTESIAN_POINT('',(-4.29E0,2.25E0,0.E0));
#657=LINE('',#656,#655);
#658=DIRECTION('',(1.E0,0.E0,0.E0));
#659=VECTOR('',#658,3.5E0);
#660=CARTESIAN_POINT('',(-4.29E0,-1.85E0,0.E0));
#661=LINE('',#660,#659);
#662=DIRECTION('',(0.E0,-1.E0,0.E0));
#663=VECTOR('',#662,4.1E0);
#664=CARTESIAN_POINT('',(4.29E0,2.25E0,0.E0));
#665=LINE('',#664,#663);
#666=DIRECTION('',(1.E0,0.E0,0.E0));
#667=VECTOR('',#666,3.5E0);
#668=CARTESIAN_POINT('',(7.9E-1,2.25E0,0.E0));
#669=LINE('',#668,#667);
#670=DIRECTION('',(0.E0,-1.E0,0.E0));
#671=VECTOR('',#670,4.1E0);
#672=CARTESIAN_POINT('',(7.9E-1,2.25E0,0.E0));
#673=LINE('',#672,#671);
#674=DIRECTION('',(1.E0,0.E0,0.E0));
#675=VECTOR('',#674,3.5E0);
#676=CARTESIAN_POINT('',(7.9E-1,-1.85E0,0.E0));
#677=LINE('',#676,#675);
#678=DIRECTION('',(0.E0,-1.E0,0.E0));
#679=VECTOR('',#678,4.1E0);
#680=CARTESIAN_POINT('',(9.37E0,2.25E0,0.E0));
#681=LINE('',#680,#679);
#682=DIRECTION('',(1.E0,0.E0,0.E0));
#683=VECTOR('',#682,3.5E0);
#684=CARTESIAN_POINT('',(5.87E0,2.25E0,0.E0));
#685=LINE('',#684,#683);
#686=DIRECTION('',(0.E0,-1.E0,0.E0));
#687=VECTOR('',#686,4.1E0);
#688=CARTESIAN_POINT('',(5.87E0,2.25E0,0.E0));
#689=LINE('',#688,#687);
#690=DIRECTION('',(1.E0,0.E0,0.E0));
#691=VECTOR('',#690,3.5E0);
#692=CARTESIAN_POINT('',(5.87E0,-1.85E0,0.E0));
#693=LINE('',#692,#691);
#694=DIRECTION('',(0.E0,-1.E0,0.E0));
#695=VECTOR('',#694,4.1E0);
#696=CARTESIAN_POINT('',(1.445E1,2.25E0,0.E0));
#697=LINE('',#696,#695);
#698=DIRECTION('',(1.E0,0.E0,0.E0));
#699=VECTOR('',#698,3.5E0);
#700=CARTESIAN_POINT('',(1.095E1,2.25E0,0.E0));
#701=LINE('',#700,#699);
#702=DIRECTION('',(0.E0,-1.E0,0.E0));
#703=VECTOR('',#702,4.1E0);
#704=CARTESIAN_POINT('',(1.095E1,2.25E0,0.E0));
#705=LINE('',#704,#703);
#706=DIRECTION('',(1.E0,0.E0,0.E0));
#707=VECTOR('',#706,3.5E0);
#708=CARTESIAN_POINT('',(1.095E1,-1.85E0,0.E0));
#709=LINE('',#708,#707);
#710=DIRECTION('',(0.E0,-1.E0,0.E0));
#711=VECTOR('',#710,4.1E0);
#712=CARTESIAN_POINT('',(1.953E1,2.25E0,0.E0));
#713=LINE('',#712,#711);
#714=DIRECTION('',(1.E0,0.E0,0.E0));
#715=VECTOR('',#714,3.5E0);
#716=CARTESIAN_POINT('',(1.603E1,2.25E0,0.E0));
#717=LINE('',#716,#715);
#718=DIRECTION('',(0.E0,-1.E0,0.E0));
#719=VECTOR('',#718,4.1E0);
#720=CARTESIAN_POINT('',(1.603E1,2.25E0,0.E0));
#721=LINE('',#720,#719);
#722=DIRECTION('',(1.E0,0.E0,0.E0));
#723=VECTOR('',#722,3.5E0);
#724=CARTESIAN_POINT('',(1.603E1,-1.85E0,0.E0));
#725=LINE('',#724,#723);
#726=DIRECTION('',(0.E0,-1.E0,0.E0));
#727=VECTOR('',#726,4.1E0);
#728=CARTESIAN_POINT('',(2.461E1,2.25E0,0.E0));
#729=LINE('',#728,#727);
#730=DIRECTION('',(1.E0,0.E0,0.E0));
#731=VECTOR('',#730,3.5E0);
#732=CARTESIAN_POINT('',(2.111E1,2.25E0,0.E0));
#733=LINE('',#732,#731);
#734=DIRECTION('',(0.E0,-1.E0,0.E0));
#735=VECTOR('',#734,4.1E0);
#736=CARTESIAN_POINT('',(2.111E1,2.25E0,0.E0));
#737=LINE('',#736,#735);
#738=DIRECTION('',(1.E0,0.E0,0.E0));
#739=VECTOR('',#738,3.5E0);
#740=CARTESIAN_POINT('',(2.111E1,-1.85E0,0.E0));
#741=LINE('',#740,#739);
#742=DIRECTION('',(0.E0,-1.E0,0.E0));
#743=VECTOR('',#742,4.1E0);
#744=CARTESIAN_POINT('',(2.969E1,2.25E0,0.E0));
#745=LINE('',#744,#743);
#746=DIRECTION('',(1.E0,0.E0,0.E0));
#747=VECTOR('',#746,3.5E0);
#748=CARTESIAN_POINT('',(2.619E1,2.25E0,0.E0));
#749=LINE('',#748,#747);
#750=DIRECTION('',(0.E0,-1.E0,0.E0));
#751=VECTOR('',#750,4.1E0);
#752=CARTESIAN_POINT('',(2.619E1,2.25E0,0.E0));
#753=LINE('',#752,#751);
#754=DIRECTION('',(1.E0,0.E0,0.E0));
#755=VECTOR('',#754,3.5E0);
#756=CARTESIAN_POINT('',(2.619E1,-1.85E0,0.E0));
#757=LINE('',#756,#755);
#758=DIRECTION('',(0.E0,-1.E0,0.E0));
#759=VECTOR('',#758,4.1E0);
#760=CARTESIAN_POINT('',(3.477E1,2.25E0,0.E0));
#761=LINE('',#760,#759);
#762=DIRECTION('',(1.E0,0.E0,0.E0));
#763=VECTOR('',#762,3.5E0);
#764=CARTESIAN_POINT('',(3.127E1,2.25E0,0.E0));
#765=LINE('',#764,#763);
#766=DIRECTION('',(0.E0,-1.E0,0.E0));
#767=VECTOR('',#766,4.1E0);
#768=CARTESIAN_POINT('',(3.127E1,2.25E0,0.E0));
#769=LINE('',#768,#767);
#770=DIRECTION('',(1.E0,0.E0,0.E0));
#771=VECTOR('',#770,3.5E0);
#772=CARTESIAN_POINT('',(3.127E1,-1.85E0,0.E0));
#773=LINE('',#772,#771);
#774=DIRECTION('',(1.E0,0.E0,0.E0));
#775=VECTOR('',#774,7.112E1);
#776=CARTESIAN_POINT('',(-3.556E1,2.95E0,-8.E-1));
#777=LINE('',#776,#775);
#778=DIRECTION('',(1.E0,0.E0,0.E0));
#779=VECTOR('',#778,7.112E1);
#780=CARTESIAN_POINT('',(-3.556E1,7.25E0,-1.4E0));
#781=LINE('',#780,#779);
#782=DIRECTION('',(1.E0,0.E0,0.E0));
#783=VECTOR('',#782,7.112E1);
#784=CARTESIAN_POINT('',(-3.556E1,7.25E0,-6.2E0));
#785=LINE('',#784,#783);
#786=CARTESIAN_POINT('',(-3.302E1,7.25E0,-3.85E0));
#787=DIRECTION('',(0.E0,1.E0,0.E0));
#788=DIRECTION('',(1.E0,0.E0,0.E0));
#789=AXIS2_PLACEMENT_3D('',#786,#787,#788);
#791=CARTESIAN_POINT('',(-3.302E1,7.25E0,-3.85E0));
#792=DIRECTION('',(0.E0,1.E0,0.E0));
#793=DIRECTION('',(-1.E0,0.E0,0.E0));
#794=AXIS2_PLACEMENT_3D('',#791,#792,#793);
#796=CARTESIAN_POINT('',(-2.794E1,7.25E0,-3.85E0));
#797=DIRECTION('',(0.E0,1.E0,0.E0));
#798=DIRECTION('',(1.E0,0.E0,0.E0));
#799=AXIS2_PLACEMENT_3D('',#796,#797,#798);
#801=CARTESIAN_POINT('',(-2.794E1,7.25E0,-3.85E0));
#802=DIRECTION('',(0.E0,1.E0,0.E0));
#803=DIRECTION('',(-1.E0,0.E0,0.E0));
#804=AXIS2_PLACEMENT_3D('',#801,#802,#803);
#806=CARTESIAN_POINT('',(-2.286E1,7.25E0,-3.85E0));
#807=DIRECTION('',(0.E0,1.E0,0.E0));
#808=DIRECTION('',(1.E0,0.E0,0.E0));
#809=AXIS2_PLACEMENT_3D('',#806,#807,#808);
#811=CARTESIAN_POINT('',(-2.286E1,7.25E0,-3.85E0));
#812=DIRECTION('',(0.E0,1.E0,0.E0));
#813=DIRECTION('',(-1.E0,0.E0,0.E0));
#814=AXIS2_PLACEMENT_3D('',#811,#812,#813);
#816=CARTESIAN_POINT('',(-1.778E1,7.25E0,-3.85E0));
#817=DIRECTION('',(0.E0,1.E0,0.E0));
#818=DIRECTION('',(1.E0,0.E0,0.E0));
#819=AXIS2_PLACEMENT_3D('',#816,#817,#818);
#821=CARTESIAN_POINT('',(-1.778E1,7.25E0,-3.85E0));
#822=DIRECTION('',(0.E0,1.E0,0.E0));
#823=DIRECTION('',(-1.E0,0.E0,0.E0));
#824=AXIS2_PLACEMENT_3D('',#821,#822,#823);
#826=CARTESIAN_POINT('',(-1.27E1,7.25E0,-3.85E0));
#827=DIRECTION('',(0.E0,1.E0,0.E0));
#828=DIRECTION('',(1.E0,0.E0,0.E0));
#829=AXIS2_PLACEMENT_3D('',#826,#827,#828);
#831=CARTESIAN_POINT('',(-1.27E1,7.25E0,-3.85E0));
#832=DIRECTION('',(0.E0,1.E0,0.E0));
#833=DIRECTION('',(-1.E0,0.E0,0.E0));
#834=AXIS2_PLACEMENT_3D('',#831,#832,#833);
#836=CARTESIAN_POINT('',(-7.62E0,7.25E0,-3.85E0));
#837=DIRECTION('',(0.E0,1.E0,0.E0));
#838=DIRECTION('',(1.E0,0.E0,0.E0));
#839=AXIS2_PLACEMENT_3D('',#836,#837,#838);
#841=CARTESIAN_POINT('',(-7.62E0,7.25E0,-3.85E0));
#842=DIRECTION('',(0.E0,1.E0,0.E0));
#843=DIRECTION('',(-1.E0,0.E0,0.E0));
#844=AXIS2_PLACEMENT_3D('',#841,#842,#843);
#846=CARTESIAN_POINT('',(-2.54E0,7.25E0,-3.85E0));
#847=DIRECTION('',(0.E0,1.E0,0.E0));
#848=DIRECTION('',(1.E0,0.E0,0.E0));
#849=AXIS2_PLACEMENT_3D('',#846,#847,#848);
#851=CARTESIAN_POINT('',(-2.54E0,7.25E0,-3.85E0));
#852=DIRECTION('',(0.E0,1.E0,0.E0));
#853=DIRECTION('',(-1.E0,0.E0,0.E0));
#854=AXIS2_PLACEMENT_3D('',#851,#852,#853);
#856=CARTESIAN_POINT('',(2.54E0,7.25E0,-3.85E0));
#857=DIRECTION('',(0.E0,1.E0,0.E0));
#858=DIRECTION('',(1.E0,0.E0,0.E0));
#859=AXIS2_PLACEMENT_3D('',#856,#857,#858);
#861=CARTESIAN_POINT('',(2.54E0,7.25E0,-3.85E0));
#862=DIRECTION('',(0.E0,1.E0,0.E0));
#863=DIRECTION('',(-1.E0,0.E0,0.E0));
#864=AXIS2_PLACEMENT_3D('',#861,#862,#863);
#866=CARTESIAN_POINT('',(7.62E0,7.25E0,-3.85E0));
#867=DIRECTION('',(0.E0,1.E0,0.E0));
#868=DIRECTION('',(1.E0,0.E0,0.E0));
#869=AXIS2_PLACEMENT_3D('',#866,#867,#868);
#871=CARTESIAN_POINT('',(7.62E0,7.25E0,-3.85E0));
#872=DIRECTION('',(0.E0,1.E0,0.E0));
#873=DIRECTION('',(-1.E0,0.E0,0.E0));
#874=AXIS2_PLACEMENT_3D('',#871,#872,#873);
#876=CARTESIAN_POINT('',(1.27E1,7.25E0,-3.85E0));
#877=DIRECTION('',(0.E0,1.E0,0.E0));
#878=DIRECTION('',(1.E0,0.E0,0.E0));
#879=AXIS2_PLACEMENT_3D('',#876,#877,#878);
#881=CARTESIAN_POINT('',(1.27E1,7.25E0,-3.85E0));
#882=DIRECTION('',(0.E0,1.E0,0.E0));
#883=DIRECTION('',(-1.E0,0.E0,0.E0));
#884=AXIS2_PLACEMENT_3D('',#881,#882,#883);
#886=CARTESIAN_POINT('',(1.778E1,7.25E0,-3.85E0));
#887=DIRECTION('',(0.E0,1.E0,0.E0));
#888=DIRECTION('',(1.E0,0.E0,0.E0));
#889=AXIS2_PLACEMENT_3D('',#886,#887,#888);
#891=CARTESIAN_POINT('',(1.778E1,7.25E0,-3.85E0));
#892=DIRECTION('',(0.E0,1.E0,0.E0));
#893=DIRECTION('',(-1.E0,0.E0,0.E0));
#894=AXIS2_PLACEMENT_3D('',#891,#892,#893);
#896=CARTESIAN_POINT('',(2.286E1,7.25E0,-3.85E0));
#897=DIRECTION('',(0.E0,1.E0,0.E0));
#898=DIRECTION('',(1.E0,0.E0,0.E0));
#899=AXIS2_PLACEMENT_3D('',#896,#897,#898);
#901=CARTESIAN_POINT('',(2.286E1,7.25E0,-3.85E0));
#902=DIRECTION('',(0.E0,1.E0,0.E0));
#903=DIRECTION('',(-1.E0,0.E0,0.E0));
#904=AXIS2_PLACEMENT_3D('',#901,#902,#903);
#906=CARTESIAN_POINT('',(2.794E1,7.25E0,-3.85E0));
#907=DIRECTION('',(0.E0,1.E0,0.E0));
#908=DIRECTION('',(1.E0,0.E0,0.E0));
#909=AXIS2_PLACEMENT_3D('',#906,#907,#908);
#911=CARTESIAN_POINT('',(2.794E1,7.25E0,-3.85E0));
#912=DIRECTION('',(0.E0,1.E0,0.E0));
#913=DIRECTION('',(-1.E0,0.E0,0.E0));
#914=AXIS2_PLACEMENT_3D('',#911,#912,#913);
#916=CARTESIAN_POINT('',(3.302E1,7.25E0,-3.85E0));
#917=DIRECTION('',(0.E0,1.E0,0.E0));
#918=DIRECTION('',(1.E0,0.E0,0.E0));
#919=AXIS2_PLACEMENT_3D('',#916,#917,#918);
#921=CARTESIAN_POINT('',(3.302E1,7.25E0,-3.85E0));
#922=DIRECTION('',(0.E0,1.E0,0.E0));
#923=DIRECTION('',(-1.E0,0.E0,0.E0));
#924=AXIS2_PLACEMENT_3D('',#921,#922,#923);
#926=CARTESIAN_POINT('',(-3.048E1,7.25E0,-5.2E0));
#927=DIRECTION('',(0.E0,1.E0,0.E0));
#928=DIRECTION('',(1.E0,0.E0,0.E0));
#929=AXIS2_PLACEMENT_3D('',#926,#927,#928);
#931=CARTESIAN_POINT('',(-3.048E1,7.25E0,-5.2E0));
#932=DIRECTION('',(0.E0,1.E0,0.E0));
#933=DIRECTION('',(-1.E0,0.E0,0.E0));
#934=AXIS2_PLACEMENT_3D('',#931,#932,#933);
#936=CARTESIAN_POINT('',(-2.54E1,7.25E0,-5.2E0));
#937=DIRECTION('',(0.E0,1.E0,0.E0));
#938=DIRECTION('',(1.E0,0.E0,0.E0));
#939=AXIS2_PLACEMENT_3D('',#936,#937,#938);
#941=CARTESIAN_POINT('',(-2.54E1,7.25E0,-5.2E0));
#942=DIRECTION('',(0.E0,1.E0,0.E0));
#943=DIRECTION('',(-1.E0,0.E0,0.E0));
#944=AXIS2_PLACEMENT_3D('',#941,#942,#943);
#946=CARTESIAN_POINT('',(-2.032E1,7.25E0,-5.2E0));
#947=DIRECTION('',(0.E0,1.E0,0.E0));
#948=DIRECTION('',(1.E0,0.E0,0.E0));
#949=AXIS2_PLACEMENT_3D('',#946,#947,#948);
#951=CARTESIAN_POINT('',(-2.032E1,7.25E0,-5.2E0));
#952=DIRECTION('',(0.E0,1.E0,0.E0));
#953=DIRECTION('',(-1.E0,0.E0,0.E0));
#954=AXIS2_PLACEMENT_3D('',#951,#952,#953);
#956=CARTESIAN_POINT('',(-1.524E1,7.25E0,-5.2E0));
#957=DIRECTION('',(0.E0,1.E0,0.E0));
#958=DIRECTION('',(1.E0,0.E0,0.E0));
#959=AXIS2_PLACEMENT_3D('',#956,#957,#958);
#961=CARTESIAN_POINT('',(-1.524E1,7.25E0,-5.2E0));
#962=DIRECTION('',(0.E0,1.E0,0.E0));
#963=DIRECTION('',(-1.E0,0.E0,0.E0));
#964=AXIS2_PLACEMENT_3D('',#961,#962,#963);
#966=CARTESIAN_POINT('',(-1.016E1,7.25E0,-5.2E0));
#967=DIRECTION('',(0.E0,1.E0,0.E0));
#968=DIRECTION('',(1.E0,0.E0,0.E0));
#969=AXIS2_PLACEMENT_3D('',#966,#967,#968);
#971=CARTESIAN_POINT('',(-1.016E1,7.25E0,-5.2E0));
#972=DIRECTION('',(0.E0,1.E0,0.E0));
#973=DIRECTION('',(-1.E0,0.E0,0.E0));
#974=AXIS2_PLACEMENT_3D('',#971,#972,#973);
#976=CARTESIAN_POINT('',(-5.08E0,7.25E0,-5.2E0));
#977=DIRECTION('',(0.E0,1.E0,0.E0));
#978=DIRECTION('',(1.E0,0.E0,0.E0));
#979=AXIS2_PLACEMENT_3D('',#976,#977,#978);
#981=CARTESIAN_POINT('',(-5.08E0,7.25E0,-5.2E0));
#982=DIRECTION('',(0.E0,1.E0,0.E0));
#983=DIRECTION('',(-1.E0,0.E0,0.E0));
#984=AXIS2_PLACEMENT_3D('',#981,#982,#983);
#986=CARTESIAN_POINT('',(0.E0,7.25E0,-5.2E0));
#987=DIRECTION('',(0.E0,1.E0,0.E0));
#988=DIRECTION('',(1.E0,0.E0,0.E0));
#989=AXIS2_PLACEMENT_3D('',#986,#987,#988);
#991=CARTESIAN_POINT('',(0.E0,7.25E0,-5.2E0));
#992=DIRECTION('',(0.E0,1.E0,0.E0));
#993=DIRECTION('',(-1.E0,0.E0,0.E0));
#994=AXIS2_PLACEMENT_3D('',#991,#992,#993);
#996=CARTESIAN_POINT('',(5.08E0,7.25E0,-5.2E0));
#997=DIRECTION('',(0.E0,1.E0,0.E0));
#998=DIRECTION('',(1.E0,0.E0,0.E0));
#999=AXIS2_PLACEMENT_3D('',#996,#997,#998);
#1001=CARTESIAN_POINT('',(5.08E0,7.25E0,-5.2E0));
#1002=DIRECTION('',(0.E0,1.E0,0.E0));
#1003=DIRECTION('',(-1.E0,0.E0,0.E0));
#1004=AXIS2_PLACEMENT_3D('',#1001,#1002,#1003);
#1006=CARTESIAN_POINT('',(1.016E1,7.25E0,-5.2E0));
#1007=DIRECTION('',(0.E0,1.E0,0.E0));
#1008=DIRECTION('',(1.E0,0.E0,0.E0));
#1009=AXIS2_PLACEMENT_3D('',#1006,#1007,#1008);
#1011=CARTESIAN_POINT('',(1.016E1,7.25E0,-5.2E0));
#1012=DIRECTION('',(0.E0,1.E0,0.E0));
#1013=DIRECTION('',(-1.E0,0.E0,0.E0));
#1014=AXIS2_PLACEMENT_3D('',#1011,#1012,#1013);
#1016=CARTESIAN_POINT('',(1.524E1,7.25E0,-5.2E0));
#1017=DIRECTION('',(0.E0,1.E0,0.E0));
#1018=DIRECTION('',(1.E0,0.E0,0.E0));
#1019=AXIS2_PLACEMENT_3D('',#1016,#1017,#1018);
#1021=CARTESIAN_POINT('',(1.524E1,7.25E0,-5.2E0));
#1022=DIRECTION('',(0.E0,1.E0,0.E0));
#1023=DIRECTION('',(-1.E0,0.E0,0.E0));
#1024=AXIS2_PLACEMENT_3D('',#1021,#1022,#1023);
#1026=CARTESIAN_POINT('',(2.032E1,7.25E0,-5.2E0));
#1027=DIRECTION('',(0.E0,1.E0,0.E0));
#1028=DIRECTION('',(1.E0,0.E0,0.E0));
#1029=AXIS2_PLACEMENT_3D('',#1026,#1027,#1028);
#1031=CARTESIAN_POINT('',(2.032E1,7.25E0,-5.2E0));
#1032=DIRECTION('',(0.E0,1.E0,0.E0));
#1033=DIRECTION('',(-1.E0,0.E0,0.E0));
#1034=AXIS2_PLACEMENT_3D('',#1031,#1032,#1033);
#1036=CARTESIAN_POINT('',(2.54E1,7.25E0,-5.2E0));
#1037=DIRECTION('',(0.E0,1.E0,0.E0));
#1038=DIRECTION('',(1.E0,0.E0,0.E0));
#1039=AXIS2_PLACEMENT_3D('',#1036,#1037,#1038);
#1041=CARTESIAN_POINT('',(2.54E1,7.25E0,-5.2E0));
#1042=DIRECTION('',(0.E0,1.E0,0.E0));
#1043=DIRECTION('',(-1.E0,0.E0,0.E0));
#1044=AXIS2_PLACEMENT_3D('',#1041,#1042,#1043);
#1046=CARTESIAN_POINT('',(3.048E1,7.25E0,-5.2E0));
#1047=DIRECTION('',(0.E0,1.E0,0.E0));
#1048=DIRECTION('',(1.E0,0.E0,0.E0));
#1049=AXIS2_PLACEMENT_3D('',#1046,#1047,#1048);
#1051=CARTESIAN_POINT('',(3.048E1,7.25E0,-5.2E0));
#1052=DIRECTION('',(0.E0,1.E0,0.E0));
#1053=DIRECTION('',(-1.E0,0.E0,0.E0));
#1054=AXIS2_PLACEMENT_3D('',#1051,#1052,#1053);
#1056=DIRECTION('',(0.E0,9.686638660440E-1,2.483753502677E-1));
#1057=VECTOR('',#1056,3.220931542272E0);
#1058=CARTESIAN_POINT('',(3.207E1,-5.5E-1,-8.2E0));
#1059=LINE('',#1058,#1057);
#1060=DIRECTION('',(-1.E0,0.E0,0.E0));
#1061=VECTOR('',#1060,1.9E0);
#1062=CARTESIAN_POINT('',(3.397E1,2.57E0,-7.4E0));
#1063=LINE('',#1062,#1061);
#1064=DIRECTION('',(0.E0,9.686638660440E-1,2.483753502677E-1));
#1065=VECTOR('',#1064,3.220931542272E0);
#1066=CARTESIAN_POINT('',(3.397E1,-5.5E-1,-8.2E0));
#1067=LINE('',#1066,#1065);
#1068=DIRECTION('',(1.E0,0.E0,0.E0));
#1069=VECTOR('',#1068,1.59E0);
#1070=CARTESIAN_POINT('',(3.397E1,-5.5E-1,-8.2E0));
#1071=LINE('',#1070,#1069);
#1072=DIRECTION('',(1.E0,0.E0,0.E0));
#1073=VECTOR('',#1072,1.59E0);
#1074=CARTESIAN_POINT('',(-3.556E1,-5.5E-1,-8.2E0));
#1075=LINE('',#1074,#1073);
#1076=DIRECTION('',(0.E0,9.686638660440E-1,2.483753502677E-1));
#1077=VECTOR('',#1076,3.220931542272E0);
#1078=CARTESIAN_POINT('',(-3.397E1,-5.5E-1,-8.2E0));
#1079=LINE('',#1078,#1077);
#1080=DIRECTION('',(-1.E0,0.E0,0.E0));
#1081=VECTOR('',#1080,1.9E0);
#1082=CARTESIAN_POINT('',(-3.207E1,2.57E0,-7.4E0));
#1083=LINE('',#1082,#1081);
#1084=DIRECTION('',(0.E0,9.686638660440E-1,2.483753502677E-1));
#1085=VECTOR('',#1084,3.220931542272E0);
#1086=CARTESIAN_POINT('',(-3.207E1,-5.5E-1,-8.2E0));
#1087=LINE('',#1086,#1085);
#1088=DIRECTION('',(1.E0,0.E0,0.E0));
#1089=VECTOR('',#1088,3.18E0);
#1090=CARTESIAN_POINT('',(-3.207E1,-5.5E-1,-8.2E0));
#1091=LINE('',#1090,#1089);
#1092=DIRECTION('',(0.E0,9.686638660440E-1,2.483753502677E-1));
#1093=VECTOR('',#1092,3.220931542272E0);
#1094=CARTESIAN_POINT('',(-2.889E1,-5.5E-1,-8.2E0));
#1095=LINE('',#1094,#1093);
#1096=DIRECTION('',(-1.E0,0.E0,0.E0));
#1097=VECTOR('',#1096,1.9E0);
#1098=CARTESIAN_POINT('',(-2.699E1,2.57E0,-7.4E0));
#1099=LINE('',#1098,#1097);
#1100=DIRECTION('',(0.E0,9.686638660440E-1,2.483753502677E-1));
#1101=VECTOR('',#1100,3.220931542272E0);
#1102=CARTESIAN_POINT('',(-2.699E1,-5.5E-1,-8.2E0));
#1103=LINE('',#1102,#1101);
#1104=DIRECTION('',(1.E0,0.E0,0.E0));
#1105=VECTOR('',#1104,3.18E0);
#1106=CARTESIAN_POINT('',(-2.699E1,-5.5E-1,-8.2E0));
#1107=LINE('',#1106,#1105);
#1108=DIRECTION('',(0.E0,9.686638660440E-1,2.483753502677E-1));
#1109=VECTOR('',#1108,3.220931542272E0);
#1110=CARTESIAN_POINT('',(-2.381E1,-5.5E-1,-8.2E0));
#1111=LINE('',#1110,#1109);
#1112=DIRECTION('',(-1.E0,0.E0,0.E0));
#1113=VECTOR('',#1112,1.9E0);
#1114=CARTESIAN_POINT('',(-2.191E1,2.57E0,-7.4E0));
#1115=LINE('',#1114,#1113);
#1116=DIRECTION('',(0.E0,9.686638660440E-1,2.483753502677E-1));
#1117=VECTOR('',#1116,3.220931542272E0);
#1118=CARTESIAN_POINT('',(-2.191E1,-5.5E-1,-8.2E0));
#1119=LINE('',#1118,#1117);
#1120=DIRECTION('',(1.E0,0.E0,0.E0));
#1121=VECTOR('',#1120,3.18E0);
#1122=CARTESIAN_POINT('',(-2.191E1,-5.5E-1,-8.2E0));
#1123=LINE('',#1122,#1121);
#1124=DIRECTION('',(0.E0,9.686638660440E-1,2.483753502677E-1));
#1125=VECTOR('',#1124,3.220931542272E0);
#1126=CARTESIAN_POINT('',(-1.873E1,-5.5E-1,-8.2E0));
#1127=LINE('',#1126,#1125);
#1128=DIRECTION('',(-1.E0,0.E0,0.E0));
#1129=VECTOR('',#1128,1.9E0);
#1130=CARTESIAN_POINT('',(-1.683E1,2.57E0,-7.4E0));
#1131=LINE('',#1130,#1129);
#1132=DIRECTION('',(0.E0,9.686638660440E-1,2.483753502677E-1));
#1133=VECTOR('',#1132,3.220931542272E0);
#1134=CARTESIAN_POINT('',(-1.683E1,-5.5E-1,-8.2E0));
#1135=LINE('',#1134,#1133);
#1136=DIRECTION('',(1.E0,0.E0,0.E0));
#1137=VECTOR('',#1136,3.18E0);
#1138=CARTESIAN_POINT('',(-1.683E1,-5.5E-1,-8.2E0));
#1139=LINE('',#1138,#1137);
#1140=DIRECTION('',(0.E0,9.686638660440E-1,2.483753502677E-1));
#1141=VECTOR('',#1140,3.220931542272E0);
#1142=CARTESIAN_POINT('',(-1.365E1,-5.5E-1,-8.2E0));
#1143=LINE('',#1142,#1141);
#1144=DIRECTION('',(-1.E0,0.E0,0.E0));
#1145=VECTOR('',#1144,1.9E0);
#1146=CARTESIAN_POINT('',(-1.175E1,2.57E0,-7.4E0));
#1147=LINE('',#1146,#1145);
#1148=DIRECTION('',(0.E0,9.686638660440E-1,2.483753502677E-1));
#1149=VECTOR('',#1148,3.220931542272E0);
#1150=CARTESIAN_POINT('',(-1.175E1,-5.5E-1,-8.2E0));
#1151=LINE('',#1150,#1149);
#1152=DIRECTION('',(1.E0,0.E0,0.E0));
#1153=VECTOR('',#1152,3.18E0);
#1154=CARTESIAN_POINT('',(-1.175E1,-5.5E-1,-8.2E0));
#1155=LINE('',#1154,#1153);
#1156=DIRECTION('',(0.E0,9.686638660440E-1,2.483753502677E-1));
#1157=VECTOR('',#1156,3.220931542272E0);
#1158=CARTESIAN_POINT('',(-8.57E0,-5.5E-1,-8.2E0));
#1159=LINE('',#1158,#1157);
#1160=DIRECTION('',(-1.E0,0.E0,0.E0));
#1161=VECTOR('',#1160,1.9E0);
#1162=CARTESIAN_POINT('',(-6.67E0,2.57E0,-7.4E0));
#1163=LINE('',#1162,#1161);
#1164=DIRECTION('',(0.E0,9.686638660440E-1,2.483753502677E-1));
#1165=VECTOR('',#1164,3.220931542272E0);
#1166=CARTESIAN_POINT('',(-6.67E0,-5.5E-1,-8.2E0));
#1167=LINE('',#1166,#1165);
#1168=DIRECTION('',(1.E0,0.E0,0.E0));
#1169=VECTOR('',#1168,3.18E0);
#1170=CARTESIAN_POINT('',(-6.67E0,-5.5E-1,-8.2E0));
#1171=LINE('',#1170,#1169);
#1172=DIRECTION('',(0.E0,9.686638660440E-1,2.483753502677E-1));
#1173=VECTOR('',#1172,3.220931542272E0);
#1174=CARTESIAN_POINT('',(-3.49E0,-5.5E-1,-8.2E0));
#1175=LINE('',#1174,#1173);
#1176=DIRECTION('',(-1.E0,0.E0,0.E0));
#1177=VECTOR('',#1176,1.9E0);
#1178=CARTESIAN_POINT('',(-1.59E0,2.57E0,-7.4E0));
#1179=LINE('',#1178,#1177);
#1180=DIRECTION('',(0.E0,9.686638660440E-1,2.483753502677E-1));
#1181=VECTOR('',#1180,3.220931542272E0);
#1182=CARTESIAN_POINT('',(-1.59E0,-5.5E-1,-8.2E0));
#1183=LINE('',#1182,#1181);
#1184=DIRECTION('',(1.E0,0.E0,0.E0));
#1185=VECTOR('',#1184,3.18E0);
#1186=CARTESIAN_POINT('',(-1.59E0,-5.5E-1,-8.2E0));
#1187=LINE('',#1186,#1185);
#1188=DIRECTION('',(0.E0,9.686638660440E-1,2.483753502677E-1));
#1189=VECTOR('',#1188,3.220931542272E0);
#1190=CARTESIAN_POINT('',(1.59E0,-5.5E-1,-8.2E0));
#1191=LINE('',#1190,#1189);
#1192=DIRECTION('',(-1.E0,0.E0,0.E0));
#1193=VECTOR('',#1192,1.9E0);
#1194=CARTESIAN_POINT('',(3.49E0,2.57E0,-7.4E0));
#1195=LINE('',#1194,#1193);
#1196=DIRECTION('',(0.E0,9.686638660440E-1,2.483753502677E-1));
#1197=VECTOR('',#1196,3.220931542272E0);
#1198=CARTESIAN_POINT('',(3.49E0,-5.5E-1,-8.2E0));
#1199=LINE('',#1198,#1197);
#1200=DIRECTION('',(1.E0,0.E0,0.E0));
#1201=VECTOR('',#1200,3.18E0);
#1202=CARTESIAN_POINT('',(3.49E0,-5.5E-1,-8.2E0));
#1203=LINE('',#1202,#1201);
#1204=DIRECTION('',(0.E0,9.686638660440E-1,2.483753502677E-1));
#1205=VECTOR('',#1204,3.220931542272E0);
#1206=CARTESIAN_POINT('',(6.67E0,-5.5E-1,-8.2E0));
#1207=LINE('',#1206,#1205);
#1208=DIRECTION('',(-1.E0,0.E0,0.E0));
#1209=VECTOR('',#1208,1.9E0);
#1210=CARTESIAN_POINT('',(8.57E0,2.57E0,-7.4E0));
#1211=LINE('',#1210,#1209);
#1212=DIRECTION('',(0.E0,9.686638660440E-1,2.483753502677E-1));
#1213=VECTOR('',#1212,3.220931542272E0);
#1214=CARTESIAN_POINT('',(8.57E0,-5.5E-1,-8.2E0));
#1215=LINE('',#1214,#1213);
#1216=DIRECTION('',(1.E0,0.E0,0.E0));
#1217=VECTOR('',#1216,3.18E0);
#1218=CARTESIAN_POINT('',(8.57E0,-5.5E-1,-8.2E0));
#1219=LINE('',#1218,#1217);
#1220=DIRECTION('',(0.E0,9.686638660440E-1,2.483753502677E-1));
#1221=VECTOR('',#1220,3.220931542272E0);
#1222=CARTESIAN_POINT('',(1.175E1,-5.5E-1,-8.2E0));
#1223=LINE('',#1222,#1221);
#1224=DIRECTION('',(-1.E0,0.E0,0.E0));
#1225=VECTOR('',#1224,1.9E0);
#1226=CARTESIAN_POINT('',(1.365E1,2.57E0,-7.4E0));
#1227=LINE('',#1226,#1225);
#1228=DIRECTION('',(0.E0,9.686638660440E-1,2.483753502677E-1));
#1229=VECTOR('',#1228,3.220931542272E0);
#1230=CARTESIAN_POINT('',(1.365E1,-5.5E-1,-8.2E0));
#1231=LINE('',#1230,#1229);
#1232=DIRECTION('',(1.E0,0.E0,0.E0));
#1233=VECTOR('',#1232,3.18E0);
#1234=CARTESIAN_POINT('',(1.365E1,-5.5E-1,-8.2E0));
#1235=LINE('',#1234,#1233);
#1236=DIRECTION('',(0.E0,9.686638660440E-1,2.483753502677E-1));
#1237=VECTOR('',#1236,3.220931542272E0);
#1238=CARTESIAN_POINT('',(1.683E1,-5.5E-1,-8.2E0));
#1239=LINE('',#1238,#1237);
#1240=DIRECTION('',(-1.E0,0.E0,0.E0));
#1241=VECTOR('',#1240,1.9E0);
#1242=CARTESIAN_POINT('',(1.873E1,2.57E0,-7.4E0));
#1243=LINE('',#1242,#1241);
#1244=DIRECTION('',(0.E0,9.686638660440E-1,2.483753502677E-1));
#1245=VECTOR('',#1244,3.220931542272E0);
#1246=CARTESIAN_POINT('',(1.873E1,-5.5E-1,-8.2E0));
#1247=LINE('',#1246,#1245);
#1248=DIRECTION('',(1.E0,0.E0,0.E0));
#1249=VECTOR('',#1248,3.18E0);
#1250=CARTESIAN_POINT('',(1.873E1,-5.5E-1,-8.2E0));
#1251=LINE('',#1250,#1249);
#1252=DIRECTION('',(0.E0,9.686638660440E-1,2.483753502677E-1));
#1253=VECTOR('',#1252,3.220931542272E0);
#1254=CARTESIAN_POINT('',(2.191E1,-5.5E-1,-8.2E0));
#1255=LINE('',#1254,#1253);
#1256=DIRECTION('',(-1.E0,0.E0,0.E0));
#1257=VECTOR('',#1256,1.9E0);
#1258=CARTESIAN_POINT('',(2.381E1,2.57E0,-7.4E0));
#1259=LINE('',#1258,#1257);
#1260=DIRECTION('',(0.E0,9.686638660440E-1,2.483753502677E-1));
#1261=VECTOR('',#1260,3.220931542272E0);
#1262=CARTESIAN_POINT('',(2.381E1,-5.5E-1,-8.2E0));
#1263=LINE('',#1262,#1261);
#1264=DIRECTION('',(1.E0,0.E0,0.E0));
#1265=VECTOR('',#1264,3.18E0);
#1266=CARTESIAN_POINT('',(2.381E1,-5.5E-1,-8.2E0));
#1267=LINE('',#1266,#1265);
#1268=DIRECTION('',(0.E0,9.686638660440E-1,2.483753502677E-1));
#1269=VECTOR('',#1268,3.220931542272E0);
#1270=CARTESIAN_POINT('',(2.699E1,-5.5E-1,-8.2E0));
#1271=LINE('',#1270,#1269);
#1272=DIRECTION('',(-1.E0,0.E0,0.E0));
#1273=VECTOR('',#1272,1.9E0);
#1274=CARTESIAN_POINT('',(2.889E1,2.57E0,-7.4E0));
#1275=LINE('',#1274,#1273);
#1276=DIRECTION('',(0.E0,9.686638660440E-1,2.483753502677E-1));
#1277=VECTOR('',#1276,3.220931542272E0);
#1278=CARTESIAN_POINT('',(2.889E1,-5.5E-1,-8.2E0));
#1279=LINE('',#1278,#1277);
#1280=DIRECTION('',(1.E0,0.E0,0.E0));
#1281=VECTOR('',#1280,3.18E0);
#1282=CARTESIAN_POINT('',(2.889E1,-5.5E-1,-8.2E0));
#1283=LINE('',#1282,#1281);
#1284=DIRECTION('',(0.E0,9.713990064968E-1,2.374530904770E-1));
#1285=VECTOR('',#1284,9.264987857520E-1);
#1286=CARTESIAN_POINT('',(3.207E1,-1.55E0,-8.2E0));
#1287=LINE('',#1286,#1285);
#1288=DIRECTION('',(0.E0,0.E0,1.E0));
#1289=VECTOR('',#1288,6.8E-1);
#1290=CARTESIAN_POINT('',(3.207E1,-6.5E-1,-7.98E0));
#1291=LINE('',#1290,#1289);
#1292=DIRECTION('',(0.E0,1.E0,0.E0));
#1293=VECTOR('',#1292,1.7E0);
#1294=CARTESIAN_POINT('',(3.207E1,-6.5E-1,-7.3E0));
#1295=LINE('',#1294,#1293);
#1296=DIRECTION('',(0.E0,0.E0,-1.E0));
#1297=VECTOR('',#1296,1.E-1);
#1298=CARTESIAN_POINT('',(3.207E1,1.05E0,-7.3E0));
#1299=LINE('',#1298,#1297);
#1300=DIRECTION('',(0.E0,1.E0,0.E0));
#1301=VECTOR('',#1300,1.52E0);
#1302=CARTESIAN_POINT('',(3.207E1,1.05E0,-7.4E0));
#1303=LINE('',#1302,#1301);
#1304=DIRECTION('',(0.E0,-1.E0,0.E0));
#1305=VECTOR('',#1304,1.E0);
#1306=CARTESIAN_POINT('',(3.207E1,-5.5E-1,-8.2E0));
#1307=LINE('',#1306,#1305);
#1308=DIRECTION('',(0.E0,-1.E0,0.E0));
#1309=VECTOR('',#1308,1.E0);
#1310=CARTESIAN_POINT('',(2.889E1,-5.5E-1,-8.2E0));
#1311=LINE('',#1310,#1309);
#1312=DIRECTION('',(-1.E0,0.E0,0.E0));
#1313=VECTOR('',#1312,1.9E0);
#1314=CARTESIAN_POINT('',(2.889E1,-1.55E0,-8.2E0));
#1315=LINE('',#1314,#1313);
#1316=DIRECTION('',(0.E0,-1.E0,0.E0));
#1317=VECTOR('',#1316,1.E0);
#1318=CARTESIAN_POINT('',(2.699E1,-5.5E-1,-8.2E0));
#1319=LINE('',#1318,#1317);
#1320=DIRECTION('',(0.E0,-1.E0,0.E0));
#1321=VECTOR('',#1320,1.E0);
#1322=CARTESIAN_POINT('',(2.381E1,-5.5E-1,-8.2E0));
#1323=LINE('',#1322,#1321);
#1324=DIRECTION('',(-1.E0,0.E0,0.E0));
#1325=VECTOR('',#1324,1.9E0);
#1326=CARTESIAN_POINT('',(2.381E1,-1.55E0,-8.2E0));
#1327=LINE('',#1326,#1325);
#1328=DIRECTION('',(0.E0,-1.E0,0.E0));
#1329=VECTOR('',#1328,1.E0);
#1330=CARTESIAN_POINT('',(2.191E1,-5.5E-1,-8.2E0));
#1331=LINE('',#1330,#1329);
#1332=DIRECTION('',(0.E0,-1.E0,0.E0));
#1333=VECTOR('',#1332,1.E0);
#1334=CARTESIAN_POINT('',(1.873E1,-5.5E-1,-8.2E0));
#1335=LINE('',#1334,#1333);
#1336=DIRECTION('',(-1.E0,0.E0,0.E0));
#1337=VECTOR('',#1336,1.9E0);
#1338=CARTESIAN_POINT('',(1.873E1,-1.55E0,-8.2E0));
#1339=LINE('',#1338,#1337);
#1340=DIRECTION('',(0.E0,-1.E0,0.E0));
#1341=VECTOR('',#1340,1.E0);
#1342=CARTESIAN_POINT('',(1.683E1,-5.5E-1,-8.2E0));
#1343=LINE('',#1342,#1341);
#1344=DIRECTION('',(0.E0,-1.E0,0.E0));
#1345=VECTOR('',#1344,1.E0);
#1346=CARTESIAN_POINT('',(1.365E1,-5.5E-1,-8.2E0));
#1347=LINE('',#1346,#1345);
#1348=DIRECTION('',(-1.E0,0.E0,0.E0));
#1349=VECTOR('',#1348,1.9E0);
#1350=CARTESIAN_POINT('',(1.365E1,-1.55E0,-8.2E0));
#1351=LINE('',#1350,#1349);
#1352=DIRECTION('',(0.E0,-1.E0,0.E0));
#1353=VECTOR('',#1352,1.E0);
#1354=CARTESIAN_POINT('',(1.175E1,-5.5E-1,-8.2E0));
#1355=LINE('',#1354,#1353);
#1356=DIRECTION('',(0.E0,-1.E0,0.E0));
#1357=VECTOR('',#1356,1.E0);
#1358=CARTESIAN_POINT('',(8.57E0,-5.5E-1,-8.2E0));
#1359=LINE('',#1358,#1357);
#1360=DIRECTION('',(-1.E0,0.E0,0.E0));
#1361=VECTOR('',#1360,1.9E0);
#1362=CARTESIAN_POINT('',(8.57E0,-1.55E0,-8.2E0));
#1363=LINE('',#1362,#1361);
#1364=DIRECTION('',(0.E0,-1.E0,0.E0));
#1365=VECTOR('',#1364,1.E0);
#1366=CARTESIAN_POINT('',(6.67E0,-5.5E-1,-8.2E0));
#1367=LINE('',#1366,#1365);
#1368=DIRECTION('',(0.E0,-1.E0,0.E0));
#1369=VECTOR('',#1368,1.E0);
#1370=CARTESIAN_POINT('',(3.49E0,-5.5E-1,-8.2E0));
#1371=LINE('',#1370,#1369);
#1372=DIRECTION('',(-1.E0,0.E0,0.E0));
#1373=VECTOR('',#1372,1.9E0);
#1374=CARTESIAN_POINT('',(3.49E0,-1.55E0,-8.2E0));
#1375=LINE('',#1374,#1373);
#1376=DIRECTION('',(0.E0,-1.E0,0.E0));
#1377=VECTOR('',#1376,1.E0);
#1378=CARTESIAN_POINT('',(1.59E0,-5.5E-1,-8.2E0));
#1379=LINE('',#1378,#1377);
#1380=DIRECTION('',(0.E0,-1.E0,0.E0));
#1381=VECTOR('',#1380,1.E0);
#1382=CARTESIAN_POINT('',(-1.59E0,-5.5E-1,-8.2E0));
#1383=LINE('',#1382,#1381);
#1384=DIRECTION('',(-1.E0,0.E0,0.E0));
#1385=VECTOR('',#1384,1.9E0);
#1386=CARTESIAN_POINT('',(-1.59E0,-1.55E0,-8.2E0));
#1387=LINE('',#1386,#1385);
#1388=DIRECTION('',(0.E0,-1.E0,0.E0));
#1389=VECTOR('',#1388,1.E0);
#1390=CARTESIAN_POINT('',(-3.49E0,-5.5E-1,-8.2E0));
#1391=LINE('',#1390,#1389);
#1392=DIRECTION('',(0.E0,-1.E0,0.E0));
#1393=VECTOR('',#1392,1.E0);
#1394=CARTESIAN_POINT('',(-6.67E0,-5.5E-1,-8.2E0));
#1395=LINE('',#1394,#1393);
#1396=DIRECTION('',(-1.E0,0.E0,0.E0));
#1397=VECTOR('',#1396,1.9E0);
#1398=CARTESIAN_POINT('',(-6.67E0,-1.55E0,-8.2E0));
#1399=LINE('',#1398,#1397);
#1400=DIRECTION('',(0.E0,-1.E0,0.E0));
#1401=VECTOR('',#1400,1.E0);
#1402=CARTESIAN_POINT('',(-8.57E0,-5.5E-1,-8.2E0));
#1403=LINE('',#1402,#1401);
#1404=DIRECTION('',(0.E0,-1.E0,0.E0));
#1405=VECTOR('',#1404,1.E0);
#1406=CARTESIAN_POINT('',(-1.175E1,-5.5E-1,-8.2E0));
#1407=LINE('',#1406,#1405);
#1408=DIRECTION('',(-1.E0,0.E0,0.E0));
#1409=VECTOR('',#1408,1.9E0);
#1410=CARTESIAN_POINT('',(-1.175E1,-1.55E0,-8.2E0));
#1411=LINE('',#1410,#1409);
#1412=DIRECTION('',(0.E0,-1.E0,0.E0));
#1413=VECTOR('',#1412,1.E0);
#1414=CARTESIAN_POINT('',(-1.365E1,-5.5E-1,-8.2E0));
#1415=LINE('',#1414,#1413);
#1416=DIRECTION('',(0.E0,-1.E0,0.E0));
#1417=VECTOR('',#1416,1.E0);
#1418=CARTESIAN_POINT('',(-1.683E1,-5.5E-1,-8.2E0));
#1419=LINE('',#1418,#1417);
#1420=DIRECTION('',(-1.E0,0.E0,0.E0));
#1421=VECTOR('',#1420,1.9E0);
#1422=CARTESIAN_POINT('',(-1.683E1,-1.55E0,-8.2E0));
#1423=LINE('',#1422,#1421);
#1424=DIRECTION('',(0.E0,-1.E0,0.E0));
#1425=VECTOR('',#1424,1.E0);
#1426=CARTESIAN_POINT('',(-1.873E1,-5.5E-1,-8.2E0));
#1427=LINE('',#1426,#1425);
#1428=DIRECTION('',(0.E0,-1.E0,0.E0));
#1429=VECTOR('',#1428,1.E0);
#1430=CARTESIAN_POINT('',(-2.191E1,-5.5E-1,-8.2E0));
#1431=LINE('',#1430,#1429);
#1432=DIRECTION('',(-1.E0,0.E0,0.E0));
#1433=VECTOR('',#1432,1.9E0);
#1434=CARTESIAN_POINT('',(-2.191E1,-1.55E0,-8.2E0));
#1435=LINE('',#1434,#1433);
#1436=DIRECTION('',(0.E0,-1.E0,0.E0));
#1437=VECTOR('',#1436,1.E0);
#1438=CARTESIAN_POINT('',(-2.381E1,-5.5E-1,-8.2E0));
#1439=LINE('',#1438,#1437);
#1440=DIRECTION('',(0.E0,-1.E0,0.E0));
#1441=VECTOR('',#1440,1.E0);
#1442=CARTESIAN_POINT('',(-2.699E1,-5.5E-1,-8.2E0));
#1443=LINE('',#1442,#1441);
#1444=DIRECTION('',(-1.E0,0.E0,0.E0));
#1445=VECTOR('',#1444,1.9E0);
#1446=CARTESIAN_POINT('',(-2.699E1,-1.55E0,-8.2E0));
#1447=LINE('',#1446,#1445);
#1448=DIRECTION('',(0.E0,-1.E0,0.E0));
#1449=VECTOR('',#1448,1.E0);
#1450=CARTESIAN_POINT('',(-2.889E1,-5.5E-1,-8.2E0));
#1451=LINE('',#1450,#1449);
#1452=DIRECTION('',(0.E0,-1.E0,0.E0));
#1453=VECTOR('',#1452,1.E0);
#1454=CARTESIAN_POINT('',(-3.207E1,-5.5E-1,-8.2E0));
#1455=LINE('',#1454,#1453);
#1456=DIRECTION('',(-1.E0,0.E0,0.E0));
#1457=VECTOR('',#1456,1.9E0);
#1458=CARTESIAN_POINT('',(-3.207E1,-1.55E0,-8.2E0));
#1459=LINE('',#1458,#1457);
#1460=DIRECTION('',(0.E0,-1.E0,0.E0));
#1461=VECTOR('',#1460,1.E0);
#1462=CARTESIAN_POINT('',(-3.397E1,-5.5E-1,-8.2E0));
#1463=LINE('',#1462,#1461);
#1464=DIRECTION('',(1.E0,0.E0,0.E0));
#1465=VECTOR('',#1464,4.4E-1);
#1466=CARTESIAN_POINT('',(-3.556E1,-2.75E0,-8.2E0));
#1467=LINE('',#1466,#1465);
#1468=DIRECTION('',(0.E0,1.E0,0.E0));
#1469=VECTOR('',#1468,2.E-1);
#1470=CARTESIAN_POINT('',(-3.512E1,-2.75E0,-8.2E0));
#1471=LINE('',#1470,#1469);
#1472=DIRECTION('',(-1.E0,0.E0,0.E0));
#1473=VECTOR('',#1472,4.2E0);
#1474=CARTESIAN_POINT('',(-3.092E1,-2.55E0,-8.2E0));
#1475=LINE('',#1474,#1473);
#1476=DIRECTION('',(0.E0,1.E0,0.E0));
#1477=VECTOR('',#1476,2.E-1);
#1478=CARTESIAN_POINT('',(-3.092E1,-2.75E0,-8.2E0));
#1479=LINE('',#1478,#1477);
#1480=DIRECTION('',(1.E0,0.E0,0.E0));
#1481=VECTOR('',#1480,8.8E-1);
#1482=CARTESIAN_POINT('',(-3.092E1,-2.75E0,-8.2E0));
#1483=LINE('',#1482,#1481);
#1484=DIRECTION('',(0.E0,1.E0,0.E0));
#1485=VECTOR('',#1484,2.E-1);
#1486=CARTESIAN_POINT('',(-3.004E1,-2.75E0,-8.2E0));
#1487=LINE('',#1486,#1485);
#1488=DIRECTION('',(-1.E0,0.E0,0.E0));
#1489=VECTOR('',#1488,4.2E0);
#1490=CARTESIAN_POINT('',(-2.584E1,-2.55E0,-8.2E0));
#1491=LINE('',#1490,#1489);
#1492=DIRECTION('',(0.E0,1.E0,0.E0));
#1493=VECTOR('',#1492,2.E-1);
#1494=CARTESIAN_POINT('',(-2.584E1,-2.75E0,-8.2E0));
#1495=LINE('',#1494,#1493);
#1496=DIRECTION('',(1.E0,0.E0,0.E0));
#1497=VECTOR('',#1496,8.8E-1);
#1498=CARTESIAN_POINT('',(-2.584E1,-2.75E0,-8.2E0));
#1499=LINE('',#1498,#1497);
#1500=DIRECTION('',(0.E0,1.E0,0.E0));
#1501=VECTOR('',#1500,2.E-1);
#1502=CARTESIAN_POINT('',(-2.496E1,-2.75E0,-8.2E0));
#1503=LINE('',#1502,#1501);
#1504=DIRECTION('',(-1.E0,0.E0,0.E0));
#1505=VECTOR('',#1504,4.2E0);
#1506=CARTESIAN_POINT('',(-2.076E1,-2.55E0,-8.2E0));
#1507=LINE('',#1506,#1505);
#1508=DIRECTION('',(0.E0,1.E0,0.E0));
#1509=VECTOR('',#1508,2.E-1);
#1510=CARTESIAN_POINT('',(-2.076E1,-2.75E0,-8.2E0));
#1511=LINE('',#1510,#1509);
#1512=DIRECTION('',(1.E0,0.E0,0.E0));
#1513=VECTOR('',#1512,8.8E-1);
#1514=CARTESIAN_POINT('',(-2.076E1,-2.75E0,-8.2E0));
#1515=LINE('',#1514,#1513);
#1516=DIRECTION('',(0.E0,1.E0,0.E0));
#1517=VECTOR('',#1516,2.E-1);
#1518=CARTESIAN_POINT('',(-1.988E1,-2.75E0,-8.2E0));
#1519=LINE('',#1518,#1517);
#1520=DIRECTION('',(-1.E0,0.E0,0.E0));
#1521=VECTOR('',#1520,4.2E0);
#1522=CARTESIAN_POINT('',(-1.568E1,-2.55E0,-8.2E0));
#1523=LINE('',#1522,#1521);
#1524=DIRECTION('',(0.E0,1.E0,0.E0));
#1525=VECTOR('',#1524,2.E-1);
#1526=CARTESIAN_POINT('',(-1.568E1,-2.75E0,-8.2E0));
#1527=LINE('',#1526,#1525);
#1528=DIRECTION('',(1.E0,0.E0,0.E0));
#1529=VECTOR('',#1528,8.8E-1);
#1530=CARTESIAN_POINT('',(-1.568E1,-2.75E0,-8.2E0));
#1531=LINE('',#1530,#1529);
#1532=DIRECTION('',(0.E0,1.E0,0.E0));
#1533=VECTOR('',#1532,2.E-1);
#1534=CARTESIAN_POINT('',(-1.48E1,-2.75E0,-8.2E0));
#1535=LINE('',#1534,#1533);
#1536=DIRECTION('',(-1.E0,0.E0,0.E0));
#1537=VECTOR('',#1536,4.2E0);
#1538=CARTESIAN_POINT('',(-1.06E1,-2.55E0,-8.2E0));
#1539=LINE('',#1538,#1537);
#1540=DIRECTION('',(0.E0,1.E0,0.E0));
#1541=VECTOR('',#1540,2.E-1);
#1542=CARTESIAN_POINT('',(-1.06E1,-2.75E0,-8.2E0));
#1543=LINE('',#1542,#1541);
#1544=DIRECTION('',(1.E0,0.E0,0.E0));
#1545=VECTOR('',#1544,8.8E-1);
#1546=CARTESIAN_POINT('',(-1.06E1,-2.75E0,-8.2E0));
#1547=LINE('',#1546,#1545);
#1548=DIRECTION('',(0.E0,1.E0,0.E0));
#1549=VECTOR('',#1548,2.E-1);
#1550=CARTESIAN_POINT('',(-9.72E0,-2.75E0,-8.2E0));
#1551=LINE('',#1550,#1549);
#1552=DIRECTION('',(-1.E0,0.E0,0.E0));
#1553=VECTOR('',#1552,4.2E0);
#1554=CARTESIAN_POINT('',(-5.52E0,-2.55E0,-8.2E0));
#1555=LINE('',#1554,#1553);
#1556=DIRECTION('',(0.E0,1.E0,0.E0));
#1557=VECTOR('',#1556,2.E-1);
#1558=CARTESIAN_POINT('',(-5.52E0,-2.75E0,-8.2E0));
#1559=LINE('',#1558,#1557);
#1560=DIRECTION('',(1.E0,0.E0,0.E0));
#1561=VECTOR('',#1560,8.8E-1);
#1562=CARTESIAN_POINT('',(-5.52E0,-2.75E0,-8.2E0));
#1563=LINE('',#1562,#1561);
#1564=DIRECTION('',(0.E0,1.E0,0.E0));
#1565=VECTOR('',#1564,2.E-1);
#1566=CARTESIAN_POINT('',(-4.64E0,-2.75E0,-8.2E0));
#1567=LINE('',#1566,#1565);
#1568=DIRECTION('',(-1.E0,0.E0,0.E0));
#1569=VECTOR('',#1568,4.2E0);
#1570=CARTESIAN_POINT('',(-4.4E-1,-2.55E0,-8.2E0));
#1571=LINE('',#1570,#1569);
#1572=DIRECTION('',(0.E0,1.E0,0.E0));
#1573=VECTOR('',#1572,2.E-1);
#1574=CARTESIAN_POINT('',(-4.4E-1,-2.75E0,-8.2E0));
#1575=LINE('',#1574,#1573);
#1576=DIRECTION('',(1.E0,0.E0,0.E0));
#1577=VECTOR('',#1576,8.8E-1);
#1578=CARTESIAN_POINT('',(-4.4E-1,-2.75E0,-8.2E0));
#1579=LINE('',#1578,#1577);
#1580=DIRECTION('',(0.E0,1.E0,0.E0));
#1581=VECTOR('',#1580,2.E-1);
#1582=CARTESIAN_POINT('',(4.4E-1,-2.75E0,-8.2E0));
#1583=LINE('',#1582,#1581);
#1584=DIRECTION('',(-1.E0,0.E0,0.E0));
#1585=VECTOR('',#1584,4.2E0);
#1586=CARTESIAN_POINT('',(4.64E0,-2.55E0,-8.2E0));
#1587=LINE('',#1586,#1585);
#1588=DIRECTION('',(0.E0,1.E0,0.E0));
#1589=VECTOR('',#1588,2.E-1);
#1590=CARTESIAN_POINT('',(4.64E0,-2.75E0,-8.2E0));
#1591=LINE('',#1590,#1589);
#1592=DIRECTION('',(1.E0,0.E0,0.E0));
#1593=VECTOR('',#1592,8.8E-1);
#1594=CARTESIAN_POINT('',(4.64E0,-2.75E0,-8.2E0));
#1595=LINE('',#1594,#1593);
#1596=DIRECTION('',(0.E0,1.E0,0.E0));
#1597=VECTOR('',#1596,2.E-1);
#1598=CARTESIAN_POINT('',(5.52E0,-2.75E0,-8.2E0));
#1599=LINE('',#1598,#1597);
#1600=DIRECTION('',(-1.E0,0.E0,0.E0));
#1601=VECTOR('',#1600,4.2E0);
#1602=CARTESIAN_POINT('',(9.72E0,-2.55E0,-8.2E0));
#1603=LINE('',#1602,#1601);
#1604=DIRECTION('',(0.E0,1.E0,0.E0));
#1605=VECTOR('',#1604,2.E-1);
#1606=CARTESIAN_POINT('',(9.72E0,-2.75E0,-8.2E0));
#1607=LINE('',#1606,#1605);
#1608=DIRECTION('',(1.E0,0.E0,0.E0));
#1609=VECTOR('',#1608,8.8E-1);
#1610=CARTESIAN_POINT('',(9.72E0,-2.75E0,-8.2E0));
#1611=LINE('',#1610,#1609);
#1612=DIRECTION('',(0.E0,1.E0,0.E0));
#1613=VECTOR('',#1612,2.E-1);
#1614=CARTESIAN_POINT('',(1.06E1,-2.75E0,-8.2E0));
#1615=LINE('',#1614,#1613);
#1616=DIRECTION('',(-1.E0,0.E0,0.E0));
#1617=VECTOR('',#1616,4.2E0);
#1618=CARTESIAN_POINT('',(1.48E1,-2.55E0,-8.2E0));
#1619=LINE('',#1618,#1617);
#1620=DIRECTION('',(0.E0,1.E0,0.E0));
#1621=VECTOR('',#1620,2.E-1);
#1622=CARTESIAN_POINT('',(1.48E1,-2.75E0,-8.2E0));
#1623=LINE('',#1622,#1621);
#1624=DIRECTION('',(1.E0,0.E0,0.E0));
#1625=VECTOR('',#1624,8.8E-1);
#1626=CARTESIAN_POINT('',(1.48E1,-2.75E0,-8.2E0));
#1627=LINE('',#1626,#1625);
#1628=DIRECTION('',(0.E0,1.E0,0.E0));
#1629=VECTOR('',#1628,2.E-1);
#1630=CARTESIAN_POINT('',(1.568E1,-2.75E0,-8.2E0));
#1631=LINE('',#1630,#1629);
#1632=DIRECTION('',(-1.E0,0.E0,0.E0));
#1633=VECTOR('',#1632,4.2E0);
#1634=CARTESIAN_POINT('',(1.988E1,-2.55E0,-8.2E0));
#1635=LINE('',#1634,#1633);
#1636=DIRECTION('',(0.E0,1.E0,0.E0));
#1637=VECTOR('',#1636,2.E-1);
#1638=CARTESIAN_POINT('',(1.988E1,-2.75E0,-8.2E0));
#1639=LINE('',#1638,#1637);
#1640=DIRECTION('',(1.E0,0.E0,0.E0));
#1641=VECTOR('',#1640,8.8E-1);
#1642=CARTESIAN_POINT('',(1.988E1,-2.75E0,-8.2E0));
#1643=LINE('',#1642,#1641);
#1644=DIRECTION('',(0.E0,1.E0,0.E0));
#1645=VECTOR('',#1644,2.E-1);
#1646=CARTESIAN_POINT('',(2.076E1,-2.75E0,-8.2E0));
#1647=LINE('',#1646,#1645);
#1648=DIRECTION('',(-1.E0,0.E0,0.E0));
#1649=VECTOR('',#1648,4.2E0);
#1650=CARTESIAN_POINT('',(2.496E1,-2.55E0,-8.2E0));
#1651=LINE('',#1650,#1649);
#1652=DIRECTION('',(0.E0,1.E0,0.E0));
#1653=VECTOR('',#1652,2.E-1);
#1654=CARTESIAN_POINT('',(2.496E1,-2.75E0,-8.2E0));
#1655=LINE('',#1654,#1653);
#1656=DIRECTION('',(1.E0,0.E0,0.E0));
#1657=VECTOR('',#1656,8.8E-1);
#1658=CARTESIAN_POINT('',(2.496E1,-2.75E0,-8.2E0));
#1659=LINE('',#1658,#1657);
#1660=DIRECTION('',(0.E0,1.E0,0.E0));
#1661=VECTOR('',#1660,2.E-1);
#1662=CARTESIAN_POINT('',(2.584E1,-2.75E0,-8.2E0));
#1663=LINE('',#1662,#1661);
#1664=DIRECTION('',(-1.E0,0.E0,0.E0));
#1665=VECTOR('',#1664,4.2E0);
#1666=CARTESIAN_POINT('',(3.004E1,-2.55E0,-8.2E0));
#1667=LINE('',#1666,#1665);
#1668=DIRECTION('',(0.E0,1.E0,0.E0));
#1669=VECTOR('',#1668,2.E-1);
#1670=CARTESIAN_POINT('',(3.004E1,-2.75E0,-8.2E0));
#1671=LINE('',#1670,#1669);
#1672=DIRECTION('',(1.E0,0.E0,0.E0));
#1673=VECTOR('',#1672,8.8E-1);
#1674=CARTESIAN_POINT('',(3.004E1,-2.75E0,-8.2E0));
#1675=LINE('',#1674,#1673);
#1676=DIRECTION('',(0.E0,1.E0,0.E0));
#1677=VECTOR('',#1676,2.E-1);
#1678=CARTESIAN_POINT('',(3.092E1,-2.75E0,-8.2E0));
#1679=LINE('',#1678,#1677);
#1680=DIRECTION('',(-1.E0,0.E0,0.E0));
#1681=VECTOR('',#1680,4.2E0);
#1682=CARTESIAN_POINT('',(3.512E1,-2.55E0,-8.2E0));
#1683=LINE('',#1682,#1681);
#1684=DIRECTION('',(0.E0,1.E0,0.E0));
#1685=VECTOR('',#1684,2.E-1);
#1686=CARTESIAN_POINT('',(3.512E1,-2.75E0,-8.2E0));
#1687=LINE('',#1686,#1685);
#1688=DIRECTION('',(1.E0,0.E0,0.E0));
#1689=VECTOR('',#1688,4.4E-1);
#1690=CARTESIAN_POINT('',(3.512E1,-2.75E0,-8.2E0));
#1691=LINE('',#1690,#1689);
#1692=DIRECTION('',(0.E0,-1.E0,0.E0));
#1693=VECTOR('',#1692,1.E0);
#1694=CARTESIAN_POINT('',(3.397E1,-5.5E-1,-8.2E0));
#1695=LINE('',#1694,#1693);
#1696=DIRECTION('',(-1.E0,0.E0,0.E0));
#1697=VECTOR('',#1696,1.9E0);
#1698=CARTESIAN_POINT('',(3.397E1,-1.55E0,-8.2E0));
#1699=LINE('',#1698,#1697);
#1700=DIRECTION('',(0.E0,1.E0,0.E0));
#1701=VECTOR('',#1700,1.52E0);
#1702=CARTESIAN_POINT('',(2.889E1,1.05E0,-7.4E0));
#1703=LINE('',#1702,#1701);
#1704=DIRECTION('',(0.E0,0.E0,-1.E0));
#1705=VECTOR('',#1704,1.E-1);
#1706=CARTESIAN_POINT('',(2.889E1,1.05E0,-7.3E0));
#1707=LINE('',#1706,#1705);
#1708=DIRECTION('',(0.E0,1.E0,0.E0));
#1709=VECTOR('',#1708,1.7E0);
#1710=CARTESIAN_POINT('',(2.889E1,-6.5E-1,-7.3E0));
#1711=LINE('',#1710,#1709);
#1712=DIRECTION('',(0.E0,0.E0,1.E0));
#1713=VECTOR('',#1712,6.8E-1);
#1714=CARTESIAN_POINT('',(2.889E1,-6.5E-1,-7.98E0));
#1715=LINE('',#1714,#1713);
#1716=DIRECTION('',(0.E0,9.713990064968E-1,2.374530904770E-1));
#1717=VECTOR('',#1716,9.264987857520E-1);
#1718=CARTESIAN_POINT('',(2.889E1,-1.55E0,-8.2E0));
#1719=LINE('',#1718,#1717);
#1720=DIRECTION('',(1.E0,0.E0,0.E0));
#1721=VECTOR('',#1720,1.9E0);
#1722=CARTESIAN_POINT('',(2.699E1,1.05E0,-7.4E0));
#1723=LINE('',#1722,#1721);
#1724=DIRECTION('',(0.E0,9.713990064968E-1,2.374530904770E-1));
#1725=VECTOR('',#1724,9.264987857520E-1);
#1726=CARTESIAN_POINT('',(2.699E1,-1.55E0,-8.2E0));
#1727=LINE('',#1726,#1725);
#1728=DIRECTION('',(0.E0,0.E0,1.E0));
#1729=VECTOR('',#1728,6.8E-1);
#1730=CARTESIAN_POINT('',(2.699E1,-6.5E-1,-7.98E0));
#1731=LINE('',#1730,#1729);
#1732=DIRECTION('',(0.E0,1.E0,0.E0));
#1733=VECTOR('',#1732,1.7E0);
#1734=CARTESIAN_POINT('',(2.699E1,-6.5E-1,-7.3E0));
#1735=LINE('',#1734,#1733);
#1736=DIRECTION('',(0.E0,0.E0,-1.E0));
#1737=VECTOR('',#1736,1.E-1);
#1738=CARTESIAN_POINT('',(2.699E1,1.05E0,-7.3E0));
#1739=LINE('',#1738,#1737);
#1740=DIRECTION('',(0.E0,1.E0,0.E0));
#1741=VECTOR('',#1740,1.52E0);
#1742=CARTESIAN_POINT('',(2.699E1,1.05E0,-7.4E0));
#1743=LINE('',#1742,#1741);
#1744=DIRECTION('',(1.E0,0.E0,0.E0));
#1745=VECTOR('',#1744,1.9E0);
#1746=CARTESIAN_POINT('',(2.699E1,-6.5E-1,-7.98E0));
#1747=LINE('',#1746,#1745);
#1748=DIRECTION('',(1.E0,0.E0,0.E0));
#1749=VECTOR('',#1748,1.9E0);
#1750=CARTESIAN_POINT('',(2.699E1,-6.5E-1,-7.3E0));
#1751=LINE('',#1750,#1749);
#1752=DIRECTION('',(1.E0,0.E0,0.E0));
#1753=VECTOR('',#1752,1.9E0);
#1754=CARTESIAN_POINT('',(2.699E1,1.05E0,-7.3E0));
#1755=LINE('',#1754,#1753);
#1756=DIRECTION('',(0.E0,1.E0,0.E0));
#1757=VECTOR('',#1756,1.52E0);
#1758=CARTESIAN_POINT('',(2.381E1,1.05E0,-7.4E0));
#1759=LINE('',#1758,#1757);
#1760=DIRECTION('',(0.E0,0.E0,-1.E0));
#1761=VECTOR('',#1760,1.E-1);
#1762=CARTESIAN_POINT('',(2.381E1,1.05E0,-7.3E0));
#1763=LINE('',#1762,#1761);
#1764=DIRECTION('',(0.E0,1.E0,0.E0));
#1765=VECTOR('',#1764,1.7E0);
#1766=CARTESIAN_POINT('',(2.381E1,-6.5E-1,-7.3E0));
#1767=LINE('',#1766,#1765);
#1768=DIRECTION('',(0.E0,0.E0,1.E0));
#1769=VECTOR('',#1768,6.8E-1);
#1770=CARTESIAN_POINT('',(2.381E1,-6.5E-1,-7.98E0));
#1771=LINE('',#1770,#1769);
#1772=DIRECTION('',(0.E0,9.713990064968E-1,2.374530904770E-1));
#1773=VECTOR('',#1772,9.264987857520E-1);
#1774=CARTESIAN_POINT('',(2.381E1,-1.55E0,-8.2E0));
#1775=LINE('',#1774,#1773);
#1776=DIRECTION('',(1.E0,0.E0,0.E0));
#1777=VECTOR('',#1776,1.9E0);
#1778=CARTESIAN_POINT('',(2.191E1,1.05E0,-7.4E0));
#1779=LINE('',#1778,#1777);
#1780=DIRECTION('',(0.E0,9.713990064968E-1,2.374530904770E-1));
#1781=VECTOR('',#1780,9.264987857520E-1);
#1782=CARTESIAN_POINT('',(2.191E1,-1.55E0,-8.2E0));
#1783=LINE('',#1782,#1781);
#1784=DIRECTION('',(0.E0,0.E0,1.E0));
#1785=VECTOR('',#1784,6.8E-1);
#1786=CARTESIAN_POINT('',(2.191E1,-6.5E-1,-7.98E0));
#1787=LINE('',#1786,#1785);
#1788=DIRECTION('',(0.E0,1.E0,0.E0));
#1789=VECTOR('',#1788,1.7E0);
#1790=CARTESIAN_POINT('',(2.191E1,-6.5E-1,-7.3E0));
#1791=LINE('',#1790,#1789);
#1792=DIRECTION('',(0.E0,0.E0,-1.E0));
#1793=VECTOR('',#1792,1.E-1);
#1794=CARTESIAN_POINT('',(2.191E1,1.05E0,-7.3E0));
#1795=LINE('',#1794,#1793);
#1796=DIRECTION('',(0.E0,1.E0,0.E0));
#1797=VECTOR('',#1796,1.52E0);
#1798=CARTESIAN_POINT('',(2.191E1,1.05E0,-7.4E0));
#1799=LINE('',#1798,#1797);
#1800=DIRECTION('',(1.E0,0.E0,0.E0));
#1801=VECTOR('',#1800,1.9E0);
#1802=CARTESIAN_POINT('',(2.191E1,-6.5E-1,-7.98E0));
#1803=LINE('',#1802,#1801);
#1804=DIRECTION('',(1.E0,0.E0,0.E0));
#1805=VECTOR('',#1804,1.9E0);
#1806=CARTESIAN_POINT('',(2.191E1,-6.5E-1,-7.3E0));
#1807=LINE('',#1806,#1805);
#1808=DIRECTION('',(1.E0,0.E0,0.E0));
#1809=VECTOR('',#1808,1.9E0);
#1810=CARTESIAN_POINT('',(2.191E1,1.05E0,-7.3E0));
#1811=LINE('',#1810,#1809);
#1812=DIRECTION('',(0.E0,1.E0,0.E0));
#1813=VECTOR('',#1812,1.52E0);
#1814=CARTESIAN_POINT('',(1.873E1,1.05E0,-7.4E0));
#1815=LINE('',#1814,#1813);
#1816=DIRECTION('',(0.E0,0.E0,-1.E0));
#1817=VECTOR('',#1816,1.E-1);
#1818=CARTESIAN_POINT('',(1.873E1,1.05E0,-7.3E0));
#1819=LINE('',#1818,#1817);
#1820=DIRECTION('',(0.E0,1.E0,0.E0));
#1821=VECTOR('',#1820,1.7E0);
#1822=CARTESIAN_POINT('',(1.873E1,-6.5E-1,-7.3E0));
#1823=LINE('',#1822,#1821);
#1824=DIRECTION('',(0.E0,0.E0,1.E0));
#1825=VECTOR('',#1824,6.8E-1);
#1826=CARTESIAN_POINT('',(1.873E1,-6.5E-1,-7.98E0));
#1827=LINE('',#1826,#1825);
#1828=DIRECTION('',(0.E0,9.713990064968E-1,2.374530904770E-1));
#1829=VECTOR('',#1828,9.264987857520E-1);
#1830=CARTESIAN_POINT('',(1.873E1,-1.55E0,-8.2E0));
#1831=LINE('',#1830,#1829);
#1832=DIRECTION('',(1.E0,0.E0,0.E0));
#1833=VECTOR('',#1832,1.9E0);
#1834=CARTESIAN_POINT('',(1.683E1,1.05E0,-7.4E0));
#1835=LINE('',#1834,#1833);
#1836=DIRECTION('',(0.E0,9.713990064968E-1,2.374530904770E-1));
#1837=VECTOR('',#1836,9.264987857520E-1);
#1838=CARTESIAN_POINT('',(1.683E1,-1.55E0,-8.2E0));
#1839=LINE('',#1838,#1837);
#1840=DIRECTION('',(0.E0,0.E0,1.E0));
#1841=VECTOR('',#1840,6.8E-1);
#1842=CARTESIAN_POINT('',(1.683E1,-6.5E-1,-7.98E0));
#1843=LINE('',#1842,#1841);
#1844=DIRECTION('',(0.E0,1.E0,0.E0));
#1845=VECTOR('',#1844,1.7E0);
#1846=CARTESIAN_POINT('',(1.683E1,-6.5E-1,-7.3E0));
#1847=LINE('',#1846,#1845);
#1848=DIRECTION('',(0.E0,0.E0,-1.E0));
#1849=VECTOR('',#1848,1.E-1);
#1850=CARTESIAN_POINT('',(1.683E1,1.05E0,-7.3E0));
#1851=LINE('',#1850,#1849);
#1852=DIRECTION('',(0.E0,1.E0,0.E0));
#1853=VECTOR('',#1852,1.52E0);
#1854=CARTESIAN_POINT('',(1.683E1,1.05E0,-7.4E0));
#1855=LINE('',#1854,#1853);
#1856=DIRECTION('',(1.E0,0.E0,0.E0));
#1857=VECTOR('',#1856,1.9E0);
#1858=CARTESIAN_POINT('',(1.683E1,-6.5E-1,-7.98E0));
#1859=LINE('',#1858,#1857);
#1860=DIRECTION('',(1.E0,0.E0,0.E0));
#1861=VECTOR('',#1860,1.9E0);
#1862=CARTESIAN_POINT('',(1.683E1,-6.5E-1,-7.3E0));
#1863=LINE('',#1862,#1861);
#1864=DIRECTION('',(1.E0,0.E0,0.E0));
#1865=VECTOR('',#1864,1.9E0);
#1866=CARTESIAN_POINT('',(1.683E1,1.05E0,-7.3E0));
#1867=LINE('',#1866,#1865);
#1868=DIRECTION('',(0.E0,1.E0,0.E0));
#1869=VECTOR('',#1868,1.52E0);
#1870=CARTESIAN_POINT('',(1.365E1,1.05E0,-7.4E0));
#1871=LINE('',#1870,#1869);
#1872=DIRECTION('',(0.E0,0.E0,-1.E0));
#1873=VECTOR('',#1872,1.E-1);
#1874=CARTESIAN_POINT('',(1.365E1,1.05E0,-7.3E0));
#1875=LINE('',#1874,#1873);
#1876=DIRECTION('',(0.E0,1.E0,0.E0));
#1877=VECTOR('',#1876,1.7E0);
#1878=CARTESIAN_POINT('',(1.365E1,-6.5E-1,-7.3E0));
#1879=LINE('',#1878,#1877);
#1880=DIRECTION('',(0.E0,0.E0,1.E0));
#1881=VECTOR('',#1880,6.8E-1);
#1882=CARTESIAN_POINT('',(1.365E1,-6.5E-1,-7.98E0));
#1883=LINE('',#1882,#1881);
#1884=DIRECTION('',(0.E0,9.713990064968E-1,2.374530904770E-1));
#1885=VECTOR('',#1884,9.264987857520E-1);
#1886=CARTESIAN_POINT('',(1.365E1,-1.55E0,-8.2E0));
#1887=LINE('',#1886,#1885);
#1888=DIRECTION('',(1.E0,0.E0,0.E0));
#1889=VECTOR('',#1888,1.9E0);
#1890=CARTESIAN_POINT('',(1.175E1,1.05E0,-7.4E0));
#1891=LINE('',#1890,#1889);
#1892=DIRECTION('',(0.E0,9.713990064968E-1,2.374530904770E-1));
#1893=VECTOR('',#1892,9.264987857520E-1);
#1894=CARTESIAN_POINT('',(1.175E1,-1.55E0,-8.2E0));
#1895=LINE('',#1894,#1893);
#1896=DIRECTION('',(0.E0,0.E0,1.E0));
#1897=VECTOR('',#1896,6.8E-1);
#1898=CARTESIAN_POINT('',(1.175E1,-6.5E-1,-7.98E0));
#1899=LINE('',#1898,#1897);
#1900=DIRECTION('',(0.E0,1.E0,0.E0));
#1901=VECTOR('',#1900,1.7E0);
#1902=CARTESIAN_POINT('',(1.175E1,-6.5E-1,-7.3E0));
#1903=LINE('',#1902,#1901);
#1904=DIRECTION('',(0.E0,0.E0,-1.E0));
#1905=VECTOR('',#1904,1.E-1);
#1906=CARTESIAN_POINT('',(1.175E1,1.05E0,-7.3E0));
#1907=LINE('',#1906,#1905);
#1908=DIRECTION('',(0.E0,1.E0,0.E0));
#1909=VECTOR('',#1908,1.52E0);
#1910=CARTESIAN_POINT('',(1.175E1,1.05E0,-7.4E0));
#1911=LINE('',#1910,#1909);
#1912=DIRECTION('',(1.E0,0.E0,0.E0));
#1913=VECTOR('',#1912,1.9E0);
#1914=CARTESIAN_POINT('',(1.175E1,-6.5E-1,-7.98E0));
#1915=LINE('',#1914,#1913);
#1916=DIRECTION('',(1.E0,0.E0,0.E0));
#1917=VECTOR('',#1916,1.9E0);
#1918=CARTESIAN_POINT('',(1.175E1,-6.5E-1,-7.3E0));
#1919=LINE('',#1918,#1917);
#1920=DIRECTION('',(1.E0,0.E0,0.E0));
#1921=VECTOR('',#1920,1.9E0);
#1922=CARTESIAN_POINT('',(1.175E1,1.05E0,-7.3E0));
#1923=LINE('',#1922,#1921);
#1924=DIRECTION('',(0.E0,1.E0,0.E0));
#1925=VECTOR('',#1924,1.52E0);
#1926=CARTESIAN_POINT('',(8.57E0,1.05E0,-7.4E0));
#1927=LINE('',#1926,#1925);
#1928=DIRECTION('',(0.E0,0.E0,-1.E0));
#1929=VECTOR('',#1928,1.E-1);
#1930=CARTESIAN_POINT('',(8.57E0,1.05E0,-7.3E0));
#1931=LINE('',#1930,#1929);
#1932=DIRECTION('',(0.E0,1.E0,0.E0));
#1933=VECTOR('',#1932,1.7E0);
#1934=CARTESIAN_POINT('',(8.57E0,-6.5E-1,-7.3E0));
#1935=LINE('',#1934,#1933);
#1936=DIRECTION('',(0.E0,0.E0,1.E0));
#1937=VECTOR('',#1936,6.8E-1);
#1938=CARTESIAN_POINT('',(8.57E0,-6.5E-1,-7.98E0));
#1939=LINE('',#1938,#1937);
#1940=DIRECTION('',(0.E0,9.713990064968E-1,2.374530904770E-1));
#1941=VECTOR('',#1940,9.264987857520E-1);
#1942=CARTESIAN_POINT('',(8.57E0,-1.55E0,-8.2E0));
#1943=LINE('',#1942,#1941);
#1944=DIRECTION('',(1.E0,0.E0,0.E0));
#1945=VECTOR('',#1944,1.9E0);
#1946=CARTESIAN_POINT('',(6.67E0,1.05E0,-7.4E0));
#1947=LINE('',#1946,#1945);
#1948=DIRECTION('',(0.E0,9.713990064968E-1,2.374530904770E-1));
#1949=VECTOR('',#1948,9.264987857520E-1);
#1950=CARTESIAN_POINT('',(6.67E0,-1.55E0,-8.2E0));
#1951=LINE('',#1950,#1949);
#1952=DIRECTION('',(0.E0,0.E0,1.E0));
#1953=VECTOR('',#1952,6.8E-1);
#1954=CARTESIAN_POINT('',(6.67E0,-6.5E-1,-7.98E0));
#1955=LINE('',#1954,#1953);
#1956=DIRECTION('',(0.E0,1.E0,0.E0));
#1957=VECTOR('',#1956,1.7E0);
#1958=CARTESIAN_POINT('',(6.67E0,-6.5E-1,-7.3E0));
#1959=LINE('',#1958,#1957);
#1960=DIRECTION('',(0.E0,0.E0,-1.E0));
#1961=VECTOR('',#1960,1.E-1);
#1962=CARTESIAN_POINT('',(6.67E0,1.05E0,-7.3E0));
#1963=LINE('',#1962,#1961);
#1964=DIRECTION('',(0.E0,1.E0,0.E0));
#1965=VECTOR('',#1964,1.52E0);
#1966=CARTESIAN_POINT('',(6.67E0,1.05E0,-7.4E0));
#1967=LINE('',#1966,#1965);
#1968=DIRECTION('',(1.E0,0.E0,0.E0));
#1969=VECTOR('',#1968,1.9E0);
#1970=CARTESIAN_POINT('',(6.67E0,-6.5E-1,-7.98E0));
#1971=LINE('',#1970,#1969);
#1972=DIRECTION('',(1.E0,0.E0,0.E0));
#1973=VECTOR('',#1972,1.9E0);
#1974=CARTESIAN_POINT('',(6.67E0,-6.5E-1,-7.3E0));
#1975=LINE('',#1974,#1973);
#1976=DIRECTION('',(1.E0,0.E0,0.E0));
#1977=VECTOR('',#1976,1.9E0);
#1978=CARTESIAN_POINT('',(6.67E0,1.05E0,-7.3E0));
#1979=LINE('',#1978,#1977);
#1980=DIRECTION('',(0.E0,1.E0,0.E0));
#1981=VECTOR('',#1980,1.52E0);
#1982=CARTESIAN_POINT('',(3.49E0,1.05E0,-7.4E0));
#1983=LINE('',#1982,#1981);
#1984=DIRECTION('',(0.E0,0.E0,-1.E0));
#1985=VECTOR('',#1984,1.E-1);
#1986=CARTESIAN_POINT('',(3.49E0,1.05E0,-7.3E0));
#1987=LINE('',#1986,#1985);
#1988=DIRECTION('',(0.E0,1.E0,0.E0));
#1989=VECTOR('',#1988,1.7E0);
#1990=CARTESIAN_POINT('',(3.49E0,-6.5E-1,-7.3E0));
#1991=LINE('',#1990,#1989);
#1992=DIRECTION('',(0.E0,0.E0,1.E0));
#1993=VECTOR('',#1992,6.8E-1);
#1994=CARTESIAN_POINT('',(3.49E0,-6.5E-1,-7.98E0));
#1995=LINE('',#1994,#1993);
#1996=DIRECTION('',(0.E0,9.713990064968E-1,2.374530904770E-1));
#1997=VECTOR('',#1996,9.264987857520E-1);
#1998=CARTESIAN_POINT('',(3.49E0,-1.55E0,-8.2E0));
#1999=LINE('',#1998,#1997);
#2000=DIRECTION('',(1.E0,0.E0,0.E0));
#2001=VECTOR('',#2000,1.9E0);
#2002=CARTESIAN_POINT('',(1.59E0,1.05E0,-7.4E0));
#2003=LINE('',#2002,#2001);
#2004=DIRECTION('',(0.E0,9.713990064968E-1,2.374530904770E-1));
#2005=VECTOR('',#2004,9.264987857520E-1);
#2006=CARTESIAN_POINT('',(1.59E0,-1.55E0,-8.2E0));
#2007=LINE('',#2006,#2005);
#2008=DIRECTION('',(0.E0,0.E0,1.E0));
#2009=VECTOR('',#2008,6.8E-1);
#2010=CARTESIAN_POINT('',(1.59E0,-6.5E-1,-7.98E0));
#2011=LINE('',#2010,#2009);
#2012=DIRECTION('',(0.E0,1.E0,0.E0));
#2013=VECTOR('',#2012,1.7E0);
#2014=CARTESIAN_POINT('',(1.59E0,-6.5E-1,-7.3E0));
#2015=LINE('',#2014,#2013);
#2016=DIRECTION('',(0.E0,0.E0,-1.E0));
#2017=VECTOR('',#2016,1.E-1);
#2018=CARTESIAN_POINT('',(1.59E0,1.05E0,-7.3E0));
#2019=LINE('',#2018,#2017);
#2020=DIRECTION('',(0.E0,1.E0,0.E0));
#2021=VECTOR('',#2020,1.52E0);
#2022=CARTESIAN_POINT('',(1.59E0,1.05E0,-7.4E0));
#2023=LINE('',#2022,#2021);
#2024=DIRECTION('',(1.E0,0.E0,0.E0));
#2025=VECTOR('',#2024,1.9E0);
#2026=CARTESIAN_POINT('',(1.59E0,-6.5E-1,-7.98E0));
#2027=LINE('',#2026,#2025);
#2028=DIRECTION('',(1.E0,0.E0,0.E0));
#2029=VECTOR('',#2028,1.9E0);
#2030=CARTESIAN_POINT('',(1.59E0,-6.5E-1,-7.3E0));
#2031=LINE('',#2030,#2029);
#2032=DIRECTION('',(1.E0,0.E0,0.E0));
#2033=VECTOR('',#2032,1.9E0);
#2034=CARTESIAN_POINT('',(1.59E0,1.05E0,-7.3E0));
#2035=LINE('',#2034,#2033);
#2036=DIRECTION('',(0.E0,1.E0,0.E0));
#2037=VECTOR('',#2036,1.52E0);
#2038=CARTESIAN_POINT('',(-1.59E0,1.05E0,-7.4E0));
#2039=LINE('',#2038,#2037);
#2040=DIRECTION('',(0.E0,0.E0,-1.E0));
#2041=VECTOR('',#2040,1.E-1);
#2042=CARTESIAN_POINT('',(-1.59E0,1.05E0,-7.3E0));
#2043=LINE('',#2042,#2041);
#2044=DIRECTION('',(0.E0,1.E0,0.E0));
#2045=VECTOR('',#2044,1.7E0);
#2046=CARTESIAN_POINT('',(-1.59E0,-6.5E-1,-7.3E0));
#2047=LINE('',#2046,#2045);
#2048=DIRECTION('',(0.E0,0.E0,1.E0));
#2049=VECTOR('',#2048,6.8E-1);
#2050=CARTESIAN_POINT('',(-1.59E0,-6.5E-1,-7.98E0));
#2051=LINE('',#2050,#2049);
#2052=DIRECTION('',(0.E0,9.713990064968E-1,2.374530904770E-1));
#2053=VECTOR('',#2052,9.264987857520E-1);
#2054=CARTESIAN_POINT('',(-1.59E0,-1.55E0,-8.2E0));
#2055=LINE('',#2054,#2053);
#2056=DIRECTION('',(1.E0,0.E0,0.E0));
#2057=VECTOR('',#2056,1.9E0);
#2058=CARTESIAN_POINT('',(-3.49E0,1.05E0,-7.4E0));
#2059=LINE('',#2058,#2057);
#2060=DIRECTION('',(0.E0,9.713990064968E-1,2.374530904770E-1));
#2061=VECTOR('',#2060,9.264987857520E-1);
#2062=CARTESIAN_POINT('',(-3.49E0,-1.55E0,-8.2E0));
#2063=LINE('',#2062,#2061);
#2064=DIRECTION('',(0.E0,0.E0,1.E0));
#2065=VECTOR('',#2064,6.8E-1);
#2066=CARTESIAN_POINT('',(-3.49E0,-6.5E-1,-7.98E0));
#2067=LINE('',#2066,#2065);
#2068=DIRECTION('',(0.E0,1.E0,0.E0));
#2069=VECTOR('',#2068,1.7E0);
#2070=CARTESIAN_POINT('',(-3.49E0,-6.5E-1,-7.3E0));
#2071=LINE('',#2070,#2069);
#2072=DIRECTION('',(0.E0,0.E0,-1.E0));
#2073=VECTOR('',#2072,1.E-1);
#2074=CARTESIAN_POINT('',(-3.49E0,1.05E0,-7.3E0));
#2075=LINE('',#2074,#2073);
#2076=DIRECTION('',(0.E0,1.E0,0.E0));
#2077=VECTOR('',#2076,1.52E0);
#2078=CARTESIAN_POINT('',(-3.49E0,1.05E0,-7.4E0));
#2079=LINE('',#2078,#2077);
#2080=DIRECTION('',(1.E0,0.E0,0.E0));
#2081=VECTOR('',#2080,1.9E0);
#2082=CARTESIAN_POINT('',(-3.49E0,-6.5E-1,-7.98E0));
#2083=LINE('',#2082,#2081);
#2084=DIRECTION('',(1.E0,0.E0,0.E0));
#2085=VECTOR('',#2084,1.9E0);
#2086=CARTESIAN_POINT('',(-3.49E0,-6.5E-1,-7.3E0));
#2087=LINE('',#2086,#2085);
#2088=DIRECTION('',(1.E0,0.E0,0.E0));
#2089=VECTOR('',#2088,1.9E0);
#2090=CARTESIAN_POINT('',(-3.49E0,1.05E0,-7.3E0));
#2091=LINE('',#2090,#2089);
#2092=DIRECTION('',(0.E0,1.E0,0.E0));
#2093=VECTOR('',#2092,1.52E0);
#2094=CARTESIAN_POINT('',(-6.67E0,1.05E0,-7.4E0));
#2095=LINE('',#2094,#2093);
#2096=DIRECTION('',(0.E0,0.E0,-1.E0));
#2097=VECTOR('',#2096,1.E-1);
#2098=CARTESIAN_POINT('',(-6.67E0,1.05E0,-7.3E0));
#2099=LINE('',#2098,#2097);
#2100=DIRECTION('',(0.E0,1.E0,0.E0));
#2101=VECTOR('',#2100,1.7E0);
#2102=CARTESIAN_POINT('',(-6.67E0,-6.5E-1,-7.3E0));
#2103=LINE('',#2102,#2101);
#2104=DIRECTION('',(0.E0,0.E0,1.E0));
#2105=VECTOR('',#2104,6.8E-1);
#2106=CARTESIAN_POINT('',(-6.67E0,-6.5E-1,-7.98E0));
#2107=LINE('',#2106,#2105);
#2108=DIRECTION('',(0.E0,9.713990064968E-1,2.374530904770E-1));
#2109=VECTOR('',#2108,9.264987857520E-1);
#2110=CARTESIAN_POINT('',(-6.67E0,-1.55E0,-8.2E0));
#2111=LINE('',#2110,#2109);
#2112=DIRECTION('',(1.E0,0.E0,0.E0));
#2113=VECTOR('',#2112,1.9E0);
#2114=CARTESIAN_POINT('',(-8.57E0,1.05E0,-7.4E0));
#2115=LINE('',#2114,#2113);
#2116=DIRECTION('',(0.E0,9.713990064968E-1,2.374530904770E-1));
#2117=VECTOR('',#2116,9.264987857520E-1);
#2118=CARTESIAN_POINT('',(-8.57E0,-1.55E0,-8.2E0));
#2119=LINE('',#2118,#2117);
#2120=DIRECTION('',(0.E0,0.E0,1.E0));
#2121=VECTOR('',#2120,6.8E-1);
#2122=CARTESIAN_POINT('',(-8.57E0,-6.5E-1,-7.98E0));
#2123=LINE('',#2122,#2121);
#2124=DIRECTION('',(0.E0,1.E0,0.E0));
#2125=VECTOR('',#2124,1.7E0);
#2126=CARTESIAN_POINT('',(-8.57E0,-6.5E-1,-7.3E0));
#2127=LINE('',#2126,#2125);
#2128=DIRECTION('',(0.E0,0.E0,-1.E0));
#2129=VECTOR('',#2128,1.E-1);
#2130=CARTESIAN_POINT('',(-8.57E0,1.05E0,-7.3E0));
#2131=LINE('',#2130,#2129);
#2132=DIRECTION('',(0.E0,1.E0,0.E0));
#2133=VECTOR('',#2132,1.52E0);
#2134=CARTESIAN_POINT('',(-8.57E0,1.05E0,-7.4E0));
#2135=LINE('',#2134,#2133);
#2136=DIRECTION('',(1.E0,0.E0,0.E0));
#2137=VECTOR('',#2136,1.9E0);
#2138=CARTESIAN_POINT('',(-8.57E0,-6.5E-1,-7.98E0));
#2139=LINE('',#2138,#2137);
#2140=DIRECTION('',(1.E0,0.E0,0.E0));
#2141=VECTOR('',#2140,1.9E0);
#2142=CARTESIAN_POINT('',(-8.57E0,-6.5E-1,-7.3E0));
#2143=LINE('',#2142,#2141);
#2144=DIRECTION('',(1.E0,0.E0,0.E0));
#2145=VECTOR('',#2144,1.9E0);
#2146=CARTESIAN_POINT('',(-8.57E0,1.05E0,-7.3E0));
#2147=LINE('',#2146,#2145);
#2148=DIRECTION('',(0.E0,1.E0,0.E0));
#2149=VECTOR('',#2148,1.52E0);
#2150=CARTESIAN_POINT('',(-1.175E1,1.05E0,-7.4E0));
#2151=LINE('',#2150,#2149);
#2152=DIRECTION('',(0.E0,0.E0,-1.E0));
#2153=VECTOR('',#2152,1.E-1);
#2154=CARTESIAN_POINT('',(-1.175E1,1.05E0,-7.3E0));
#2155=LINE('',#2154,#2153);
#2156=DIRECTION('',(0.E0,1.E0,0.E0));
#2157=VECTOR('',#2156,1.7E0);
#2158=CARTESIAN_POINT('',(-1.175E1,-6.5E-1,-7.3E0));
#2159=LINE('',#2158,#2157);
#2160=DIRECTION('',(0.E0,0.E0,1.E0));
#2161=VECTOR('',#2160,6.8E-1);
#2162=CARTESIAN_POINT('',(-1.175E1,-6.5E-1,-7.98E0));
#2163=LINE('',#2162,#2161);
#2164=DIRECTION('',(0.E0,9.713990064968E-1,2.374530904770E-1));
#2165=VECTOR('',#2164,9.264987857520E-1);
#2166=CARTESIAN_POINT('',(-1.175E1,-1.55E0,-8.2E0));
#2167=LINE('',#2166,#2165);
#2168=DIRECTION('',(1.E0,0.E0,0.E0));
#2169=VECTOR('',#2168,1.9E0);
#2170=CARTESIAN_POINT('',(-1.365E1,1.05E0,-7.4E0));
#2171=LINE('',#2170,#2169);
#2172=DIRECTION('',(0.E0,9.713990064968E-1,2.374530904770E-1));
#2173=VECTOR('',#2172,9.264987857520E-1);
#2174=CARTESIAN_POINT('',(-1.365E1,-1.55E0,-8.2E0));
#2175=LINE('',#2174,#2173);
#2176=DIRECTION('',(0.E0,0.E0,1.E0));
#2177=VECTOR('',#2176,6.8E-1);
#2178=CARTESIAN_POINT('',(-1.365E1,-6.5E-1,-7.98E0));
#2179=LINE('',#2178,#2177);
#2180=DIRECTION('',(0.E0,1.E0,0.E0));
#2181=VECTOR('',#2180,1.7E0);
#2182=CARTESIAN_POINT('',(-1.365E1,-6.5E-1,-7.3E0));
#2183=LINE('',#2182,#2181);
#2184=DIRECTION('',(0.E0,0.E0,-1.E0));
#2185=VECTOR('',#2184,1.E-1);
#2186=CARTESIAN_POINT('',(-1.365E1,1.05E0,-7.3E0));
#2187=LINE('',#2186,#2185);
#2188=DIRECTION('',(0.E0,1.E0,0.E0));
#2189=VECTOR('',#2188,1.52E0);
#2190=CARTESIAN_POINT('',(-1.365E1,1.05E0,-7.4E0));
#2191=LINE('',#2190,#2189);
#2192=DIRECTION('',(1.E0,0.E0,0.E0));
#2193=VECTOR('',#2192,1.9E0);
#2194=CARTESIAN_POINT('',(-1.365E1,-6.5E-1,-7.98E0));
#2195=LINE('',#2194,#2193);
#2196=DIRECTION('',(1.E0,0.E0,0.E0));
#2197=VECTOR('',#2196,1.9E0);
#2198=CARTESIAN_POINT('',(-1.365E1,-6.5E-1,-7.3E0));
#2199=LINE('',#2198,#2197);
#2200=DIRECTION('',(1.E0,0.E0,0.E0));
#2201=VECTOR('',#2200,1.9E0);
#2202=CARTESIAN_POINT('',(-1.365E1,1.05E0,-7.3E0));
#2203=LINE('',#2202,#2201);
#2204=DIRECTION('',(0.E0,1.E0,0.E0));
#2205=VECTOR('',#2204,1.52E0);
#2206=CARTESIAN_POINT('',(-1.683E1,1.05E0,-7.4E0));
#2207=LINE('',#2206,#2205);
#2208=DIRECTION('',(0.E0,0.E0,-1.E0));
#2209=VECTOR('',#2208,1.E-1);
#2210=CARTESIAN_POINT('',(-1.683E1,1.05E0,-7.3E0));
#2211=LINE('',#2210,#2209);
#2212=DIRECTION('',(0.E0,1.E0,0.E0));
#2213=VECTOR('',#2212,1.7E0);
#2214=CARTESIAN_POINT('',(-1.683E1,-6.5E-1,-7.3E0));
#2215=LINE('',#2214,#2213);
#2216=DIRECTION('',(0.E0,0.E0,1.E0));
#2217=VECTOR('',#2216,6.8E-1);
#2218=CARTESIAN_POINT('',(-1.683E1,-6.5E-1,-7.98E0));
#2219=LINE('',#2218,#2217);
#2220=DIRECTION('',(0.E0,9.713990064968E-1,2.374530904770E-1));
#2221=VECTOR('',#2220,9.264987857520E-1);
#2222=CARTESIAN_POINT('',(-1.683E1,-1.55E0,-8.2E0));
#2223=LINE('',#2222,#2221);
#2224=DIRECTION('',(1.E0,0.E0,0.E0));
#2225=VECTOR('',#2224,1.9E0);
#2226=CARTESIAN_POINT('',(-1.873E1,1.05E0,-7.4E0));
#2227=LINE('',#2226,#2225);
#2228=DIRECTION('',(0.E0,9.713990064968E-1,2.374530904770E-1));
#2229=VECTOR('',#2228,9.264987857520E-1);
#2230=CARTESIAN_POINT('',(-1.873E1,-1.55E0,-8.2E0));
#2231=LINE('',#2230,#2229);
#2232=DIRECTION('',(0.E0,0.E0,1.E0));
#2233=VECTOR('',#2232,6.8E-1);
#2234=CARTESIAN_POINT('',(-1.873E1,-6.5E-1,-7.98E0));
#2235=LINE('',#2234,#2233);
#2236=DIRECTION('',(0.E0,1.E0,0.E0));
#2237=VECTOR('',#2236,1.7E0);
#2238=CARTESIAN_POINT('',(-1.873E1,-6.5E-1,-7.3E0));
#2239=LINE('',#2238,#2237);
#2240=DIRECTION('',(0.E0,0.E0,-1.E0));
#2241=VECTOR('',#2240,1.E-1);
#2242=CARTESIAN_POINT('',(-1.873E1,1.05E0,-7.3E0));
#2243=LINE('',#2242,#2241);
#2244=DIRECTION('',(0.E0,1.E0,0.E0));
#2245=VECTOR('',#2244,1.52E0);
#2246=CARTESIAN_POINT('',(-1.873E1,1.05E0,-7.4E0));
#2247=LINE('',#2246,#2245);
#2248=DIRECTION('',(1.E0,0.E0,0.E0));
#2249=VECTOR('',#2248,1.9E0);
#2250=CARTESIAN_POINT('',(-1.873E1,-6.5E-1,-7.98E0));
#2251=LINE('',#2250,#2249);
#2252=DIRECTION('',(1.E0,0.E0,0.E0));
#2253=VECTOR('',#2252,1.9E0);
#2254=CARTESIAN_POINT('',(-1.873E1,-6.5E-1,-7.3E0));
#2255=LINE('',#2254,#2253);
#2256=DIRECTION('',(1.E0,0.E0,0.E0));
#2257=VECTOR('',#2256,1.9E0);
#2258=CARTESIAN_POINT('',(-1.873E1,1.05E0,-7.3E0));
#2259=LINE('',#2258,#2257);
#2260=DIRECTION('',(0.E0,1.E0,0.E0));
#2261=VECTOR('',#2260,1.52E0);
#2262=CARTESIAN_POINT('',(-2.191E1,1.05E0,-7.4E0));
#2263=LINE('',#2262,#2261);
#2264=DIRECTION('',(0.E0,0.E0,-1.E0));
#2265=VECTOR('',#2264,1.E-1);
#2266=CARTESIAN_POINT('',(-2.191E1,1.05E0,-7.3E0));
#2267=LINE('',#2266,#2265);
#2268=DIRECTION('',(0.E0,1.E0,0.E0));
#2269=VECTOR('',#2268,1.7E0);
#2270=CARTESIAN_POINT('',(-2.191E1,-6.5E-1,-7.3E0));
#2271=LINE('',#2270,#2269);
#2272=DIRECTION('',(0.E0,0.E0,1.E0));
#2273=VECTOR('',#2272,6.8E-1);
#2274=CARTESIAN_POINT('',(-2.191E1,-6.5E-1,-7.98E0));
#2275=LINE('',#2274,#2273);
#2276=DIRECTION('',(0.E0,9.713990064968E-1,2.374530904770E-1));
#2277=VECTOR('',#2276,9.264987857520E-1);
#2278=CARTESIAN_POINT('',(-2.191E1,-1.55E0,-8.2E0));
#2279=LINE('',#2278,#2277);
#2280=DIRECTION('',(1.E0,0.E0,0.E0));
#2281=VECTOR('',#2280,1.9E0);
#2282=CARTESIAN_POINT('',(-2.381E1,1.05E0,-7.4E0));
#2283=LINE('',#2282,#2281);
#2284=DIRECTION('',(0.E0,9.713990064968E-1,2.374530904770E-1));
#2285=VECTOR('',#2284,9.264987857520E-1);
#2286=CARTESIAN_POINT('',(-2.381E1,-1.55E0,-8.2E0));
#2287=LINE('',#2286,#2285);
#2288=DIRECTION('',(0.E0,0.E0,1.E0));
#2289=VECTOR('',#2288,6.8E-1);
#2290=CARTESIAN_POINT('',(-2.381E1,-6.5E-1,-7.98E0));
#2291=LINE('',#2290,#2289);
#2292=DIRECTION('',(0.E0,1.E0,0.E0));
#2293=VECTOR('',#2292,1.7E0);
#2294=CARTESIAN_POINT('',(-2.381E1,-6.5E-1,-7.3E0));
#2295=LINE('',#2294,#2293);
#2296=DIRECTION('',(0.E0,0.E0,-1.E0));
#2297=VECTOR('',#2296,1.E-1);
#2298=CARTESIAN_POINT('',(-2.381E1,1.05E0,-7.3E0));
#2299=LINE('',#2298,#2297);
#2300=DIRECTION('',(0.E0,1.E0,0.E0));
#2301=VECTOR('',#2300,1.52E0);
#2302=CARTESIAN_POINT('',(-2.381E1,1.05E0,-7.4E0));
#2303=LINE('',#2302,#2301);
#2304=DIRECTION('',(1.E0,0.E0,0.E0));
#2305=VECTOR('',#2304,1.9E0);
#2306=CARTESIAN_POINT('',(-2.381E1,-6.5E-1,-7.98E0));
#2307=LINE('',#2306,#2305);
#2308=DIRECTION('',(1.E0,0.E0,0.E0));
#2309=VECTOR('',#2308,1.9E0);
#2310=CARTESIAN_POINT('',(-2.381E1,-6.5E-1,-7.3E0));
#2311=LINE('',#2310,#2309);
#2312=DIRECTION('',(1.E0,0.E0,0.E0));
#2313=VECTOR('',#2312,1.9E0);
#2314=CARTESIAN_POINT('',(-2.381E1,1.05E0,-7.3E0));
#2315=LINE('',#2314,#2313);
#2316=DIRECTION('',(0.E0,1.E0,0.E0));
#2317=VECTOR('',#2316,1.52E0);
#2318=CARTESIAN_POINT('',(-2.699E1,1.05E0,-7.4E0));
#2319=LINE('',#2318,#2317);
#2320=DIRECTION('',(0.E0,0.E0,-1.E0));
#2321=VECTOR('',#2320,1.E-1);
#2322=CARTESIAN_POINT('',(-2.699E1,1.05E0,-7.3E0));
#2323=LINE('',#2322,#2321);
#2324=DIRECTION('',(0.E0,1.E0,0.E0));
#2325=VECTOR('',#2324,1.7E0);
#2326=CARTESIAN_POINT('',(-2.699E1,-6.5E-1,-7.3E0));
#2327=LINE('',#2326,#2325);
#2328=DIRECTION('',(0.E0,0.E0,1.E0));
#2329=VECTOR('',#2328,6.8E-1);
#2330=CARTESIAN_POINT('',(-2.699E1,-6.5E-1,-7.98E0));
#2331=LINE('',#2330,#2329);
#2332=DIRECTION('',(0.E0,9.713990064968E-1,2.374530904770E-1));
#2333=VECTOR('',#2332,9.264987857520E-1);
#2334=CARTESIAN_POINT('',(-2.699E1,-1.55E0,-8.2E0));
#2335=LINE('',#2334,#2333);
#2336=DIRECTION('',(1.E0,0.E0,0.E0));
#2337=VECTOR('',#2336,1.9E0);
#2338=CARTESIAN_POINT('',(-2.889E1,1.05E0,-7.4E0));
#2339=LINE('',#2338,#2337);
#2340=DIRECTION('',(0.E0,9.713990064968E-1,2.374530904770E-1));
#2341=VECTOR('',#2340,9.264987857520E-1);
#2342=CARTESIAN_POINT('',(-2.889E1,-1.55E0,-8.2E0));
#2343=LINE('',#2342,#2341);
#2344=DIRECTION('',(0.E0,0.E0,1.E0));
#2345=VECTOR('',#2344,6.8E-1);
#2346=CARTESIAN_POINT('',(-2.889E1,-6.5E-1,-7.98E0));
#2347=LINE('',#2346,#2345);
#2348=DIRECTION('',(0.E0,1.E0,0.E0));
#2349=VECTOR('',#2348,1.7E0);
#2350=CARTESIAN_POINT('',(-2.889E1,-6.5E-1,-7.3E0));
#2351=LINE('',#2350,#2349);
#2352=DIRECTION('',(0.E0,0.E0,-1.E0));
#2353=VECTOR('',#2352,1.E-1);
#2354=CARTESIAN_POINT('',(-2.889E1,1.05E0,-7.3E0));
#2355=LINE('',#2354,#2353);
#2356=DIRECTION('',(0.E0,1.E0,0.E0));
#2357=VECTOR('',#2356,1.52E0);
#2358=CARTESIAN_POINT('',(-2.889E1,1.05E0,-7.4E0));
#2359=LINE('',#2358,#2357);
#2360=DIRECTION('',(1.E0,0.E0,0.E0));
#2361=VECTOR('',#2360,1.9E0);
#2362=CARTESIAN_POINT('',(-2.889E1,-6.5E-1,-7.98E0));
#2363=LINE('',#2362,#2361);
#2364=DIRECTION('',(1.E0,0.E0,0.E0));
#2365=VECTOR('',#2364,1.9E0);
#2366=CARTESIAN_POINT('',(-2.889E1,-6.5E-1,-7.3E0));
#2367=LINE('',#2366,#2365);
#2368=DIRECTION('',(1.E0,0.E0,0.E0));
#2369=VECTOR('',#2368,1.9E0);
#2370=CARTESIAN_POINT('',(-2.889E1,1.05E0,-7.3E0));
#2371=LINE('',#2370,#2369);
#2372=DIRECTION('',(0.E0,1.E0,0.E0));
#2373=VECTOR('',#2372,1.52E0);
#2374=CARTESIAN_POINT('',(-3.207E1,1.05E0,-7.4E0));
#2375=LINE('',#2374,#2373);
#2376=DIRECTION('',(0.E0,0.E0,-1.E0));
#2377=VECTOR('',#2376,1.E-1);
#2378=CARTESIAN_POINT('',(-3.207E1,1.05E0,-7.3E0));
#2379=LINE('',#2378,#2377);
#2380=DIRECTION('',(0.E0,1.E0,0.E0));
#2381=VECTOR('',#2380,1.7E0);
#2382=CARTESIAN_POINT('',(-3.207E1,-6.5E-1,-7.3E0));
#2383=LINE('',#2382,#2381);
#2384=DIRECTION('',(0.E0,0.E0,1.E0));
#2385=VECTOR('',#2384,6.8E-1);
#2386=CARTESIAN_POINT('',(-3.207E1,-6.5E-1,-7.98E0));
#2387=LINE('',#2386,#2385);
#2388=DIRECTION('',(0.E0,9.713990064968E-1,2.374530904770E-1));
#2389=VECTOR('',#2388,9.264987857520E-1);
#2390=CARTESIAN_POINT('',(-3.207E1,-1.55E0,-8.2E0));
#2391=LINE('',#2390,#2389);
#2392=DIRECTION('',(1.E0,0.E0,0.E0));
#2393=VECTOR('',#2392,1.9E0);
#2394=CARTESIAN_POINT('',(-3.397E1,1.05E0,-7.4E0));
#2395=LINE('',#2394,#2393);
#2396=DIRECTION('',(0.E0,9.713990064968E-1,2.374530904770E-1));
#2397=VECTOR('',#2396,9.264987857520E-1);
#2398=CARTESIAN_POINT('',(-3.397E1,-1.55E0,-8.2E0));
#2399=LINE('',#2398,#2397);
#2400=DIRECTION('',(0.E0,0.E0,1.E0));
#2401=VECTOR('',#2400,6.8E-1);
#2402=CARTESIAN_POINT('',(-3.397E1,-6.5E-1,-7.98E0));
#2403=LINE('',#2402,#2401);
#2404=DIRECTION('',(0.E0,1.E0,0.E0));
#2405=VECTOR('',#2404,1.7E0);
#2406=CARTESIAN_POINT('',(-3.397E1,-6.5E-1,-7.3E0));
#2407=LINE('',#2406,#2405);
#2408=DIRECTION('',(0.E0,0.E0,-1.E0));
#2409=VECTOR('',#2408,1.E-1);
#2410=CARTESIAN_POINT('',(-3.397E1,1.05E0,-7.3E0));
#2411=LINE('',#2410,#2409);
#2412=DIRECTION('',(0.E0,1.E0,0.E0));
#2413=VECTOR('',#2412,1.52E0);
#2414=CARTESIAN_POINT('',(-3.397E1,1.05E0,-7.4E0));
#2415=LINE('',#2414,#2413);
#2416=DIRECTION('',(1.E0,0.E0,0.E0));
#2417=VECTOR('',#2416,1.9E0);
#2418=CARTESIAN_POINT('',(-3.397E1,-6.5E-1,-7.98E0));
#2419=LINE('',#2418,#2417);
#2420=DIRECTION('',(1.E0,0.E0,0.E0));
#2421=VECTOR('',#2420,1.9E0);
#2422=CARTESIAN_POINT('',(-3.397E1,-6.5E-1,-7.3E0));
#2423=LINE('',#2422,#2421);
#2424=DIRECTION('',(1.E0,0.E0,0.E0));
#2425=VECTOR('',#2424,1.9E0);
#2426=CARTESIAN_POINT('',(-3.397E1,1.05E0,-7.3E0));
#2427=LINE('',#2426,#2425);
#2428=DIRECTION('',(0.E0,0.E0,-1.E0));
#2429=VECTOR('',#2428,8.2E0);
#2430=CARTESIAN_POINT('',(-3.092E1,-2.55E0,0.E0));
#2431=LINE('',#2430,#2429);
#2432=DIRECTION('',(1.E0,0.E0,0.E0));
#2433=VECTOR('',#2432,9.E-1);
#2434=CARTESIAN_POINT('',(-3.347E1,-2.55E0,-4.35E0));
#2435=LINE('',#2434,#2433);
#2436=DIRECTION('',(0.E0,0.E0,1.E0));
#2437=VECTOR('',#2436,5.E-1);
#2438=CARTESIAN_POINT('',(-3.257E1,-2.55E0,-4.35E0));
#2439=LINE('',#2438,#2437);
#2440=DIRECTION('',(1.E0,0.E0,0.E0));
#2441=VECTOR('',#2440,9.E-1);
#2442=CARTESIAN_POINT('',(-3.347E1,-2.55E0,-3.85E0));
#2443=LINE('',#2442,#2441);
#2444=DIRECTION('',(0.E0,0.E0,1.E0));
#2445=VECTOR('',#2444,5.E-1);
#2446=CARTESIAN_POINT('',(-3.347E1,-2.55E0,-4.35E0));
#2447=LINE('',#2446,#2445);
#2448=DIRECTION('',(0.E0,-1.E0,0.E0));
#2449=VECTOR('',#2448,2.7E0);
#2450=CARTESIAN_POINT('',(-3.347E1,-2.55E0,-4.35E0));
#2451=LINE('',#2450,#2449);
#2452=DIRECTION('',(1.961161351382E-1,-9.805806756909E-1,0.E0));
#2453=VECTOR('',#2452,1.019803902719E0);
#2454=CARTESIAN_POINT('',(-3.347E1,-5.25E0,-4.35E0));
#2455=LINE('',#2454,#2453);
#2456=DIRECTION('',(1.E0,0.E0,0.E0));
#2457=VECTOR('',#2456,5.E-1);
#2458=CARTESIAN_POINT('',(-3.327E1,-6.25E0,-4.35E0));
#2459=LINE('',#2458,#2457);
#2460=DIRECTION('',(1.961161351382E-1,9.805806756909E-1,0.E0));
#2461=VECTOR('',#2460,1.019803902719E0);
#2462=CARTESIAN_POINT('',(-3.277E1,-6.25E0,-4.35E0));
#2463=LINE('',#2462,#2461);
#2464=DIRECTION('',(0.E0,1.E0,0.E0));
#2465=VECTOR('',#2464,2.7E0);
#2466=CARTESIAN_POINT('',(-3.257E1,-5.25E0,-4.35E0));
#2467=LINE('',#2466,#2465);
#2468=DIRECTION('',(0.E0,1.E0,0.E0));
#2469=VECTOR('',#2468,2.7E0);
#2470=CARTESIAN_POINT('',(-3.257E1,-5.25E0,-3.85E0));
#2471=LINE('',#2470,#2469);
#2472=DIRECTION('',(1.961161351382E-1,9.805806756909E-1,0.E0));
#2473=VECTOR('',#2472,1.019803902719E0);
#2474=CARTESIAN_POINT('',(-3.277E1,-6.25E0,-3.85E0));
#2475=LINE('',#2474,#2473);
#2476=DIRECTION('',(1.E0,0.E0,0.E0));
#2477=VECTOR('',#2476,5.E-1);
#2478=CARTESIAN_POINT('',(-3.327E1,-6.25E0,-3.85E0));
#2479=LINE('',#2478,#2477);
#2480=DIRECTION('',(1.961161351382E-1,-9.805806756909E-1,0.E0));
#2481=VECTOR('',#2480,1.019803902719E0);
#2482=CARTESIAN_POINT('',(-3.347E1,-5.25E0,-3.85E0));
#2483=LINE('',#2482,#2481);
#2484=DIRECTION('',(0.E0,-1.E0,0.E0));
#2485=VECTOR('',#2484,2.7E0);
#2486=CARTESIAN_POINT('',(-3.347E1,-2.55E0,-3.85E0));
#2487=LINE('',#2486,#2485);
#2488=DIRECTION('',(0.E0,0.E0,1.E0));
#2489=VECTOR('',#2488,5.E-1);
#2490=CARTESIAN_POINT('',(-3.257E1,-5.25E0,-4.35E0));
#2491=LINE('',#2490,#2489);
#2492=DIRECTION('',(0.E0,0.E0,1.E0));
#2493=VECTOR('',#2492,5.E-1);
#2494=CARTESIAN_POINT('',(-3.277E1,-6.25E0,-4.35E0));
#2495=LINE('',#2494,#2493);
#2496=DIRECTION('',(0.E0,0.E0,1.E0));
#2497=VECTOR('',#2496,5.E-1);
#2498=CARTESIAN_POINT('',(-3.327E1,-6.25E0,-4.35E0));
#2499=LINE('',#2498,#2497);
#2500=DIRECTION('',(0.E0,0.E0,1.E0));
#2501=VECTOR('',#2500,5.E-1);
#2502=CARTESIAN_POINT('',(-3.347E1,-5.25E0,-4.35E0));
#2503=LINE('',#2502,#2501);
#2504=DIRECTION('',(0.E0,0.E0,-1.E0));
#2505=VECTOR('',#2504,8.2E0);
#2506=CARTESIAN_POINT('',(-3.004E1,-2.55E0,0.E0));
#2507=LINE('',#2506,#2505);
#2508=DIRECTION('',(0.E0,0.E0,-1.E0));
#2509=VECTOR('',#2508,8.2E0);
#2510=CARTESIAN_POINT('',(-2.584E1,-2.55E0,0.E0));
#2511=LINE('',#2510,#2509);
#2512=DIRECTION('',(1.E0,0.E0,0.E0));
#2513=VECTOR('',#2512,9.E-1);
#2514=CARTESIAN_POINT('',(-2.839E1,-2.55E0,-4.35E0));
#2515=LINE('',#2514,#2513);
#2516=DIRECTION('',(0.E0,0.E0,1.E0));
#2517=VECTOR('',#2516,5.E-1);
#2518=CARTESIAN_POINT('',(-2.749E1,-2.55E0,-4.35E0));
#2519=LINE('',#2518,#2517);
#2520=DIRECTION('',(1.E0,0.E0,0.E0));
#2521=VECTOR('',#2520,9.E-1);
#2522=CARTESIAN_POINT('',(-2.839E1,-2.55E0,-3.85E0));
#2523=LINE('',#2522,#2521);
#2524=DIRECTION('',(0.E0,0.E0,1.E0));
#2525=VECTOR('',#2524,5.E-1);
#2526=CARTESIAN_POINT('',(-2.839E1,-2.55E0,-4.35E0));
#2527=LINE('',#2526,#2525);
#2528=DIRECTION('',(0.E0,-1.E0,0.E0));
#2529=VECTOR('',#2528,2.7E0);
#2530=CARTESIAN_POINT('',(-2.839E1,-2.55E0,-4.35E0));
#2531=LINE('',#2530,#2529);
#2532=DIRECTION('',(1.961161351382E-1,-9.805806756909E-1,0.E0));
#2533=VECTOR('',#2532,1.019803902719E0);
#2534=CARTESIAN_POINT('',(-2.839E1,-5.25E0,-4.35E0));
#2535=LINE('',#2534,#2533);
#2536=DIRECTION('',(1.E0,0.E0,0.E0));
#2537=VECTOR('',#2536,5.E-1);
#2538=CARTESIAN_POINT('',(-2.819E1,-6.25E0,-4.35E0));
#2539=LINE('',#2538,#2537);
#2540=DIRECTION('',(1.961161351382E-1,9.805806756909E-1,0.E0));
#2541=VECTOR('',#2540,1.019803902719E0);
#2542=CARTESIAN_POINT('',(-2.769E1,-6.25E0,-4.35E0));
#2543=LINE('',#2542,#2541);
#2544=DIRECTION('',(0.E0,1.E0,0.E0));
#2545=VECTOR('',#2544,2.7E0);
#2546=CARTESIAN_POINT('',(-2.749E1,-5.25E0,-4.35E0));
#2547=LINE('',#2546,#2545);
#2548=DIRECTION('',(0.E0,1.E0,0.E0));
#2549=VECTOR('',#2548,2.7E0);
#2550=CARTESIAN_POINT('',(-2.749E1,-5.25E0,-3.85E0));
#2551=LINE('',#2550,#2549);
#2552=DIRECTION('',(1.961161351382E-1,9.805806756909E-1,0.E0));
#2553=VECTOR('',#2552,1.019803902719E0);
#2554=CARTESIAN_POINT('',(-2.769E1,-6.25E0,-3.85E0));
#2555=LINE('',#2554,#2553);
#2556=DIRECTION('',(1.E0,0.E0,0.E0));
#2557=VECTOR('',#2556,5.E-1);
#2558=CARTESIAN_POINT('',(-2.819E1,-6.25E0,-3.85E0));
#2559=LINE('',#2558,#2557);
#2560=DIRECTION('',(1.961161351382E-1,-9.805806756909E-1,0.E0));
#2561=VECTOR('',#2560,1.019803902719E0);
#2562=CARTESIAN_POINT('',(-2.839E1,-5.25E0,-3.85E0));
#2563=LINE('',#2562,#2561);
#2564=DIRECTION('',(0.E0,-1.E0,0.E0));
#2565=VECTOR('',#2564,2.7E0);
#2566=CARTESIAN_POINT('',(-2.839E1,-2.55E0,-3.85E0));
#2567=LINE('',#2566,#2565);
#2568=DIRECTION('',(0.E0,0.E0,1.E0));
#2569=VECTOR('',#2568,5.E-1);
#2570=CARTESIAN_POINT('',(-2.749E1,-5.25E0,-4.35E0));
#2571=LINE('',#2570,#2569);
#2572=DIRECTION('',(0.E0,0.E0,1.E0));
#2573=VECTOR('',#2572,5.E-1);
#2574=CARTESIAN_POINT('',(-2.769E1,-6.25E0,-4.35E0));
#2575=LINE('',#2574,#2573);
#2576=DIRECTION('',(0.E0,0.E0,1.E0));
#2577=VECTOR('',#2576,5.E-1);
#2578=CARTESIAN_POINT('',(-2.819E1,-6.25E0,-4.35E0));
#2579=LINE('',#2578,#2577);
#2580=DIRECTION('',(0.E0,0.E0,1.E0));
#2581=VECTOR('',#2580,5.E-1);
#2582=CARTESIAN_POINT('',(-2.839E1,-5.25E0,-4.35E0));
#2583=LINE('',#2582,#2581);
#2584=DIRECTION('',(0.E0,0.E0,-1.E0));
#2585=VECTOR('',#2584,8.2E0);
#2586=CARTESIAN_POINT('',(-2.496E1,-2.55E0,0.E0));
#2587=LINE('',#2586,#2585);
#2588=DIRECTION('',(0.E0,0.E0,-1.E0));
#2589=VECTOR('',#2588,8.2E0);
#2590=CARTESIAN_POINT('',(-2.076E1,-2.55E0,0.E0));
#2591=LINE('',#2590,#2589);
#2592=DIRECTION('',(1.E0,0.E0,0.E0));
#2593=VECTOR('',#2592,9.E-1);
#2594=CARTESIAN_POINT('',(-2.331E1,-2.55E0,-4.35E0));
#2595=LINE('',#2594,#2593);
#2596=DIRECTION('',(0.E0,0.E0,1.E0));
#2597=VECTOR('',#2596,5.E-1);
#2598=CARTESIAN_POINT('',(-2.241E1,-2.55E0,-4.35E0));
#2599=LINE('',#2598,#2597);
#2600=DIRECTION('',(1.E0,0.E0,0.E0));
#2601=VECTOR('',#2600,9.E-1);
#2602=CARTESIAN_POINT('',(-2.331E1,-2.55E0,-3.85E0));
#2603=LINE('',#2602,#2601);
#2604=DIRECTION('',(0.E0,0.E0,1.E0));
#2605=VECTOR('',#2604,5.E-1);
#2606=CARTESIAN_POINT('',(-2.331E1,-2.55E0,-4.35E0));
#2607=LINE('',#2606,#2605);
#2608=DIRECTION('',(0.E0,-1.E0,0.E0));
#2609=VECTOR('',#2608,2.7E0);
#2610=CARTESIAN_POINT('',(-2.331E1,-2.55E0,-4.35E0));
#2611=LINE('',#2610,#2609);
#2612=DIRECTION('',(1.961161351382E-1,-9.805806756909E-1,0.E0));
#2613=VECTOR('',#2612,1.019803902719E0);
#2614=CARTESIAN_POINT('',(-2.331E1,-5.25E0,-4.35E0));
#2615=LINE('',#2614,#2613);
#2616=DIRECTION('',(1.E0,0.E0,0.E0));
#2617=VECTOR('',#2616,5.E-1);
#2618=CARTESIAN_POINT('',(-2.311E1,-6.25E0,-4.35E0));
#2619=LINE('',#2618,#2617);
#2620=DIRECTION('',(1.961161351382E-1,9.805806756909E-1,0.E0));
#2621=VECTOR('',#2620,1.019803902719E0);
#2622=CARTESIAN_POINT('',(-2.261E1,-6.25E0,-4.35E0));
#2623=LINE('',#2622,#2621);
#2624=DIRECTION('',(0.E0,1.E0,0.E0));
#2625=VECTOR('',#2624,2.7E0);
#2626=CARTESIAN_POINT('',(-2.241E1,-5.25E0,-4.35E0));
#2627=LINE('',#2626,#2625);
#2628=DIRECTION('',(0.E0,1.E0,0.E0));
#2629=VECTOR('',#2628,2.7E0);
#2630=CARTESIAN_POINT('',(-2.241E1,-5.25E0,-3.85E0));
#2631=LINE('',#2630,#2629);
#2632=DIRECTION('',(1.961161351382E-1,9.805806756909E-1,0.E0));
#2633=VECTOR('',#2632,1.019803902719E0);
#2634=CARTESIAN_POINT('',(-2.261E1,-6.25E0,-3.85E0));
#2635=LINE('',#2634,#2633);
#2636=DIRECTION('',(1.E0,0.E0,0.E0));
#2637=VECTOR('',#2636,5.E-1);
#2638=CARTESIAN_POINT('',(-2.311E1,-6.25E0,-3.85E0));
#2639=LINE('',#2638,#2637);
#2640=DIRECTION('',(1.961161351382E-1,-9.805806756909E-1,0.E0));
#2641=VECTOR('',#2640,1.019803902719E0);
#2642=CARTESIAN_POINT('',(-2.331E1,-5.25E0,-3.85E0));
#2643=LINE('',#2642,#2641);
#2644=DIRECTION('',(0.E0,-1.E0,0.E0));
#2645=VECTOR('',#2644,2.7E0);
#2646=CARTESIAN_POINT('',(-2.331E1,-2.55E0,-3.85E0));
#2647=LINE('',#2646,#2645);
#2648=DIRECTION('',(0.E0,0.E0,1.E0));
#2649=VECTOR('',#2648,5.E-1);
#2650=CARTESIAN_POINT('',(-2.241E1,-5.25E0,-4.35E0));
#2651=LINE('',#2650,#2649);
#2652=DIRECTION('',(0.E0,0.E0,1.E0));
#2653=VECTOR('',#2652,5.E-1);
#2654=CARTESIAN_POINT('',(-2.261E1,-6.25E0,-4.35E0));
#2655=LINE('',#2654,#2653);
#2656=DIRECTION('',(0.E0,0.E0,1.E0));
#2657=VECTOR('',#2656,5.E-1);
#2658=CARTESIAN_POINT('',(-2.311E1,-6.25E0,-4.35E0));
#2659=LINE('',#2658,#2657);
#2660=DIRECTION('',(0.E0,0.E0,1.E0));
#2661=VECTOR('',#2660,5.E-1);
#2662=CARTESIAN_POINT('',(-2.331E1,-5.25E0,-4.35E0));
#2663=LINE('',#2662,#2661);
#2664=DIRECTION('',(0.E0,0.E0,-1.E0));
#2665=VECTOR('',#2664,8.2E0);
#2666=CARTESIAN_POINT('',(-1.988E1,-2.55E0,0.E0));
#2667=LINE('',#2666,#2665);
#2668=DIRECTION('',(0.E0,0.E0,-1.E0));
#2669=VECTOR('',#2668,8.2E0);
#2670=CARTESIAN_POINT('',(-1.568E1,-2.55E0,0.E0));
#2671=LINE('',#2670,#2669);
#2672=DIRECTION('',(1.E0,0.E0,0.E0));
#2673=VECTOR('',#2672,9.E-1);
#2674=CARTESIAN_POINT('',(-1.823E1,-2.55E0,-4.35E0));
#2675=LINE('',#2674,#2673);
#2676=DIRECTION('',(0.E0,0.E0,1.E0));
#2677=VECTOR('',#2676,5.E-1);
#2678=CARTESIAN_POINT('',(-1.733E1,-2.55E0,-4.35E0));
#2679=LINE('',#2678,#2677);
#2680=DIRECTION('',(1.E0,0.E0,0.E0));
#2681=VECTOR('',#2680,9.E-1);
#2682=CARTESIAN_POINT('',(-1.823E1,-2.55E0,-3.85E0));
#2683=LINE('',#2682,#2681);
#2684=DIRECTION('',(0.E0,0.E0,1.E0));
#2685=VECTOR('',#2684,5.E-1);
#2686=CARTESIAN_POINT('',(-1.823E1,-2.55E0,-4.35E0));
#2687=LINE('',#2686,#2685);
#2688=DIRECTION('',(0.E0,-1.E0,0.E0));
#2689=VECTOR('',#2688,2.7E0);
#2690=CARTESIAN_POINT('',(-1.823E1,-2.55E0,-4.35E0));
#2691=LINE('',#2690,#2689);
#2692=DIRECTION('',(1.961161351382E-1,-9.805806756909E-1,0.E0));
#2693=VECTOR('',#2692,1.019803902719E0);
#2694=CARTESIAN_POINT('',(-1.823E1,-5.25E0,-4.35E0));
#2695=LINE('',#2694,#2693);
#2696=DIRECTION('',(1.E0,0.E0,0.E0));
#2697=VECTOR('',#2696,5.E-1);
#2698=CARTESIAN_POINT('',(-1.803E1,-6.25E0,-4.35E0));
#2699=LINE('',#2698,#2697);
#2700=DIRECTION('',(1.961161351382E-1,9.805806756909E-1,0.E0));
#2701=VECTOR('',#2700,1.019803902719E0);
#2702=CARTESIAN_POINT('',(-1.753E1,-6.25E0,-4.35E0));
#2703=LINE('',#2702,#2701);
#2704=DIRECTION('',(0.E0,1.E0,0.E0));
#2705=VECTOR('',#2704,2.7E0);
#2706=CARTESIAN_POINT('',(-1.733E1,-5.25E0,-4.35E0));
#2707=LINE('',#2706,#2705);
#2708=DIRECTION('',(0.E0,1.E0,0.E0));
#2709=VECTOR('',#2708,2.7E0);
#2710=CARTESIAN_POINT('',(-1.733E1,-5.25E0,-3.85E0));
#2711=LINE('',#2710,#2709);
#2712=DIRECTION('',(1.961161351382E-1,9.805806756909E-1,0.E0));
#2713=VECTOR('',#2712,1.019803902719E0);
#2714=CARTESIAN_POINT('',(-1.753E1,-6.25E0,-3.85E0));
#2715=LINE('',#2714,#2713);
#2716=DIRECTION('',(1.E0,0.E0,0.E0));
#2717=VECTOR('',#2716,5.E-1);
#2718=CARTESIAN_POINT('',(-1.803E1,-6.25E0,-3.85E0));
#2719=LINE('',#2718,#2717);
#2720=DIRECTION('',(1.961161351382E-1,-9.805806756909E-1,0.E0));
#2721=VECTOR('',#2720,1.019803902719E0);
#2722=CARTESIAN_POINT('',(-1.823E1,-5.25E0,-3.85E0));
#2723=LINE('',#2722,#2721);
#2724=DIRECTION('',(0.E0,-1.E0,0.E0));
#2725=VECTOR('',#2724,2.7E0);
#2726=CARTESIAN_POINT('',(-1.823E1,-2.55E0,-3.85E0));
#2727=LINE('',#2726,#2725);
#2728=DIRECTION('',(0.E0,0.E0,1.E0));
#2729=VECTOR('',#2728,5.E-1);
#2730=CARTESIAN_POINT('',(-1.733E1,-5.25E0,-4.35E0));
#2731=LINE('',#2730,#2729);
#2732=DIRECTION('',(0.E0,0.E0,1.E0));
#2733=VECTOR('',#2732,5.E-1);
#2734=CARTESIAN_POINT('',(-1.753E1,-6.25E0,-4.35E0));
#2735=LINE('',#2734,#2733);
#2736=DIRECTION('',(0.E0,0.E0,1.E0));
#2737=VECTOR('',#2736,5.E-1);
#2738=CARTESIAN_POINT('',(-1.803E1,-6.25E0,-4.35E0));
#2739=LINE('',#2738,#2737);
#2740=DIRECTION('',(0.E0,0.E0,1.E0));
#2741=VECTOR('',#2740,5.E-1);
#2742=CARTESIAN_POINT('',(-1.823E1,-5.25E0,-4.35E0));
#2743=LINE('',#2742,#2741);
#2744=DIRECTION('',(0.E0,0.E0,-1.E0));
#2745=VECTOR('',#2744,8.2E0);
#2746=CARTESIAN_POINT('',(-1.48E1,-2.55E0,0.E0));
#2747=LINE('',#2746,#2745);
#2748=DIRECTION('',(0.E0,0.E0,-1.E0));
#2749=VECTOR('',#2748,8.2E0);
#2750=CARTESIAN_POINT('',(-1.06E1,-2.55E0,0.E0));
#2751=LINE('',#2750,#2749);
#2752=DIRECTION('',(1.E0,0.E0,0.E0));
#2753=VECTOR('',#2752,9.E-1);
#2754=CARTESIAN_POINT('',(-1.315E1,-2.55E0,-4.35E0));
#2755=LINE('',#2754,#2753);
#2756=DIRECTION('',(0.E0,0.E0,1.E0));
#2757=VECTOR('',#2756,5.E-1);
#2758=CARTESIAN_POINT('',(-1.225E1,-2.55E0,-4.35E0));
#2759=LINE('',#2758,#2757);
#2760=DIRECTION('',(1.E0,0.E0,0.E0));
#2761=VECTOR('',#2760,9.E-1);
#2762=CARTESIAN_POINT('',(-1.315E1,-2.55E0,-3.85E0));
#2763=LINE('',#2762,#2761);
#2764=DIRECTION('',(0.E0,0.E0,1.E0));
#2765=VECTOR('',#2764,5.E-1);
#2766=CARTESIAN_POINT('',(-1.315E1,-2.55E0,-4.35E0));
#2767=LINE('',#2766,#2765);
#2768=DIRECTION('',(0.E0,-1.E0,0.E0));
#2769=VECTOR('',#2768,2.7E0);
#2770=CARTESIAN_POINT('',(-1.315E1,-2.55E0,-4.35E0));
#2771=LINE('',#2770,#2769);
#2772=DIRECTION('',(1.961161351382E-1,-9.805806756909E-1,0.E0));
#2773=VECTOR('',#2772,1.019803902719E0);
#2774=CARTESIAN_POINT('',(-1.315E1,-5.25E0,-4.35E0));
#2775=LINE('',#2774,#2773);
#2776=DIRECTION('',(1.E0,0.E0,0.E0));
#2777=VECTOR('',#2776,5.E-1);
#2778=CARTESIAN_POINT('',(-1.295E1,-6.25E0,-4.35E0));
#2779=LINE('',#2778,#2777);
#2780=DIRECTION('',(1.961161351382E-1,9.805806756909E-1,0.E0));
#2781=VECTOR('',#2780,1.019803902719E0);
#2782=CARTESIAN_POINT('',(-1.245E1,-6.25E0,-4.35E0));
#2783=LINE('',#2782,#2781);
#2784=DIRECTION('',(0.E0,1.E0,0.E0));
#2785=VECTOR('',#2784,2.7E0);
#2786=CARTESIAN_POINT('',(-1.225E1,-5.25E0,-4.35E0));
#2787=LINE('',#2786,#2785);
#2788=DIRECTION('',(0.E0,1.E0,0.E0));
#2789=VECTOR('',#2788,2.7E0);
#2790=CARTESIAN_POINT('',(-1.225E1,-5.25E0,-3.85E0));
#2791=LINE('',#2790,#2789);
#2792=DIRECTION('',(1.961161351382E-1,9.805806756909E-1,0.E0));
#2793=VECTOR('',#2792,1.019803902719E0);
#2794=CARTESIAN_POINT('',(-1.245E1,-6.25E0,-3.85E0));
#2795=LINE('',#2794,#2793);
#2796=DIRECTION('',(1.E0,0.E0,0.E0));
#2797=VECTOR('',#2796,5.E-1);
#2798=CARTESIAN_POINT('',(-1.295E1,-6.25E0,-3.85E0));
#2799=LINE('',#2798,#2797);
#2800=DIRECTION('',(1.961161351382E-1,-9.805806756909E-1,0.E0));
#2801=VECTOR('',#2800,1.019803902719E0);
#2802=CARTESIAN_POINT('',(-1.315E1,-5.25E0,-3.85E0));
#2803=LINE('',#2802,#2801);
#2804=DIRECTION('',(0.E0,-1.E0,0.E0));
#2805=VECTOR('',#2804,2.7E0);
#2806=CARTESIAN_POINT('',(-1.315E1,-2.55E0,-3.85E0));
#2807=LINE('',#2806,#2805);
#2808=DIRECTION('',(0.E0,0.E0,1.E0));
#2809=VECTOR('',#2808,5.E-1);
#2810=CARTESIAN_POINT('',(-1.225E1,-5.25E0,-4.35E0));
#2811=LINE('',#2810,#2809);
#2812=DIRECTION('',(0.E0,0.E0,1.E0));
#2813=VECTOR('',#2812,5.E-1);
#2814=CARTESIAN_POINT('',(-1.245E1,-6.25E0,-4.35E0));
#2815=LINE('',#2814,#2813);
#2816=DIRECTION('',(0.E0,0.E0,1.E0));
#2817=VECTOR('',#2816,5.E-1);
#2818=CARTESIAN_POINT('',(-1.295E1,-6.25E0,-4.35E0));
#2819=LINE('',#2818,#2817);
#2820=DIRECTION('',(0.E0,0.E0,1.E0));
#2821=VECTOR('',#2820,5.E-1);
#2822=CARTESIAN_POINT('',(-1.315E1,-5.25E0,-4.35E0));
#2823=LINE('',#2822,#2821);
#2824=DIRECTION('',(0.E0,0.E0,-1.E0));
#2825=VECTOR('',#2824,8.2E0);
#2826=CARTESIAN_POINT('',(-9.72E0,-2.55E0,0.E0));
#2827=LINE('',#2826,#2825);
#2828=DIRECTION('',(0.E0,0.E0,-1.E0));
#2829=VECTOR('',#2828,8.2E0);
#2830=CARTESIAN_POINT('',(-5.52E0,-2.55E0,0.E0));
#2831=LINE('',#2830,#2829);
#2832=DIRECTION('',(1.E0,0.E0,0.E0));
#2833=VECTOR('',#2832,9.E-1);
#2834=CARTESIAN_POINT('',(-8.07E0,-2.55E0,-4.35E0));
#2835=LINE('',#2834,#2833);
#2836=DIRECTION('',(0.E0,0.E0,1.E0));
#2837=VECTOR('',#2836,5.E-1);
#2838=CARTESIAN_POINT('',(-7.17E0,-2.55E0,-4.35E0));
#2839=LINE('',#2838,#2837);
#2840=DIRECTION('',(1.E0,0.E0,0.E0));
#2841=VECTOR('',#2840,9.E-1);
#2842=CARTESIAN_POINT('',(-8.07E0,-2.55E0,-3.85E0));
#2843=LINE('',#2842,#2841);
#2844=DIRECTION('',(0.E0,0.E0,1.E0));
#2845=VECTOR('',#2844,5.E-1);
#2846=CARTESIAN_POINT('',(-8.07E0,-2.55E0,-4.35E0));
#2847=LINE('',#2846,#2845);
#2848=DIRECTION('',(0.E0,-1.E0,0.E0));
#2849=VECTOR('',#2848,2.7E0);
#2850=CARTESIAN_POINT('',(-8.07E0,-2.55E0,-4.35E0));
#2851=LINE('',#2850,#2849);
#2852=DIRECTION('',(1.961161351382E-1,-9.805806756909E-1,0.E0));
#2853=VECTOR('',#2852,1.019803902719E0);
#2854=CARTESIAN_POINT('',(-8.07E0,-5.25E0,-4.35E0));
#2855=LINE('',#2854,#2853);
#2856=DIRECTION('',(1.E0,0.E0,0.E0));
#2857=VECTOR('',#2856,5.E-1);
#2858=CARTESIAN_POINT('',(-7.87E0,-6.25E0,-4.35E0));
#2859=LINE('',#2858,#2857);
#2860=DIRECTION('',(1.961161351382E-1,9.805806756909E-1,0.E0));
#2861=VECTOR('',#2860,1.019803902719E0);
#2862=CARTESIAN_POINT('',(-7.37E0,-6.25E0,-4.35E0));
#2863=LINE('',#2862,#2861);
#2864=DIRECTION('',(0.E0,1.E0,0.E0));
#2865=VECTOR('',#2864,2.7E0);
#2866=CARTESIAN_POINT('',(-7.17E0,-5.25E0,-4.35E0));
#2867=LINE('',#2866,#2865);
#2868=DIRECTION('',(0.E0,1.E0,0.E0));
#2869=VECTOR('',#2868,2.7E0);
#2870=CARTESIAN_POINT('',(-7.17E0,-5.25E0,-3.85E0));
#2871=LINE('',#2870,#2869);
#2872=DIRECTION('',(1.961161351382E-1,9.805806756909E-1,0.E0));
#2873=VECTOR('',#2872,1.019803902719E0);
#2874=CARTESIAN_POINT('',(-7.37E0,-6.25E0,-3.85E0));
#2875=LINE('',#2874,#2873);
#2876=DIRECTION('',(1.E0,0.E0,0.E0));
#2877=VECTOR('',#2876,5.E-1);
#2878=CARTESIAN_POINT('',(-7.87E0,-6.25E0,-3.85E0));
#2879=LINE('',#2878,#2877);
#2880=DIRECTION('',(1.961161351382E-1,-9.805806756909E-1,0.E0));
#2881=VECTOR('',#2880,1.019803902719E0);
#2882=CARTESIAN_POINT('',(-8.07E0,-5.25E0,-3.85E0));
#2883=LINE('',#2882,#2881);
#2884=DIRECTION('',(0.E0,-1.E0,0.E0));
#2885=VECTOR('',#2884,2.7E0);
#2886=CARTESIAN_POINT('',(-8.07E0,-2.55E0,-3.85E0));
#2887=LINE('',#2886,#2885);
#2888=DIRECTION('',(0.E0,0.E0,1.E0));
#2889=VECTOR('',#2888,5.E-1);
#2890=CARTESIAN_POINT('',(-7.17E0,-5.25E0,-4.35E0));
#2891=LINE('',#2890,#2889);
#2892=DIRECTION('',(0.E0,0.E0,1.E0));
#2893=VECTOR('',#2892,5.E-1);
#2894=CARTESIAN_POINT('',(-7.37E0,-6.25E0,-4.35E0));
#2895=LINE('',#2894,#2893);
#2896=DIRECTION('',(0.E0,0.E0,1.E0));
#2897=VECTOR('',#2896,5.E-1);
#2898=CARTESIAN_POINT('',(-7.87E0,-6.25E0,-4.35E0));
#2899=LINE('',#2898,#2897);
#2900=DIRECTION('',(0.E0,0.E0,1.E0));
#2901=VECTOR('',#2900,5.E-1);
#2902=CARTESIAN_POINT('',(-8.07E0,-5.25E0,-4.35E0));
#2903=LINE('',#2902,#2901);
#2904=DIRECTION('',(0.E0,0.E0,-1.E0));
#2905=VECTOR('',#2904,8.2E0);
#2906=CARTESIAN_POINT('',(-4.64E0,-2.55E0,0.E0));
#2907=LINE('',#2906,#2905);
#2908=DIRECTION('',(0.E0,0.E0,-1.E0));
#2909=VECTOR('',#2908,8.2E0);
#2910=CARTESIAN_POINT('',(-4.4E-1,-2.55E0,0.E0));
#2911=LINE('',#2910,#2909);
#2912=DIRECTION('',(1.E0,0.E0,0.E0));
#2913=VECTOR('',#2912,9.E-1);
#2914=CARTESIAN_POINT('',(-2.99E0,-2.55E0,-4.35E0));
#2915=LINE('',#2914,#2913);
#2916=DIRECTION('',(0.E0,0.E0,1.E0));
#2917=VECTOR('',#2916,5.E-1);
#2918=CARTESIAN_POINT('',(-2.09E0,-2.55E0,-4.35E0));
#2919=LINE('',#2918,#2917);
#2920=DIRECTION('',(1.E0,0.E0,0.E0));
#2921=VECTOR('',#2920,9.E-1);
#2922=CARTESIAN_POINT('',(-2.99E0,-2.55E0,-3.85E0));
#2923=LINE('',#2922,#2921);
#2924=DIRECTION('',(0.E0,0.E0,1.E0));
#2925=VECTOR('',#2924,5.E-1);
#2926=CARTESIAN_POINT('',(-2.99E0,-2.55E0,-4.35E0));
#2927=LINE('',#2926,#2925);
#2928=DIRECTION('',(0.E0,-1.E0,0.E0));
#2929=VECTOR('',#2928,2.7E0);
#2930=CARTESIAN_POINT('',(-2.99E0,-2.55E0,-4.35E0));
#2931=LINE('',#2930,#2929);
#2932=DIRECTION('',(1.961161351382E-1,-9.805806756909E-1,0.E0));
#2933=VECTOR('',#2932,1.019803902719E0);
#2934=CARTESIAN_POINT('',(-2.99E0,-5.25E0,-4.35E0));
#2935=LINE('',#2934,#2933);
#2936=DIRECTION('',(1.E0,0.E0,0.E0));
#2937=VECTOR('',#2936,5.E-1);
#2938=CARTESIAN_POINT('',(-2.79E0,-6.25E0,-4.35E0));
#2939=LINE('',#2938,#2937);
#2940=DIRECTION('',(1.961161351382E-1,9.805806756909E-1,0.E0));
#2941=VECTOR('',#2940,1.019803902719E0);
#2942=CARTESIAN_POINT('',(-2.29E0,-6.25E0,-4.35E0));
#2943=LINE('',#2942,#2941);
#2944=DIRECTION('',(0.E0,1.E0,0.E0));
#2945=VECTOR('',#2944,2.7E0);
#2946=CARTESIAN_POINT('',(-2.09E0,-5.25E0,-4.35E0));
#2947=LINE('',#2946,#2945);
#2948=DIRECTION('',(0.E0,1.E0,0.E0));
#2949=VECTOR('',#2948,2.7E0);
#2950=CARTESIAN_POINT('',(-2.09E0,-5.25E0,-3.85E0));
#2951=LINE('',#2950,#2949);
#2952=DIRECTION('',(1.961161351382E-1,9.805806756909E-1,0.E0));
#2953=VECTOR('',#2952,1.019803902719E0);
#2954=CARTESIAN_POINT('',(-2.29E0,-6.25E0,-3.85E0));
#2955=LINE('',#2954,#2953);
#2956=DIRECTION('',(1.E0,0.E0,0.E0));
#2957=VECTOR('',#2956,5.E-1);
#2958=CARTESIAN_POINT('',(-2.79E0,-6.25E0,-3.85E0));
#2959=LINE('',#2958,#2957);
#2960=DIRECTION('',(1.961161351382E-1,-9.805806756909E-1,0.E0));
#2961=VECTOR('',#2960,1.019803902719E0);
#2962=CARTESIAN_POINT('',(-2.99E0,-5.25E0,-3.85E0));
#2963=LINE('',#2962,#2961);
#2964=DIRECTION('',(0.E0,-1.E0,0.E0));
#2965=VECTOR('',#2964,2.7E0);
#2966=CARTESIAN_POINT('',(-2.99E0,-2.55E0,-3.85E0));
#2967=LINE('',#2966,#2965);
#2968=DIRECTION('',(0.E0,0.E0,1.E0));
#2969=VECTOR('',#2968,5.E-1);
#2970=CARTESIAN_POINT('',(-2.09E0,-5.25E0,-4.35E0));
#2971=LINE('',#2970,#2969);
#2972=DIRECTION('',(0.E0,0.E0,1.E0));
#2973=VECTOR('',#2972,5.E-1);
#2974=CARTESIAN_POINT('',(-2.29E0,-6.25E0,-4.35E0));
#2975=LINE('',#2974,#2973);
#2976=DIRECTION('',(0.E0,0.E0,1.E0));
#2977=VECTOR('',#2976,5.E-1);
#2978=CARTESIAN_POINT('',(-2.79E0,-6.25E0,-4.35E0));
#2979=LINE('',#2978,#2977);
#2980=DIRECTION('',(0.E0,0.E0,1.E0));
#2981=VECTOR('',#2980,5.E-1);
#2982=CARTESIAN_POINT('',(-2.99E0,-5.25E0,-4.35E0));
#2983=LINE('',#2982,#2981);
#2984=DIRECTION('',(0.E0,0.E0,-1.E0));
#2985=VECTOR('',#2984,8.2E0);
#2986=CARTESIAN_POINT('',(4.4E-1,-2.55E0,0.E0));
#2987=LINE('',#2986,#2985);
#2988=DIRECTION('',(0.E0,0.E0,-1.E0));
#2989=VECTOR('',#2988,8.2E0);
#2990=CARTESIAN_POINT('',(4.64E0,-2.55E0,0.E0));
#2991=LINE('',#2990,#2989);
#2992=DIRECTION('',(1.E0,0.E0,0.E0));
#2993=VECTOR('',#2992,9.E-1);
#2994=CARTESIAN_POINT('',(2.09E0,-2.55E0,-4.35E0));
#2995=LINE('',#2994,#2993);
#2996=DIRECTION('',(0.E0,0.E0,1.E0));
#2997=VECTOR('',#2996,5.E-1);
#2998=CARTESIAN_POINT('',(2.99E0,-2.55E0,-4.35E0));
#2999=LINE('',#2998,#2997);
#3000=DIRECTION('',(1.E0,0.E0,0.E0));
#3001=VECTOR('',#3000,9.E-1);
#3002=CARTESIAN_POINT('',(2.09E0,-2.55E0,-3.85E0));
#3003=LINE('',#3002,#3001);
#3004=DIRECTION('',(0.E0,0.E0,1.E0));
#3005=VECTOR('',#3004,5.E-1);
#3006=CARTESIAN_POINT('',(2.09E0,-2.55E0,-4.35E0));
#3007=LINE('',#3006,#3005);
#3008=DIRECTION('',(0.E0,-1.E0,0.E0));
#3009=VECTOR('',#3008,2.7E0);
#3010=CARTESIAN_POINT('',(2.09E0,-2.55E0,-4.35E0));
#3011=LINE('',#3010,#3009);
#3012=DIRECTION('',(1.961161351382E-1,-9.805806756909E-1,0.E0));
#3013=VECTOR('',#3012,1.019803902719E0);
#3014=CARTESIAN_POINT('',(2.09E0,-5.25E0,-4.35E0));
#3015=LINE('',#3014,#3013);
#3016=DIRECTION('',(1.E0,0.E0,0.E0));
#3017=VECTOR('',#3016,5.E-1);
#3018=CARTESIAN_POINT('',(2.29E0,-6.25E0,-4.35E0));
#3019=LINE('',#3018,#3017);
#3020=DIRECTION('',(1.961161351382E-1,9.805806756909E-1,0.E0));
#3021=VECTOR('',#3020,1.019803902719E0);
#3022=CARTESIAN_POINT('',(2.79E0,-6.25E0,-4.35E0));
#3023=LINE('',#3022,#3021);
#3024=DIRECTION('',(0.E0,1.E0,0.E0));
#3025=VECTOR('',#3024,2.7E0);
#3026=CARTESIAN_POINT('',(2.99E0,-5.25E0,-4.35E0));
#3027=LINE('',#3026,#3025);
#3028=DIRECTION('',(0.E0,1.E0,0.E0));
#3029=VECTOR('',#3028,2.7E0);
#3030=CARTESIAN_POINT('',(2.99E0,-5.25E0,-3.85E0));
#3031=LINE('',#3030,#3029);
#3032=DIRECTION('',(1.961161351382E-1,9.805806756909E-1,0.E0));
#3033=VECTOR('',#3032,1.019803902719E0);
#3034=CARTESIAN_POINT('',(2.79E0,-6.25E0,-3.85E0));
#3035=LINE('',#3034,#3033);
#3036=DIRECTION('',(1.E0,0.E0,0.E0));
#3037=VECTOR('',#3036,5.E-1);
#3038=CARTESIAN_POINT('',(2.29E0,-6.25E0,-3.85E0));
#3039=LINE('',#3038,#3037);
#3040=DIRECTION('',(1.961161351382E-1,-9.805806756909E-1,0.E0));
#3041=VECTOR('',#3040,1.019803902719E0);
#3042=CARTESIAN_POINT('',(2.09E0,-5.25E0,-3.85E0));
#3043=LINE('',#3042,#3041);
#3044=DIRECTION('',(0.E0,-1.E0,0.E0));
#3045=VECTOR('',#3044,2.7E0);
#3046=CARTESIAN_POINT('',(2.09E0,-2.55E0,-3.85E0));
#3047=LINE('',#3046,#3045);
#3048=DIRECTION('',(0.E0,0.E0,1.E0));
#3049=VECTOR('',#3048,5.E-1);
#3050=CARTESIAN_POINT('',(2.99E0,-5.25E0,-4.35E0));
#3051=LINE('',#3050,#3049);
#3052=DIRECTION('',(0.E0,0.E0,1.E0));
#3053=VECTOR('',#3052,5.E-1);
#3054=CARTESIAN_POINT('',(2.79E0,-6.25E0,-4.35E0));
#3055=LINE('',#3054,#3053);
#3056=DIRECTION('',(0.E0,0.E0,1.E0));
#3057=VECTOR('',#3056,5.E-1);
#3058=CARTESIAN_POINT('',(2.29E0,-6.25E0,-4.35E0));
#3059=LINE('',#3058,#3057);
#3060=DIRECTION('',(0.E0,0.E0,1.E0));
#3061=VECTOR('',#3060,5.E-1);
#3062=CARTESIAN_POINT('',(2.09E0,-5.25E0,-4.35E0));
#3063=LINE('',#3062,#3061);
#3064=DIRECTION('',(0.E0,0.E0,-1.E0));
#3065=VECTOR('',#3064,8.2E0);
#3066=CARTESIAN_POINT('',(5.52E0,-2.55E0,0.E0));
#3067=LINE('',#3066,#3065);
#3068=DIRECTION('',(0.E0,0.E0,-1.E0));
#3069=VECTOR('',#3068,8.2E0);
#3070=CARTESIAN_POINT('',(9.72E0,-2.55E0,0.E0));
#3071=LINE('',#3070,#3069);
#3072=DIRECTION('',(1.E0,0.E0,0.E0));
#3073=VECTOR('',#3072,9.E-1);
#3074=CARTESIAN_POINT('',(7.17E0,-2.55E0,-4.35E0));
#3075=LINE('',#3074,#3073);
#3076=DIRECTION('',(0.E0,0.E0,1.E0));
#3077=VECTOR('',#3076,5.E-1);
#3078=CARTESIAN_POINT('',(8.07E0,-2.55E0,-4.35E0));
#3079=LINE('',#3078,#3077);
#3080=DIRECTION('',(1.E0,0.E0,0.E0));
#3081=VECTOR('',#3080,9.E-1);
#3082=CARTESIAN_POINT('',(7.17E0,-2.55E0,-3.85E0));
#3083=LINE('',#3082,#3081);
#3084=DIRECTION('',(0.E0,0.E0,1.E0));
#3085=VECTOR('',#3084,5.E-1);
#3086=CARTESIAN_POINT('',(7.17E0,-2.55E0,-4.35E0));
#3087=LINE('',#3086,#3085);
#3088=DIRECTION('',(0.E0,-1.E0,0.E0));
#3089=VECTOR('',#3088,2.7E0);
#3090=CARTESIAN_POINT('',(7.17E0,-2.55E0,-4.35E0));
#3091=LINE('',#3090,#3089);
#3092=DIRECTION('',(1.961161351382E-1,-9.805806756909E-1,0.E0));
#3093=VECTOR('',#3092,1.019803902719E0);
#3094=CARTESIAN_POINT('',(7.17E0,-5.25E0,-4.35E0));
#3095=LINE('',#3094,#3093);
#3096=DIRECTION('',(1.E0,0.E0,0.E0));
#3097=VECTOR('',#3096,5.E-1);
#3098=CARTESIAN_POINT('',(7.37E0,-6.25E0,-4.35E0));
#3099=LINE('',#3098,#3097);
#3100=DIRECTION('',(1.961161351382E-1,9.805806756909E-1,0.E0));
#3101=VECTOR('',#3100,1.019803902719E0);
#3102=CARTESIAN_POINT('',(7.87E0,-6.25E0,-4.35E0));
#3103=LINE('',#3102,#3101);
#3104=DIRECTION('',(0.E0,1.E0,0.E0));
#3105=VECTOR('',#3104,2.7E0);
#3106=CARTESIAN_POINT('',(8.07E0,-5.25E0,-4.35E0));
#3107=LINE('',#3106,#3105);
#3108=DIRECTION('',(0.E0,1.E0,0.E0));
#3109=VECTOR('',#3108,2.7E0);
#3110=CARTESIAN_POINT('',(8.07E0,-5.25E0,-3.85E0));
#3111=LINE('',#3110,#3109);
#3112=DIRECTION('',(1.961161351382E-1,9.805806756909E-1,0.E0));
#3113=VECTOR('',#3112,1.019803902719E0);
#3114=CARTESIAN_POINT('',(7.87E0,-6.25E0,-3.85E0));
#3115=LINE('',#3114,#3113);
#3116=DIRECTION('',(1.E0,0.E0,0.E0));
#3117=VECTOR('',#3116,5.E-1);
#3118=CARTESIAN_POINT('',(7.37E0,-6.25E0,-3.85E0));
#3119=LINE('',#3118,#3117);
#3120=DIRECTION('',(1.961161351382E-1,-9.805806756909E-1,0.E0));
#3121=VECTOR('',#3120,1.019803902719E0);
#3122=CARTESIAN_POINT('',(7.17E0,-5.25E0,-3.85E0));
#3123=LINE('',#3122,#3121);
#3124=DIRECTION('',(0.E0,-1.E0,0.E0));
#3125=VECTOR('',#3124,2.7E0);
#3126=CARTESIAN_POINT('',(7.17E0,-2.55E0,-3.85E0));
#3127=LINE('',#3126,#3125);
#3128=DIRECTION('',(0.E0,0.E0,1.E0));
#3129=VECTOR('',#3128,5.E-1);
#3130=CARTESIAN_POINT('',(8.07E0,-5.25E0,-4.35E0));
#3131=LINE('',#3130,#3129);
#3132=DIRECTION('',(0.E0,0.E0,1.E0));
#3133=VECTOR('',#3132,5.E-1);
#3134=CARTESIAN_POINT('',(7.87E0,-6.25E0,-4.35E0));
#3135=LINE('',#3134,#3133);
#3136=DIRECTION('',(0.E0,0.E0,1.E0));
#3137=VECTOR('',#3136,5.E-1);
#3138=CARTESIAN_POINT('',(7.37E0,-6.25E0,-4.35E0));
#3139=LINE('',#3138,#3137);
#3140=DIRECTION('',(0.E0,0.E0,1.E0));
#3141=VECTOR('',#3140,5.E-1);
#3142=CARTESIAN_POINT('',(7.17E0,-5.25E0,-4.35E0));
#3143=LINE('',#3142,#3141);
#3144=DIRECTION('',(0.E0,0.E0,-1.E0));
#3145=VECTOR('',#3144,8.2E0);
#3146=CARTESIAN_POINT('',(1.06E1,-2.55E0,0.E0));
#3147=LINE('',#3146,#3145);
#3148=DIRECTION('',(0.E0,0.E0,-1.E0));
#3149=VECTOR('',#3148,8.2E0);
#3150=CARTESIAN_POINT('',(1.48E1,-2.55E0,0.E0));
#3151=LINE('',#3150,#3149);
#3152=DIRECTION('',(1.E0,0.E0,0.E0));
#3153=VECTOR('',#3152,9.E-1);
#3154=CARTESIAN_POINT('',(1.225E1,-2.55E0,-4.35E0));
#3155=LINE('',#3154,#3153);
#3156=DIRECTION('',(0.E0,0.E0,1.E0));
#3157=VECTOR('',#3156,5.E-1);
#3158=CARTESIAN_POINT('',(1.315E1,-2.55E0,-4.35E0));
#3159=LINE('',#3158,#3157);
#3160=DIRECTION('',(1.E0,0.E0,0.E0));
#3161=VECTOR('',#3160,9.E-1);
#3162=CARTESIAN_POINT('',(1.225E1,-2.55E0,-3.85E0));
#3163=LINE('',#3162,#3161);
#3164=DIRECTION('',(0.E0,0.E0,1.E0));
#3165=VECTOR('',#3164,5.E-1);
#3166=CARTESIAN_POINT('',(1.225E1,-2.55E0,-4.35E0));
#3167=LINE('',#3166,#3165);
#3168=DIRECTION('',(0.E0,-1.E0,0.E0));
#3169=VECTOR('',#3168,2.7E0);
#3170=CARTESIAN_POINT('',(1.225E1,-2.55E0,-4.35E0));
#3171=LINE('',#3170,#3169);
#3172=DIRECTION('',(1.961161351382E-1,-9.805806756909E-1,0.E0));
#3173=VECTOR('',#3172,1.019803902719E0);
#3174=CARTESIAN_POINT('',(1.225E1,-5.25E0,-4.35E0));
#3175=LINE('',#3174,#3173);
#3176=DIRECTION('',(1.E0,0.E0,0.E0));
#3177=VECTOR('',#3176,5.E-1);
#3178=CARTESIAN_POINT('',(1.245E1,-6.25E0,-4.35E0));
#3179=LINE('',#3178,#3177);
#3180=DIRECTION('',(1.961161351382E-1,9.805806756909E-1,0.E0));
#3181=VECTOR('',#3180,1.019803902719E0);
#3182=CARTESIAN_POINT('',(1.295E1,-6.25E0,-4.35E0));
#3183=LINE('',#3182,#3181);
#3184=DIRECTION('',(0.E0,1.E0,0.E0));
#3185=VECTOR('',#3184,2.7E0);
#3186=CARTESIAN_POINT('',(1.315E1,-5.25E0,-4.35E0));
#3187=LINE('',#3186,#3185);
#3188=DIRECTION('',(0.E0,1.E0,0.E0));
#3189=VECTOR('',#3188,2.7E0);
#3190=CARTESIAN_POINT('',(1.315E1,-5.25E0,-3.85E0));
#3191=LINE('',#3190,#3189);
#3192=DIRECTION('',(1.961161351382E-1,9.805806756909E-1,0.E0));
#3193=VECTOR('',#3192,1.019803902719E0);
#3194=CARTESIAN_POINT('',(1.295E1,-6.25E0,-3.85E0));
#3195=LINE('',#3194,#3193);
#3196=DIRECTION('',(1.E0,0.E0,0.E0));
#3197=VECTOR('',#3196,5.E-1);
#3198=CARTESIAN_POINT('',(1.245E1,-6.25E0,-3.85E0));
#3199=LINE('',#3198,#3197);
#3200=DIRECTION('',(1.961161351382E-1,-9.805806756909E-1,0.E0));
#3201=VECTOR('',#3200,1.019803902719E0);
#3202=CARTESIAN_POINT('',(1.225E1,-5.25E0,-3.85E0));
#3203=LINE('',#3202,#3201);
#3204=DIRECTION('',(0.E0,-1.E0,0.E0));
#3205=VECTOR('',#3204,2.7E0);
#3206=CARTESIAN_POINT('',(1.225E1,-2.55E0,-3.85E0));
#3207=LINE('',#3206,#3205);
#3208=DIRECTION('',(0.E0,0.E0,1.E0));
#3209=VECTOR('',#3208,5.E-1);
#3210=CARTESIAN_POINT('',(1.315E1,-5.25E0,-4.35E0));
#3211=LINE('',#3210,#3209);
#3212=DIRECTION('',(0.E0,0.E0,1.E0));
#3213=VECTOR('',#3212,5.E-1);
#3214=CARTESIAN_POINT('',(1.295E1,-6.25E0,-4.35E0));
#3215=LINE('',#3214,#3213);
#3216=DIRECTION('',(0.E0,0.E0,1.E0));
#3217=VECTOR('',#3216,5.E-1);
#3218=CARTESIAN_POINT('',(1.245E1,-6.25E0,-4.35E0));
#3219=LINE('',#3218,#3217);
#3220=DIRECTION('',(0.E0,0.E0,1.E0));
#3221=VECTOR('',#3220,5.E-1);
#3222=CARTESIAN_POINT('',(1.225E1,-5.25E0,-4.35E0));
#3223=LINE('',#3222,#3221);
#3224=DIRECTION('',(0.E0,0.E0,-1.E0));
#3225=VECTOR('',#3224,8.2E0);
#3226=CARTESIAN_POINT('',(1.568E1,-2.55E0,0.E0));
#3227=LINE('',#3226,#3225);
#3228=DIRECTION('',(0.E0,0.E0,-1.E0));
#3229=VECTOR('',#3228,8.2E0);
#3230=CARTESIAN_POINT('',(1.988E1,-2.55E0,0.E0));
#3231=LINE('',#3230,#3229);
#3232=DIRECTION('',(1.E0,0.E0,0.E0));
#3233=VECTOR('',#3232,9.E-1);
#3234=CARTESIAN_POINT('',(1.733E1,-2.55E0,-4.35E0));
#3235=LINE('',#3234,#3233);
#3236=DIRECTION('',(0.E0,0.E0,1.E0));
#3237=VECTOR('',#3236,5.E-1);
#3238=CARTESIAN_POINT('',(1.823E1,-2.55E0,-4.35E0));
#3239=LINE('',#3238,#3237);
#3240=DIRECTION('',(1.E0,0.E0,0.E0));
#3241=VECTOR('',#3240,9.E-1);
#3242=CARTESIAN_POINT('',(1.733E1,-2.55E0,-3.85E0));
#3243=LINE('',#3242,#3241);
#3244=DIRECTION('',(0.E0,0.E0,1.E0));
#3245=VECTOR('',#3244,5.E-1);
#3246=CARTESIAN_POINT('',(1.733E1,-2.55E0,-4.35E0));
#3247=LINE('',#3246,#3245);
#3248=DIRECTION('',(0.E0,-1.E0,0.E0));
#3249=VECTOR('',#3248,2.7E0);
#3250=CARTESIAN_POINT('',(1.733E1,-2.55E0,-4.35E0));
#3251=LINE('',#3250,#3249);
#3252=DIRECTION('',(1.961161351382E-1,-9.805806756909E-1,0.E0));
#3253=VECTOR('',#3252,1.019803902719E0);
#3254=CARTESIAN_POINT('',(1.733E1,-5.25E0,-4.35E0));
#3255=LINE('',#3254,#3253);
#3256=DIRECTION('',(1.E0,0.E0,0.E0));
#3257=VECTOR('',#3256,5.E-1);
#3258=CARTESIAN_POINT('',(1.753E1,-6.25E0,-4.35E0));
#3259=LINE('',#3258,#3257);
#3260=DIRECTION('',(1.961161351382E-1,9.805806756909E-1,0.E0));
#3261=VECTOR('',#3260,1.019803902719E0);
#3262=CARTESIAN_POINT('',(1.803E1,-6.25E0,-4.35E0));
#3263=LINE('',#3262,#3261);
#3264=DIRECTION('',(0.E0,1.E0,0.E0));
#3265=VECTOR('',#3264,2.7E0);
#3266=CARTESIAN_POINT('',(1.823E1,-5.25E0,-4.35E0));
#3267=LINE('',#3266,#3265);
#3268=DIRECTION('',(0.E0,1.E0,0.E0));
#3269=VECTOR('',#3268,2.7E0);
#3270=CARTESIAN_POINT('',(1.823E1,-5.25E0,-3.85E0));
#3271=LINE('',#3270,#3269);
#3272=DIRECTION('',(1.961161351382E-1,9.805806756909E-1,0.E0));
#3273=VECTOR('',#3272,1.019803902719E0);
#3274=CARTESIAN_POINT('',(1.803E1,-6.25E0,-3.85E0));
#3275=LINE('',#3274,#3273);
#3276=DIRECTION('',(1.E0,0.E0,0.E0));
#3277=VECTOR('',#3276,5.E-1);
#3278=CARTESIAN_POINT('',(1.753E1,-6.25E0,-3.85E0));
#3279=LINE('',#3278,#3277);
#3280=DIRECTION('',(1.961161351382E-1,-9.805806756909E-1,0.E0));
#3281=VECTOR('',#3280,1.019803902719E0);
#3282=CARTESIAN_POINT('',(1.733E1,-5.25E0,-3.85E0));
#3283=LINE('',#3282,#3281);
#3284=DIRECTION('',(0.E0,-1.E0,0.E0));
#3285=VECTOR('',#3284,2.7E0);
#3286=CARTESIAN_POINT('',(1.733E1,-2.55E0,-3.85E0));
#3287=LINE('',#3286,#3285);
#3288=DIRECTION('',(0.E0,0.E0,1.E0));
#3289=VECTOR('',#3288,5.E-1);
#3290=CARTESIAN_POINT('',(1.823E1,-5.25E0,-4.35E0));
#3291=LINE('',#3290,#3289);
#3292=DIRECTION('',(0.E0,0.E0,1.E0));
#3293=VECTOR('',#3292,5.E-1);
#3294=CARTESIAN_POINT('',(1.803E1,-6.25E0,-4.35E0));
#3295=LINE('',#3294,#3293);
#3296=DIRECTION('',(0.E0,0.E0,1.E0));
#3297=VECTOR('',#3296,5.E-1);
#3298=CARTESIAN_POINT('',(1.753E1,-6.25E0,-4.35E0));
#3299=LINE('',#3298,#3297);
#3300=DIRECTION('',(0.E0,0.E0,1.E0));
#3301=VECTOR('',#3300,5.E-1);
#3302=CARTESIAN_POINT('',(1.733E1,-5.25E0,-4.35E0));
#3303=LINE('',#3302,#3301);
#3304=DIRECTION('',(0.E0,0.E0,-1.E0));
#3305=VECTOR('',#3304,8.2E0);
#3306=CARTESIAN_POINT('',(2.076E1,-2.55E0,0.E0));
#3307=LINE('',#3306,#3305);
#3308=DIRECTION('',(0.E0,0.E0,-1.E0));
#3309=VECTOR('',#3308,8.2E0);
#3310=CARTESIAN_POINT('',(2.496E1,-2.55E0,0.E0));
#3311=LINE('',#3310,#3309);
#3312=DIRECTION('',(1.E0,0.E0,0.E0));
#3313=VECTOR('',#3312,9.E-1);
#3314=CARTESIAN_POINT('',(2.241E1,-2.55E0,-4.35E0));
#3315=LINE('',#3314,#3313);
#3316=DIRECTION('',(0.E0,0.E0,1.E0));
#3317=VECTOR('',#3316,5.E-1);
#3318=CARTESIAN_POINT('',(2.331E1,-2.55E0,-4.35E0));
#3319=LINE('',#3318,#3317);
#3320=DIRECTION('',(1.E0,0.E0,0.E0));
#3321=VECTOR('',#3320,9.E-1);
#3322=CARTESIAN_POINT('',(2.241E1,-2.55E0,-3.85E0));
#3323=LINE('',#3322,#3321);
#3324=DIRECTION('',(0.E0,0.E0,1.E0));
#3325=VECTOR('',#3324,5.E-1);
#3326=CARTESIAN_POINT('',(2.241E1,-2.55E0,-4.35E0));
#3327=LINE('',#3326,#3325);
#3328=DIRECTION('',(0.E0,-1.E0,0.E0));
#3329=VECTOR('',#3328,2.7E0);
#3330=CARTESIAN_POINT('',(2.241E1,-2.55E0,-4.35E0));
#3331=LINE('',#3330,#3329);
#3332=DIRECTION('',(1.961161351382E-1,-9.805806756909E-1,0.E0));
#3333=VECTOR('',#3332,1.019803902719E0);
#3334=CARTESIAN_POINT('',(2.241E1,-5.25E0,-4.35E0));
#3335=LINE('',#3334,#3333);
#3336=DIRECTION('',(1.E0,0.E0,0.E0));
#3337=VECTOR('',#3336,5.E-1);
#3338=CARTESIAN_POINT('',(2.261E1,-6.25E0,-4.35E0));
#3339=LINE('',#3338,#3337);
#3340=DIRECTION('',(1.961161351382E-1,9.805806756909E-1,0.E0));
#3341=VECTOR('',#3340,1.019803902719E0);
#3342=CARTESIAN_POINT('',(2.311E1,-6.25E0,-4.35E0));
#3343=LINE('',#3342,#3341);
#3344=DIRECTION('',(0.E0,1.E0,0.E0));
#3345=VECTOR('',#3344,2.7E0);
#3346=CARTESIAN_POINT('',(2.331E1,-5.25E0,-4.35E0));
#3347=LINE('',#3346,#3345);
#3348=DIRECTION('',(0.E0,1.E0,0.E0));
#3349=VECTOR('',#3348,2.7E0);
#3350=CARTESIAN_POINT('',(2.331E1,-5.25E0,-3.85E0));
#3351=LINE('',#3350,#3349);
#3352=DIRECTION('',(1.961161351382E-1,9.805806756909E-1,0.E0));
#3353=VECTOR('',#3352,1.019803902719E0);
#3354=CARTESIAN_POINT('',(2.311E1,-6.25E0,-3.85E0));
#3355=LINE('',#3354,#3353);
#3356=DIRECTION('',(1.E0,0.E0,0.E0));
#3357=VECTOR('',#3356,5.E-1);
#3358=CARTESIAN_POINT('',(2.261E1,-6.25E0,-3.85E0));
#3359=LINE('',#3358,#3357);
#3360=DIRECTION('',(1.961161351382E-1,-9.805806756909E-1,0.E0));
#3361=VECTOR('',#3360,1.019803902719E0);
#3362=CARTESIAN_POINT('',(2.241E1,-5.25E0,-3.85E0));
#3363=LINE('',#3362,#3361);
#3364=DIRECTION('',(0.E0,-1.E0,0.E0));
#3365=VECTOR('',#3364,2.7E0);
#3366=CARTESIAN_POINT('',(2.241E1,-2.55E0,-3.85E0));
#3367=LINE('',#3366,#3365);
#3368=DIRECTION('',(0.E0,0.E0,1.E0));
#3369=VECTOR('',#3368,5.E-1);
#3370=CARTESIAN_POINT('',(2.331E1,-5.25E0,-4.35E0));
#3371=LINE('',#3370,#3369);
#3372=DIRECTION('',(0.E0,0.E0,1.E0));
#3373=VECTOR('',#3372,5.E-1);
#3374=CARTESIAN_POINT('',(2.311E1,-6.25E0,-4.35E0));
#3375=LINE('',#3374,#3373);
#3376=DIRECTION('',(0.E0,0.E0,1.E0));
#3377=VECTOR('',#3376,5.E-1);
#3378=CARTESIAN_POINT('',(2.261E1,-6.25E0,-4.35E0));
#3379=LINE('',#3378,#3377);
#3380=DIRECTION('',(0.E0,0.E0,1.E0));
#3381=VECTOR('',#3380,5.E-1);
#3382=CARTESIAN_POINT('',(2.241E1,-5.25E0,-4.35E0));
#3383=LINE('',#3382,#3381);
#3384=DIRECTION('',(0.E0,0.E0,-1.E0));
#3385=VECTOR('',#3384,8.2E0);
#3386=CARTESIAN_POINT('',(2.584E1,-2.55E0,0.E0));
#3387=LINE('',#3386,#3385);
#3388=DIRECTION('',(0.E0,0.E0,-1.E0));
#3389=VECTOR('',#3388,8.2E0);
#3390=CARTESIAN_POINT('',(3.004E1,-2.55E0,0.E0));
#3391=LINE('',#3390,#3389);
#3392=DIRECTION('',(1.E0,0.E0,0.E0));
#3393=VECTOR('',#3392,9.E-1);
#3394=CARTESIAN_POINT('',(2.749E1,-2.55E0,-4.35E0));
#3395=LINE('',#3394,#3393);
#3396=DIRECTION('',(0.E0,0.E0,1.E0));
#3397=VECTOR('',#3396,5.E-1);
#3398=CARTESIAN_POINT('',(2.839E1,-2.55E0,-4.35E0));
#3399=LINE('',#3398,#3397);
#3400=DIRECTION('',(1.E0,0.E0,0.E0));
#3401=VECTOR('',#3400,9.E-1);
#3402=CARTESIAN_POINT('',(2.749E1,-2.55E0,-3.85E0));
#3403=LINE('',#3402,#3401);
#3404=DIRECTION('',(0.E0,0.E0,1.E0));
#3405=VECTOR('',#3404,5.E-1);
#3406=CARTESIAN_POINT('',(2.749E1,-2.55E0,-4.35E0));
#3407=LINE('',#3406,#3405);
#3408=DIRECTION('',(0.E0,-1.E0,0.E0));
#3409=VECTOR('',#3408,2.7E0);
#3410=CARTESIAN_POINT('',(2.749E1,-2.55E0,-4.35E0));
#3411=LINE('',#3410,#3409);
#3412=DIRECTION('',(1.961161351382E-1,-9.805806756909E-1,0.E0));
#3413=VECTOR('',#3412,1.019803902719E0);
#3414=CARTESIAN_POINT('',(2.749E1,-5.25E0,-4.35E0));
#3415=LINE('',#3414,#3413);
#3416=DIRECTION('',(1.E0,0.E0,0.E0));
#3417=VECTOR('',#3416,5.E-1);
#3418=CARTESIAN_POINT('',(2.769E1,-6.25E0,-4.35E0));
#3419=LINE('',#3418,#3417);
#3420=DIRECTION('',(1.961161351382E-1,9.805806756909E-1,0.E0));
#3421=VECTOR('',#3420,1.019803902719E0);
#3422=CARTESIAN_POINT('',(2.819E1,-6.25E0,-4.35E0));
#3423=LINE('',#3422,#3421);
#3424=DIRECTION('',(0.E0,1.E0,0.E0));
#3425=VECTOR('',#3424,2.7E0);
#3426=CARTESIAN_POINT('',(2.839E1,-5.25E0,-4.35E0));
#3427=LINE('',#3426,#3425);
#3428=DIRECTION('',(0.E0,1.E0,0.E0));
#3429=VECTOR('',#3428,2.7E0);
#3430=CARTESIAN_POINT('',(2.839E1,-5.25E0,-3.85E0));
#3431=LINE('',#3430,#3429);
#3432=DIRECTION('',(1.961161351382E-1,9.805806756909E-1,0.E0));
#3433=VECTOR('',#3432,1.019803902719E0);
#3434=CARTESIAN_POINT('',(2.819E1,-6.25E0,-3.85E0));
#3435=LINE('',#3434,#3433);
#3436=DIRECTION('',(1.E0,0.E0,0.E0));
#3437=VECTOR('',#3436,5.E-1);
#3438=CARTESIAN_POINT('',(2.769E1,-6.25E0,-3.85E0));
#3439=LINE('',#3438,#3437);
#3440=DIRECTION('',(1.961161351382E-1,-9.805806756909E-1,0.E0));
#3441=VECTOR('',#3440,1.019803902719E0);
#3442=CARTESIAN_POINT('',(2.749E1,-5.25E0,-3.85E0));
#3443=LINE('',#3442,#3441);
#3444=DIRECTION('',(0.E0,-1.E0,0.E0));
#3445=VECTOR('',#3444,2.7E0);
#3446=CARTESIAN_POINT('',(2.749E1,-2.55E0,-3.85E0));
#3447=LINE('',#3446,#3445);
#3448=DIRECTION('',(0.E0,0.E0,1.E0));
#3449=VECTOR('',#3448,5.E-1);
#3450=CARTESIAN_POINT('',(2.839E1,-5.25E0,-4.35E0));
#3451=LINE('',#3450,#3449);
#3452=DIRECTION('',(0.E0,0.E0,1.E0));
#3453=VECTOR('',#3452,5.E-1);
#3454=CARTESIAN_POINT('',(2.819E1,-6.25E0,-4.35E0));
#3455=LINE('',#3454,#3453);
#3456=DIRECTION('',(0.E0,0.E0,1.E0));
#3457=VECTOR('',#3456,5.E-1);
#3458=CARTESIAN_POINT('',(2.769E1,-6.25E0,-4.35E0));
#3459=LINE('',#3458,#3457);
#3460=DIRECTION('',(0.E0,0.E0,1.E0));
#3461=VECTOR('',#3460,5.E-1);
#3462=CARTESIAN_POINT('',(2.749E1,-5.25E0,-4.35E0));
#3463=LINE('',#3462,#3461);
#3464=DIRECTION('',(0.E0,0.E0,-1.E0));
#3465=VECTOR('',#3464,8.2E0);
#3466=CARTESIAN_POINT('',(3.092E1,-2.55E0,0.E0));
#3467=LINE('',#3466,#3465);
#3468=DIRECTION('',(0.E0,0.E0,-1.E0));
#3469=VECTOR('',#3468,3.234073181039E-1);
#3470=CARTESIAN_POINT('',(3.512E1,-2.55E0,0.E0));
#3471=LINE('',#3470,#3469);
#3472=DIRECTION('',(0.E0,0.E0,-1.E0));
#3473=VECTOR('',#3472,6.923407318104E0);
#3474=CARTESIAN_POINT('',(3.512E1,-2.55E0,-1.276592681896E0));
#3475=LINE('',#3474,#3473);
#3476=DIRECTION('',(1.E0,0.E0,0.E0));
#3477=VECTOR('',#3476,9.E-1);
#3478=CARTESIAN_POINT('',(3.257E1,-2.55E0,-4.35E0));
#3479=LINE('',#3478,#3477);
#3480=DIRECTION('',(0.E0,0.E0,1.E0));
#3481=VECTOR('',#3480,5.E-1);
#3482=CARTESIAN_POINT('',(3.347E1,-2.55E0,-4.35E0));
#3483=LINE('',#3482,#3481);
#3484=DIRECTION('',(1.E0,0.E0,0.E0));
#3485=VECTOR('',#3484,9.E-1);
#3486=CARTESIAN_POINT('',(3.257E1,-2.55E0,-3.85E0));
#3487=LINE('',#3486,#3485);
#3488=DIRECTION('',(0.E0,0.E0,1.E0));
#3489=VECTOR('',#3488,5.E-1);
#3490=CARTESIAN_POINT('',(3.257E1,-2.55E0,-4.35E0));
#3491=LINE('',#3490,#3489);
#3492=DIRECTION('',(0.E0,1.E0,0.E0));
#3493=VECTOR('',#3492,2.E-1);
#3494=CARTESIAN_POINT('',(3.512E1,-2.75E0,-3.234073181039E-1));
#3495=LINE('',#3494,#3493);
#3496=DIRECTION('',(0.E0,1.E0,0.E0));
#3497=VECTOR('',#3496,5.E0);
#3498=CARTESIAN_POINT('',(3.537678755966E1,-2.75E0,-4.386104388043E-1));
#3499=LINE('',#3498,#3497);
#3500=DIRECTION('',(9.123879908025E-1,0.E0,-4.093264641326E-1));
#3501=VECTOR('',#3500,2.935983368128E-2);
#3502=CARTESIAN_POINT('',(3.509321244034E1,-2.55E0,-3.113895611957E-1));
#3503=LINE('',#3502,#3501);
#3504=DIRECTION('',(0.E0,0.E0,1.E0));
#3505=VECTOR('',#3504,9.6E-1);
#3506=CARTESIAN_POINT('',(3.556E1,2.25E0,-1.28E0));
#3507=LINE('',#3506,#3505);
#3508=DIRECTION('',(0.E0,-1.E0,0.E0));
#3509=VECTOR('',#3508,5.E0);
#3510=CARTESIAN_POINT('',(3.556E1,2.25E0,-3.2E-1));
#3511=LINE('',#3510,#3509);
#3512=DIRECTION('',(0.E0,0.E0,-1.E0));
#3513=VECTOR('',#3512,3.2E-1);
#3514=CARTESIAN_POINT('',(3.556E1,-2.75E0,0.E0));
#3515=LINE('',#3514,#3513);
#3516=DIRECTION('',(0.E0,-1.E0,0.E0));
#3517=VECTOR('',#3516,5.7E0);
#3518=CARTESIAN_POINT('',(3.556E1,2.95E0,0.E0));
#3519=LINE('',#3518,#3517);
#3520=DIRECTION('',(0.E0,0.E0,1.E0));
#3521=VECTOR('',#3520,8.E-1);
#3522=CARTESIAN_POINT('',(3.556E1,2.95E0,-8.E-1));
#3523=LINE('',#3522,#3521);
#3524=DIRECTION('',(0.E0,-9.904048953655E-1,1.381960319115E-1));
#3525=VECTOR('',#3524,4.341658669218E0);
#3526=CARTESIAN_POINT('',(3.556E1,7.25E0,-1.4E0));
#3527=LINE('',#3526,#3525);
#3528=DIRECTION('',(0.E0,0.E0,1.E0));
#3529=VECTOR('',#3528,4.8E0);
#3530=CARTESIAN_POINT('',(3.556E1,7.25E0,-6.2E0));
#3531=LINE('',#3530,#3529);
#3532=DIRECTION('',(0.E0,9.686638660440E-1,2.483753502677E-1));
#3533=VECTOR('',#3532,8.052328855679E0);
#3534=CARTESIAN_POINT('',(3.556E1,-5.5E-1,-8.2E0));
#3535=LINE('',#3534,#3533);
#3536=DIRECTION('',(0.E0,1.E0,0.E0));
#3537=VECTOR('',#3536,2.2E0);
#3538=CARTESIAN_POINT('',(3.556E1,-2.75E0,-8.2E0));
#3539=LINE('',#3538,#3537);
#3540=DIRECTION('',(0.E0,0.E0,-1.E0));
#3541=VECTOR('',#3540,6.92E0);
#3542=CARTESIAN_POINT('',(3.556E1,-2.75E0,-1.28E0));
#3543=LINE('',#3542,#3541);
#3544=DIRECTION('',(0.E0,-1.E0,0.E0));
#3545=VECTOR('',#3544,5.E0);
#3546=CARTESIAN_POINT('',(3.556E1,2.25E0,-1.28E0));
#3547=LINE('',#3546,#3545);
#3548=CARTESIAN_POINT('',(3.543E1,2.25E0,-1.28E0));
#3549=DIRECTION('',(0.E0,1.E0,0.E0));
#3550=DIRECTION('',(-4.093264641326E-1,0.E0,9.123879908025E-1));
#3551=AXIS2_PLACEMENT_3D('',#3548,#3549,#3550);
#3553=DIRECTION('',(9.123879908025E-1,0.E0,4.093264641326E-1));
#3554=VECTOR('',#3553,3.108054053584E-1);
#3555=CARTESIAN_POINT('',(3.509321244034E1,2.25E0,-1.288610438804E0));
#3556=LINE('',#3555,#3554);
#3557=CARTESIAN_POINT('',(3.504E1,2.25E0,-1.17E0));
#3558=DIRECTION('',(0.E0,-1.E0,0.E0));
#3559=DIRECTION('',(-1.E0,0.E0,0.E0));
#3560=AXIS2_PLACEMENT_3D('',#3557,#3558,#3559);
#3562=DIRECTION('',(0.E0,0.E0,-1.E0));
#3563=VECTOR('',#3562,7.4E-1);
#3564=CARTESIAN_POINT('',(3.491E1,2.25E0,-4.3E-1));
#3565=LINE('',#3564,#3563);
#3566=CARTESIAN_POINT('',(3.504E1,2.25E0,-4.3E-1));
#3567=DIRECTION('',(0.E0,-1.E0,0.E0));
#3568=DIRECTION('',(4.093264641326E-1,0.E0,9.123879908025E-1));
#3569=AXIS2_PLACEMENT_3D('',#3566,#3567,#3568);
#3571=DIRECTION('',(-9.123879908025E-1,0.E0,4.093264641326E-1));
#3572=VECTOR('',#3571,3.108054053584E-1);
#3573=CARTESIAN_POINT('',(3.537678755966E1,2.25E0,-4.386104388043E-1));
#3574=LINE('',#3573,#3572);
#3575=CARTESIAN_POINT('',(3.543E1,2.25E0,-3.2E-1));
#3576=DIRECTION('',(0.E0,1.E0,0.E0));
#3577=DIRECTION('',(1.E0,0.E0,0.E0));
#3578=AXIS2_PLACEMENT_3D('',#3575,#3576,#3577);
#3580=DIRECTION('',(0.E0,1.E0,0.E0));
#3581=VECTOR('',#3580,5.E0);
#3582=CARTESIAN_POINT('',(3.537678755966E1,-2.75E0,-1.161389561196E0));
#3583=LINE('',#3582,#3581);
#3584=DIRECTION('',(0.E0,1.E0,0.E0));
#3585=VECTOR('',#3584,2.E-1);
#3586=CARTESIAN_POINT('',(3.512E1,-2.75E0,-1.276592681896E0));
#3587=LINE('',#3586,#3585);
#3588=DIRECTION('',(9.123879908025E-1,0.E0,4.093264641326E-1));
#3589=VECTOR('',#3588,2.935983368128E-2);
#3590=CARTESIAN_POINT('',(3.509321244034E1,-2.55E0,-1.288610438804E0));
#3591=LINE('',#3590,#3589);
#3592=DIRECTION('',(0.E0,1.E0,0.E0));
#3593=VECTOR('',#3592,4.8E0);
#3594=CARTESIAN_POINT('',(3.509321244034E1,-2.55E0,-1.288610438804E0));
#3595=LINE('',#3594,#3593);
#3596=CARTESIAN_POINT('',(3.504E1,-2.55E0,-1.17E0));
#3597=DIRECTION('',(0.E0,-1.E0,0.E0));
#3598=DIRECTION('',(-1.E0,0.E0,0.E0));
#3599=AXIS2_PLACEMENT_3D('',#3596,#3597,#3598);
#3601=DIRECTION('',(0.E0,1.E0,0.E0));
#3602=VECTOR('',#3601,4.8E0);
#3603=CARTESIAN_POINT('',(3.491E1,-2.55E0,-1.17E0));
#3604=LINE('',#3603,#3602);
#3605=DIRECTION('',(0.E0,0.E0,-1.E0));
#3606=VECTOR('',#3605,7.4E-1);
#3607=CARTESIAN_POINT('',(3.491E1,-2.55E0,-4.3E-1));
#3608=LINE('',#3607,#3606);
#3609=DIRECTION('',(0.E0,1.E0,0.E0));
#3610=VECTOR('',#3609,4.8E0);
#3611=CARTESIAN_POINT('',(3.491E1,-2.55E0,-4.3E-1));
#3612=LINE('',#3611,#3610);
#3613=CARTESIAN_POINT('',(3.504E1,-2.55E0,-4.3E-1));
#3614=DIRECTION('',(0.E0,-1.E0,0.E0));
#3615=DIRECTION('',(4.093264641326E-1,0.E0,9.123879908025E-1));
#3616=AXIS2_PLACEMENT_3D('',#3613,#3614,#3615);
#3618=DIRECTION('',(0.E0,1.E0,0.E0));
#3619=VECTOR('',#3618,4.8E0);
#3620=CARTESIAN_POINT('',(3.509321244034E1,-2.55E0,-3.113895611957E-1));
#3621=LINE('',#3620,#3619);
#3622=DIRECTION('',(0.E0,-1.E0,0.E0));
#3623=VECTOR('',#3622,2.7E0);
#3624=CARTESIAN_POINT('',(3.257E1,-2.55E0,-4.35E0));
#3625=LINE('',#3624,#3623);
#3626=DIRECTION('',(1.961161351382E-1,-9.805806756909E-1,0.E0));
#3627=VECTOR('',#3626,1.019803902719E0);
#3628=CARTESIAN_POINT('',(3.257E1,-5.25E0,-4.35E0));
#3629=LINE('',#3628,#3627);
#3630=DIRECTION('',(1.E0,0.E0,0.E0));
#3631=VECTOR('',#3630,5.E-1);
#3632=CARTESIAN_POINT('',(3.277E1,-6.25E0,-4.35E0));
#3633=LINE('',#3632,#3631);
#3634=DIRECTION('',(1.961161351382E-1,9.805806756909E-1,0.E0));
#3635=VECTOR('',#3634,1.019803902719E0);
#3636=CARTESIAN_POINT('',(3.327E1,-6.25E0,-4.35E0));
#3637=LINE('',#3636,#3635);
#3638=DIRECTION('',(0.E0,1.E0,0.E0));
#3639=VECTOR('',#3638,2.7E0);
#3640=CARTESIAN_POINT('',(3.347E1,-5.25E0,-4.35E0));
#3641=LINE('',#3640,#3639);
#3642=DIRECTION('',(0.E0,1.E0,0.E0));
#3643=VECTOR('',#3642,2.7E0);
#3644=CARTESIAN_POINT('',(3.347E1,-5.25E0,-3.85E0));
#3645=LINE('',#3644,#3643);
#3646=DIRECTION('',(1.961161351382E-1,9.805806756909E-1,0.E0));
#3647=VECTOR('',#3646,1.019803902719E0);
#3648=CARTESIAN_POINT('',(3.327E1,-6.25E0,-3.85E0));
#3649=LINE('',#3648,#3647);
#3650=DIRECTION('',(1.E0,0.E0,0.E0));
#3651=VECTOR('',#3650,5.E-1);
#3652=CARTESIAN_POINT('',(3.277E1,-6.25E0,-3.85E0));
#3653=LINE('',#3652,#3651);
#3654=DIRECTION('',(1.961161351382E-1,-9.805806756909E-1,0.E0));
#3655=VECTOR('',#3654,1.019803902719E0);
#3656=CARTESIAN_POINT('',(3.257E1,-5.25E0,-3.85E0));
#3657=LINE('',#3656,#3655);
#3658=DIRECTION('',(0.E0,-1.E0,0.E0));
#3659=VECTOR('',#3658,2.7E0);
#3660=CARTESIAN_POINT('',(3.257E1,-2.55E0,-3.85E0));
#3661=LINE('',#3660,#3659);
#3662=DIRECTION('',(0.E0,0.E0,1.E0));
#3663=VECTOR('',#3662,5.E-1);
#3664=CARTESIAN_POINT('',(3.347E1,-5.25E0,-4.35E0));
#3665=LINE('',#3664,#3663);
#3666=DIRECTION('',(0.E0,0.E0,1.E0));
#3667=VECTOR('',#3666,5.E-1);
#3668=CARTESIAN_POINT('',(3.327E1,-6.25E0,-4.35E0));
#3669=LINE('',#3668,#3667);
#3670=DIRECTION('',(0.E0,0.E0,1.E0));
#3671=VECTOR('',#3670,5.E-1);
#3672=CARTESIAN_POINT('',(3.277E1,-6.25E0,-4.35E0));
#3673=LINE('',#3672,#3671);
#3674=DIRECTION('',(0.E0,0.E0,1.E0));
#3675=VECTOR('',#3674,5.E-1);
#3676=CARTESIAN_POINT('',(3.257E1,-5.25E0,-4.35E0));
#3677=LINE('',#3676,#3675);
#3678=DIRECTION('',(0.E0,1.E0,0.E0));
#3679=VECTOR('',#3678,1.52E0);
#3680=CARTESIAN_POINT('',(3.397E1,1.05E0,-7.4E0));
#3681=LINE('',#3680,#3679);
#3682=DIRECTION('',(0.E0,0.E0,-1.E0));
#3683=VECTOR('',#3682,1.E-1);
#3684=CARTESIAN_POINT('',(3.397E1,1.05E0,-7.3E0));
#3685=LINE('',#3684,#3683);
#3686=DIRECTION('',(0.E0,1.E0,0.E0));
#3687=VECTOR('',#3686,1.7E0);
#3688=CARTESIAN_POINT('',(3.397E1,-6.5E-1,-7.3E0));
#3689=LINE('',#3688,#3687);
#3690=DIRECTION('',(0.E0,0.E0,1.E0));
#3691=VECTOR('',#3690,6.8E-1);
#3692=CARTESIAN_POINT('',(3.397E1,-6.5E-1,-7.98E0));
#3693=LINE('',#3692,#3691);
#3694=DIRECTION('',(0.E0,9.713990064968E-1,2.374530904770E-1));
#3695=VECTOR('',#3694,9.264987857520E-1);
#3696=CARTESIAN_POINT('',(3.397E1,-1.55E0,-8.2E0));
#3697=LINE('',#3696,#3695);
#3698=DIRECTION('',(1.E0,0.E0,0.E0));
#3699=VECTOR('',#3698,1.9E0);
#3700=CARTESIAN_POINT('',(3.207E1,1.05E0,-7.4E0));
#3701=LINE('',#3700,#3699);
#3702=DIRECTION('',(1.E0,0.E0,0.E0));
#3703=VECTOR('',#3702,1.9E0);
#3704=CARTESIAN_POINT('',(3.207E1,1.05E0,-7.3E0));
#3705=LINE('',#3704,#3703);
#3706=DIRECTION('',(1.E0,0.E0,0.E0));
#3707=VECTOR('',#3706,1.9E0);
#3708=CARTESIAN_POINT('',(3.207E1,-6.5E-1,-7.3E0));
#3709=LINE('',#3708,#3707);
#3710=DIRECTION('',(1.E0,0.E0,0.E0));
#3711=VECTOR('',#3710,1.9E0);
#3712=CARTESIAN_POINT('',(3.207E1,-6.5E-1,-7.98E0));
#3713=LINE('',#3712,#3711);
#3714=DIRECTION('',(0.E0,-1.E0,0.E0));
#3715=VECTOR('',#3714,1.E0);
#3716=CARTESIAN_POINT('',(-3.132E1,7.25E0,-3.85E0));
#3717=LINE('',#3716,#3715);
#3718=DIRECTION('',(0.E0,-1.E0,0.E0));
#3719=VECTOR('',#3718,5.E-1);
#3720=CARTESIAN_POINT('',(-3.136187606012E1,6.25E0,-3.475E0));
#3721=LINE('',#3720,#3719);
#3722=DIRECTION('',(0.E0,-1.E0,0.E0));
#3723=VECTOR('',#3722,5.E-1);
#3724=CARTESIAN_POINT('',(-3.467812393988E1,6.25E0,-4.225E0));
#3725=LINE('',#3724,#3723);
#3726=CARTESIAN_POINT('',(-3.302E1,6.25E0,-3.85E0));
#3727=DIRECTION('',(0.E0,1.E0,0.E0));
#3728=DIRECTION('',(-1.E0,0.E0,0.E0));
#3729=AXIS2_PLACEMENT_3D('',#3726,#3727,#3728);
#3731=CARTESIAN_POINT('',(-3.302E1,6.25E0,-3.85E0));
#3732=DIRECTION('',(0.E0,1.E0,0.E0));
#3733=DIRECTION('',(9.753670234583E-1,0.E0,2.205882352941E-1));
#3734=AXIS2_PLACEMENT_3D('',#3731,#3732,#3733);
#3736=DIRECTION('',(0.E0,-1.E0,0.E0));
#3737=VECTOR('',#3736,1.E0);
#3738=CARTESIAN_POINT('',(-3.472E1,7.25E0,-3.85E0));
#3739=LINE('',#3738,#3737);
#3740=DIRECTION('',(1.E0,0.E0,0.E0));
#3741=VECTOR('',#3740,3.316247879758E0);
#3742=CARTESIAN_POINT('',(-3.467812393988E1,6.25E0,-3.475E0));
#3743=LINE('',#3742,#3741);
#3744=CARTESIAN_POINT('',(-3.302E1,6.25E0,-3.85E0));
#3745=DIRECTION('',(0.E0,1.E0,0.E0));
#3746=DIRECTION('',(-9.753670234583E-1,0.E0,2.205882352941E-1));
#3747=AXIS2_PLACEMENT_3D('',#3744,#3745,#3746);
#3749=DIRECTION('',(-1.E0,0.E0,0.E0));
#3750=VECTOR('',#3749,3.316247879758E0);
#3751=CARTESIAN_POINT('',(-3.136187606012E1,6.25E0,-4.225E0));
#3752=LINE('',#3751,#3750);
#3753=CARTESIAN_POINT('',(-3.302E1,6.25E0,-3.85E0));
#3754=DIRECTION('',(0.E0,1.E0,0.E0));
#3755=DIRECTION('',(9.753670234583E-1,0.E0,-2.205882352941E-1));
#3756=AXIS2_PLACEMENT_3D('',#3753,#3754,#3755);
#3758=DIRECTION('',(0.E0,-1.E0,0.E0));
#3759=VECTOR('',#3758,5.E-1);
#3760=CARTESIAN_POINT('',(-3.467812393988E1,6.25E0,-3.475E0));
#3761=LINE('',#3760,#3759);
#3762=CARTESIAN_POINT('',(-3.302E1,5.75E0,-3.85E0));
#3763=DIRECTION('',(0.E0,1.E0,0.E0));
#3764=DIRECTION('',(-9.753670234583E-1,0.E0,-2.205882352941E-1));
#3765=AXIS2_PLACEMENT_3D('',#3762,#3763,#3764);
#3767=DIRECTION('',(-1.E0,0.E0,0.E0));
#3768=VECTOR('',#3767,3.316247879758E0);
#3769=CARTESIAN_POINT('',(-3.136187606012E1,5.75E0,-4.225E0));
#3770=LINE('',#3769,#3768);
#3771=CARTESIAN_POINT('',(-3.302E1,5.75E0,-3.85E0));
#3772=DIRECTION('',(0.E0,1.E0,0.E0));
#3773=DIRECTION('',(9.753670234583E-1,0.E0,2.205882352941E-1));
#3774=AXIS2_PLACEMENT_3D('',#3771,#3772,#3773);
#3776=DIRECTION('',(1.E0,0.E0,0.E0));
#3777=VECTOR('',#3776,3.316247879758E0);
#3778=CARTESIAN_POINT('',(-3.467812393988E1,5.75E0,-3.475E0));
#3779=LINE('',#3778,#3777);
#3780=DIRECTION('',(0.E0,-1.E0,0.E0));
#3781=VECTOR('',#3780,5.E-1);
#3782=CARTESIAN_POINT('',(-3.136187606012E1,6.25E0,-4.225E0));
#3783=LINE('',#3782,#3781);
#3784=DIRECTION('',(0.E0,-1.E0,0.E0));
#3785=VECTOR('',#3784,1.E0);
#3786=CARTESIAN_POINT('',(-2.624E1,7.25E0,-3.85E0));
#3787=LINE('',#3786,#3785);
#3788=DIRECTION('',(0.E0,-1.E0,0.E0));
#3789=VECTOR('',#3788,5.E-1);
#3790=CARTESIAN_POINT('',(-2.628187606012E1,6.25E0,-3.475E0));
#3791=LINE('',#3790,#3789);
#3792=DIRECTION('',(0.E0,-1.E0,0.E0));
#3793=VECTOR('',#3792,5.E-1);
#3794=CARTESIAN_POINT('',(-2.959812393988E1,6.25E0,-4.225E0));
#3795=LINE('',#3794,#3793);
#3796=CARTESIAN_POINT('',(-2.794E1,6.25E0,-3.85E0));
#3797=DIRECTION('',(0.E0,1.E0,0.E0));
#3798=DIRECTION('',(-1.E0,0.E0,0.E0));
#3799=AXIS2_PLACEMENT_3D('',#3796,#3797,#3798);
#3801=CARTESIAN_POINT('',(-2.794E1,6.25E0,-3.85E0));
#3802=DIRECTION('',(0.E0,1.E0,0.E0));
#3803=DIRECTION('',(9.753670234583E-1,0.E0,2.205882352941E-1));
#3804=AXIS2_PLACEMENT_3D('',#3801,#3802,#3803);
#3806=DIRECTION('',(0.E0,-1.E0,0.E0));
#3807=VECTOR('',#3806,1.E0);
#3808=CARTESIAN_POINT('',(-2.964E1,7.25E0,-3.85E0));
#3809=LINE('',#3808,#3807);
#3810=DIRECTION('',(1.E0,0.E0,0.E0));
#3811=VECTOR('',#3810,3.316247879758E0);
#3812=CARTESIAN_POINT('',(-2.959812393988E1,6.25E0,-3.475E0));
#3813=LINE('',#3812,#3811);
#3814=CARTESIAN_POINT('',(-2.794E1,6.25E0,-3.85E0));
#3815=DIRECTION('',(0.E0,1.E0,0.E0));
#3816=DIRECTION('',(-9.753670234583E-1,0.E0,2.205882352941E-1));
#3817=AXIS2_PLACEMENT_3D('',#3814,#3815,#3816);
#3819=DIRECTION('',(-1.E0,0.E0,0.E0));
#3820=VECTOR('',#3819,3.316247879758E0);
#3821=CARTESIAN_POINT('',(-2.628187606012E1,6.25E0,-4.225E0));
#3822=LINE('',#3821,#3820);
#3823=CARTESIAN_POINT('',(-2.794E1,6.25E0,-3.85E0));
#3824=DIRECTION('',(0.E0,1.E0,0.E0));
#3825=DIRECTION('',(9.753670234583E-1,0.E0,-2.205882352941E-1));
#3826=AXIS2_PLACEMENT_3D('',#3823,#3824,#3825);
#3828=DIRECTION('',(0.E0,-1.E0,0.E0));
#3829=VECTOR('',#3828,5.E-1);
#3830=CARTESIAN_POINT('',(-2.959812393988E1,6.25E0,-3.475E0));
#3831=LINE('',#3830,#3829);
#3832=CARTESIAN_POINT('',(-2.794E1,5.75E0,-3.85E0));
#3833=DIRECTION('',(0.E0,1.E0,0.E0));
#3834=DIRECTION('',(-9.753670234583E-1,0.E0,-2.205882352941E-1));
#3835=AXIS2_PLACEMENT_3D('',#3832,#3833,#3834);
#3837=DIRECTION('',(-1.E0,0.E0,0.E0));
#3838=VECTOR('',#3837,3.316247879758E0);
#3839=CARTESIAN_POINT('',(-2.628187606012E1,5.75E0,-4.225E0));
#3840=LINE('',#3839,#3838);
#3841=CARTESIAN_POINT('',(-2.794E1,5.75E0,-3.85E0));
#3842=DIRECTION('',(0.E0,1.E0,0.E0));
#3843=DIRECTION('',(9.753670234583E-1,0.E0,2.205882352941E-1));
#3844=AXIS2_PLACEMENT_3D('',#3841,#3842,#3843);
#3846=DIRECTION('',(1.E0,0.E0,0.E0));
#3847=VECTOR('',#3846,3.316247879758E0);
#3848=CARTESIAN_POINT('',(-2.959812393988E1,5.75E0,-3.475E0));
#3849=LINE('',#3848,#3847);
#3850=DIRECTION('',(0.E0,-1.E0,0.E0));
#3851=VECTOR('',#3850,5.E-1);
#3852=CARTESIAN_POINT('',(-2.628187606012E1,6.25E0,-4.225E0));
#3853=LINE('',#3852,#3851);
#3854=DIRECTION('',(0.E0,-1.E0,0.E0));
#3855=VECTOR('',#3854,1.E0);
#3856=CARTESIAN_POINT('',(-2.116E1,7.25E0,-3.85E0));
#3857=LINE('',#3856,#3855);
#3858=DIRECTION('',(0.E0,-1.E0,0.E0));
#3859=VECTOR('',#3858,5.E-1);
#3860=CARTESIAN_POINT('',(-2.120187606012E1,6.25E0,-3.475E0));
#3861=LINE('',#3860,#3859);
#3862=DIRECTION('',(0.E0,-1.E0,0.E0));
#3863=VECTOR('',#3862,5.E-1);
#3864=CARTESIAN_POINT('',(-2.451812393988E1,6.25E0,-4.225E0));
#3865=LINE('',#3864,#3863);
#3866=CARTESIAN_POINT('',(-2.286E1,6.25E0,-3.85E0));
#3867=DIRECTION('',(0.E0,1.E0,0.E0));
#3868=DIRECTION('',(-1.E0,0.E0,0.E0));
#3869=AXIS2_PLACEMENT_3D('',#3866,#3867,#3868);
#3871=CARTESIAN_POINT('',(-2.286E1,6.25E0,-3.85E0));
#3872=DIRECTION('',(0.E0,1.E0,0.E0));
#3873=DIRECTION('',(9.753670234583E-1,0.E0,2.205882352941E-1));
#3874=AXIS2_PLACEMENT_3D('',#3871,#3872,#3873);
#3876=DIRECTION('',(0.E0,-1.E0,0.E0));
#3877=VECTOR('',#3876,1.E0);
#3878=CARTESIAN_POINT('',(-2.456E1,7.25E0,-3.85E0));
#3879=LINE('',#3878,#3877);
#3880=DIRECTION('',(1.E0,0.E0,0.E0));
#3881=VECTOR('',#3880,3.316247879758E0);
#3882=CARTESIAN_POINT('',(-2.451812393988E1,6.25E0,-3.475E0));
#3883=LINE('',#3882,#3881);
#3884=CARTESIAN_POINT('',(-2.286E1,6.25E0,-3.85E0));
#3885=DIRECTION('',(0.E0,1.E0,0.E0));
#3886=DIRECTION('',(-9.753670234583E-1,0.E0,2.205882352941E-1));
#3887=AXIS2_PLACEMENT_3D('',#3884,#3885,#3886);
#3889=DIRECTION('',(-1.E0,0.E0,0.E0));
#3890=VECTOR('',#3889,3.316247879758E0);
#3891=CARTESIAN_POINT('',(-2.120187606012E1,6.25E0,-4.225E0));
#3892=LINE('',#3891,#3890);
#3893=CARTESIAN_POINT('',(-2.286E1,6.25E0,-3.85E0));
#3894=DIRECTION('',(0.E0,1.E0,0.E0));
#3895=DIRECTION('',(9.753670234583E-1,0.E0,-2.205882352941E-1));
#3896=AXIS2_PLACEMENT_3D('',#3893,#3894,#3895);
#3898=DIRECTION('',(0.E0,-1.E0,0.E0));
#3899=VECTOR('',#3898,5.E-1);
#3900=CARTESIAN_POINT('',(-2.451812393988E1,6.25E0,-3.475E0));
#3901=LINE('',#3900,#3899);
#3902=CARTESIAN_POINT('',(-2.286E1,5.75E0,-3.85E0));
#3903=DIRECTION('',(0.E0,1.E0,0.E0));
#3904=DIRECTION('',(-9.753670234583E-1,0.E0,-2.205882352941E-1));
#3905=AXIS2_PLACEMENT_3D('',#3902,#3903,#3904);
#3907=DIRECTION('',(-1.E0,0.E0,0.E0));
#3908=VECTOR('',#3907,3.316247879758E0);
#3909=CARTESIAN_POINT('',(-2.120187606012E1,5.75E0,-4.225E0));
#3910=LINE('',#3909,#3908);
#3911=CARTESIAN_POINT('',(-2.286E1,5.75E0,-3.85E0));
#3912=DIRECTION('',(0.E0,1.E0,0.E0));
#3913=DIRECTION('',(9.753670234583E-1,0.E0,2.205882352941E-1));
#3914=AXIS2_PLACEMENT_3D('',#3911,#3912,#3913);
#3916=DIRECTION('',(1.E0,0.E0,0.E0));
#3917=VECTOR('',#3916,3.316247879758E0);
#3918=CARTESIAN_POINT('',(-2.451812393988E1,5.75E0,-3.475E0));
#3919=LINE('',#3918,#3917);
#3920=DIRECTION('',(0.E0,-1.E0,0.E0));
#3921=VECTOR('',#3920,5.E-1);
#3922=CARTESIAN_POINT('',(-2.120187606012E1,6.25E0,-4.225E0));
#3923=LINE('',#3922,#3921);
#3924=DIRECTION('',(0.E0,-1.E0,0.E0));
#3925=VECTOR('',#3924,1.E0);
#3926=CARTESIAN_POINT('',(-1.608E1,7.25E0,-3.85E0));
#3927=LINE('',#3926,#3925);
#3928=DIRECTION('',(0.E0,-1.E0,0.E0));
#3929=VECTOR('',#3928,5.E-1);
#3930=CARTESIAN_POINT('',(-1.612187606012E1,6.25E0,-3.475E0));
#3931=LINE('',#3930,#3929);
#3932=DIRECTION('',(0.E0,-1.E0,0.E0));
#3933=VECTOR('',#3932,5.E-1);
#3934=CARTESIAN_POINT('',(-1.943812393988E1,6.25E0,-4.225E0));
#3935=LINE('',#3934,#3933);
#3936=CARTESIAN_POINT('',(-1.778E1,6.25E0,-3.85E0));
#3937=DIRECTION('',(0.E0,1.E0,0.E0));
#3938=DIRECTION('',(-1.E0,0.E0,0.E0));
#3939=AXIS2_PLACEMENT_3D('',#3936,#3937,#3938);
#3941=CARTESIAN_POINT('',(-1.778E1,6.25E0,-3.85E0));
#3942=DIRECTION('',(0.E0,1.E0,0.E0));
#3943=DIRECTION('',(9.753670234583E-1,0.E0,2.205882352941E-1));
#3944=AXIS2_PLACEMENT_3D('',#3941,#3942,#3943);
#3946=DIRECTION('',(0.E0,-1.E0,0.E0));
#3947=VECTOR('',#3946,1.E0);
#3948=CARTESIAN_POINT('',(-1.948E1,7.25E0,-3.85E0));
#3949=LINE('',#3948,#3947);
#3950=DIRECTION('',(1.E0,0.E0,0.E0));
#3951=VECTOR('',#3950,3.316247879758E0);
#3952=CARTESIAN_POINT('',(-1.943812393988E1,6.25E0,-3.475E0));
#3953=LINE('',#3952,#3951);
#3954=CARTESIAN_POINT('',(-1.778E1,6.25E0,-3.85E0));
#3955=DIRECTION('',(0.E0,1.E0,0.E0));
#3956=DIRECTION('',(-9.753670234583E-1,0.E0,2.205882352941E-1));
#3957=AXIS2_PLACEMENT_3D('',#3954,#3955,#3956);
#3959=DIRECTION('',(-1.E0,0.E0,0.E0));
#3960=VECTOR('',#3959,3.316247879758E0);
#3961=CARTESIAN_POINT('',(-1.612187606012E1,6.25E0,-4.225E0));
#3962=LINE('',#3961,#3960);
#3963=CARTESIAN_POINT('',(-1.778E1,6.25E0,-3.85E0));
#3964=DIRECTION('',(0.E0,1.E0,0.E0));
#3965=DIRECTION('',(9.753670234583E-1,0.E0,-2.205882352941E-1));
#3966=AXIS2_PLACEMENT_3D('',#3963,#3964,#3965);
#3968=DIRECTION('',(0.E0,-1.E0,0.E0));
#3969=VECTOR('',#3968,5.E-1);
#3970=CARTESIAN_POINT('',(-1.943812393988E1,6.25E0,-3.475E0));
#3971=LINE('',#3970,#3969);
#3972=CARTESIAN_POINT('',(-1.778E1,5.75E0,-3.85E0));
#3973=DIRECTION('',(0.E0,1.E0,0.E0));
#3974=DIRECTION('',(-9.753670234583E-1,0.E0,-2.205882352941E-1));
#3975=AXIS2_PLACEMENT_3D('',#3972,#3973,#3974);
#3977=DIRECTION('',(-1.E0,0.E0,0.E0));
#3978=VECTOR('',#3977,3.316247879758E0);
#3979=CARTESIAN_POINT('',(-1.612187606012E1,5.75E0,-4.225E0));
#3980=LINE('',#3979,#3978);
#3981=CARTESIAN_POINT('',(-1.778E1,5.75E0,-3.85E0));
#3982=DIRECTION('',(0.E0,1.E0,0.E0));
#3983=DIRECTION('',(9.753670234583E-1,0.E0,2.205882352941E-1));
#3984=AXIS2_PLACEMENT_3D('',#3981,#3982,#3983);
#3986=DIRECTION('',(1.E0,0.E0,0.E0));
#3987=VECTOR('',#3986,3.316247879758E0);
#3988=CARTESIAN_POINT('',(-1.943812393988E1,5.75E0,-3.475E0));
#3989=LINE('',#3988,#3987);
#3990=DIRECTION('',(0.E0,-1.E0,0.E0));
#3991=VECTOR('',#3990,5.E-1);
#3992=CARTESIAN_POINT('',(-1.612187606012E1,6.25E0,-4.225E0));
#3993=LINE('',#3992,#3991);
#3994=DIRECTION('',(0.E0,-1.E0,0.E0));
#3995=VECTOR('',#3994,1.E0);
#3996=CARTESIAN_POINT('',(-1.1E1,7.25E0,-3.85E0));
#3997=LINE('',#3996,#3995);
#3998=DIRECTION('',(0.E0,-1.E0,0.E0));
#3999=VECTOR('',#3998,5.E-1);
#4000=CARTESIAN_POINT('',(-1.104187606012E1,6.25E0,-3.475E0));
#4001=LINE('',#4000,#3999);
#4002=DIRECTION('',(0.E0,-1.E0,0.E0));
#4003=VECTOR('',#4002,5.E-1);
#4004=CARTESIAN_POINT('',(-1.435812393988E1,6.25E0,-4.225E0));
#4005=LINE('',#4004,#4003);
#4006=CARTESIAN_POINT('',(-1.27E1,6.25E0,-3.85E0));
#4007=DIRECTION('',(0.E0,1.E0,0.E0));
#4008=DIRECTION('',(-1.E0,0.E0,0.E0));
#4009=AXIS2_PLACEMENT_3D('',#4006,#4007,#4008);
#4011=CARTESIAN_POINT('',(-1.27E1,6.25E0,-3.85E0));
#4012=DIRECTION('',(0.E0,1.E0,0.E0));
#4013=DIRECTION('',(9.753670234583E-1,0.E0,2.205882352941E-1));
#4014=AXIS2_PLACEMENT_3D('',#4011,#4012,#4013);
#4016=DIRECTION('',(0.E0,-1.E0,0.E0));
#4017=VECTOR('',#4016,1.E0);
#4018=CARTESIAN_POINT('',(-1.44E1,7.25E0,-3.85E0));
#4019=LINE('',#4018,#4017);
#4020=DIRECTION('',(1.E0,0.E0,0.E0));
#4021=VECTOR('',#4020,3.316247879758E0);
#4022=CARTESIAN_POINT('',(-1.435812393988E1,6.25E0,-3.475E0));
#4023=LINE('',#4022,#4021);
#4024=CARTESIAN_POINT('',(-1.27E1,6.25E0,-3.85E0));
#4025=DIRECTION('',(0.E0,1.E0,0.E0));
#4026=DIRECTION('',(-9.753670234583E-1,0.E0,2.205882352941E-1));
#4027=AXIS2_PLACEMENT_3D('',#4024,#4025,#4026);
#4029=DIRECTION('',(-1.E0,0.E0,0.E0));
#4030=VECTOR('',#4029,3.316247879758E0);
#4031=CARTESIAN_POINT('',(-1.104187606012E1,6.25E0,-4.225E0));
#4032=LINE('',#4031,#4030);
#4033=CARTESIAN_POINT('',(-1.27E1,6.25E0,-3.85E0));
#4034=DIRECTION('',(0.E0,1.E0,0.E0));
#4035=DIRECTION('',(9.753670234583E-1,0.E0,-2.205882352941E-1));
#4036=AXIS2_PLACEMENT_3D('',#4033,#4034,#4035);
#4038=DIRECTION('',(0.E0,-1.E0,0.E0));
#4039=VECTOR('',#4038,5.E-1);
#4040=CARTESIAN_POINT('',(-1.435812393988E1,6.25E0,-3.475E0));
#4041=LINE('',#4040,#4039);
#4042=CARTESIAN_POINT('',(-1.27E1,5.75E0,-3.85E0));
#4043=DIRECTION('',(0.E0,1.E0,0.E0));
#4044=DIRECTION('',(-9.753670234583E-1,0.E0,-2.205882352941E-1));
#4045=AXIS2_PLACEMENT_3D('',#4042,#4043,#4044);
#4047=DIRECTION('',(-1.E0,0.E0,0.E0));
#4048=VECTOR('',#4047,3.316247879758E0);
#4049=CARTESIAN_POINT('',(-1.104187606012E1,5.75E0,-4.225E0));
#4050=LINE('',#4049,#4048);
#4051=CARTESIAN_POINT('',(-1.27E1,5.75E0,-3.85E0));
#4052=DIRECTION('',(0.E0,1.E0,0.E0));
#4053=DIRECTION('',(9.753670234583E-1,0.E0,2.205882352941E-1));
#4054=AXIS2_PLACEMENT_3D('',#4051,#4052,#4053);
#4056=DIRECTION('',(1.E0,0.E0,0.E0));
#4057=VECTOR('',#4056,3.316247879758E0);
#4058=CARTESIAN_POINT('',(-1.435812393988E1,5.75E0,-3.475E0));
#4059=LINE('',#4058,#4057);
#4060=DIRECTION('',(0.E0,-1.E0,0.E0));
#4061=VECTOR('',#4060,5.E-1);
#4062=CARTESIAN_POINT('',(-1.104187606012E1,6.25E0,-4.225E0));
#4063=LINE('',#4062,#4061);
#4064=DIRECTION('',(0.E0,-1.E0,0.E0));
#4065=VECTOR('',#4064,1.E0);
#4066=CARTESIAN_POINT('',(-5.92E0,7.25E0,-3.85E0));
#4067=LINE('',#4066,#4065);
#4068=DIRECTION('',(0.E0,-1.E0,0.E0));
#4069=VECTOR('',#4068,5.E-1);
#4070=CARTESIAN_POINT('',(-5.961876060121E0,6.25E0,-3.475E0));
#4071=LINE('',#4070,#4069);
#4072=DIRECTION('',(0.E0,-1.E0,0.E0));
#4073=VECTOR('',#4072,5.E-1);
#4074=CARTESIAN_POINT('',(-9.278123939879E0,6.25E0,-4.225E0));
#4075=LINE('',#4074,#4073);
#4076=CARTESIAN_POINT('',(-7.62E0,6.25E0,-3.85E0));
#4077=DIRECTION('',(0.E0,1.E0,0.E0));
#4078=DIRECTION('',(-1.E0,0.E0,0.E0));
#4079=AXIS2_PLACEMENT_3D('',#4076,#4077,#4078);
#4081=CARTESIAN_POINT('',(-7.62E0,6.25E0,-3.85E0));
#4082=DIRECTION('',(0.E0,1.E0,0.E0));
#4083=DIRECTION('',(9.753670234583E-1,0.E0,2.205882352941E-1));
#4084=AXIS2_PLACEMENT_3D('',#4081,#4082,#4083);
#4086=DIRECTION('',(0.E0,-1.E0,0.E0));
#4087=VECTOR('',#4086,1.E0);
#4088=CARTESIAN_POINT('',(-9.32E0,7.25E0,-3.85E0));
#4089=LINE('',#4088,#4087);
#4090=DIRECTION('',(1.E0,0.E0,0.E0));
#4091=VECTOR('',#4090,3.316247879758E0);
#4092=CARTESIAN_POINT('',(-9.278123939879E0,6.25E0,-3.475E0));
#4093=LINE('',#4092,#4091);
#4094=CARTESIAN_POINT('',(-7.62E0,6.25E0,-3.85E0));
#4095=DIRECTION('',(0.E0,1.E0,0.E0));
#4096=DIRECTION('',(-9.753670234583E-1,0.E0,2.205882352941E-1));
#4097=AXIS2_PLACEMENT_3D('',#4094,#4095,#4096);
#4099=DIRECTION('',(-1.E0,0.E0,0.E0));
#4100=VECTOR('',#4099,3.316247879758E0);
#4101=CARTESIAN_POINT('',(-5.961876060121E0,6.25E0,-4.225E0));
#4102=LINE('',#4101,#4100);
#4103=CARTESIAN_POINT('',(-7.62E0,6.25E0,-3.85E0));
#4104=DIRECTION('',(0.E0,1.E0,0.E0));
#4105=DIRECTION('',(9.753670234583E-1,0.E0,-2.205882352941E-1));
#4106=AXIS2_PLACEMENT_3D('',#4103,#4104,#4105);
#4108=DIRECTION('',(0.E0,-1.E0,0.E0));
#4109=VECTOR('',#4108,5.E-1);
#4110=CARTESIAN_POINT('',(-9.278123939879E0,6.25E0,-3.475E0));
#4111=LINE('',#4110,#4109);
#4112=CARTESIAN_POINT('',(-7.62E0,5.75E0,-3.85E0));
#4113=DIRECTION('',(0.E0,1.E0,0.E0));
#4114=DIRECTION('',(-9.753670234583E-1,0.E0,-2.205882352941E-1));
#4115=AXIS2_PLACEMENT_3D('',#4112,#4113,#4114);
#4117=DIRECTION('',(-1.E0,0.E0,0.E0));
#4118=VECTOR('',#4117,3.316247879758E0);
#4119=CARTESIAN_POINT('',(-5.961876060121E0,5.75E0,-4.225E0));
#4120=LINE('',#4119,#4118);
#4121=CARTESIAN_POINT('',(-7.62E0,5.75E0,-3.85E0));
#4122=DIRECTION('',(0.E0,1.E0,0.E0));
#4123=DIRECTION('',(9.753670234583E-1,0.E0,2.205882352941E-1));
#4124=AXIS2_PLACEMENT_3D('',#4121,#4122,#4123);
#4126=DIRECTION('',(1.E0,0.E0,0.E0));
#4127=VECTOR('',#4126,3.316247879758E0);
#4128=CARTESIAN_POINT('',(-9.278123939879E0,5.75E0,-3.475E0));
#4129=LINE('',#4128,#4127);
#4130=DIRECTION('',(0.E0,-1.E0,0.E0));
#4131=VECTOR('',#4130,5.E-1);
#4132=CARTESIAN_POINT('',(-5.961876060121E0,6.25E0,-4.225E0));
#4133=LINE('',#4132,#4131);
#4134=DIRECTION('',(0.E0,-1.E0,0.E0));
#4135=VECTOR('',#4134,1.E0);
#4136=CARTESIAN_POINT('',(-8.4E-1,7.25E0,-3.85E0));
#4137=LINE('',#4136,#4135);
#4138=DIRECTION('',(0.E0,-1.E0,0.E0));
#4139=VECTOR('',#4138,5.E-1);
#4140=CARTESIAN_POINT('',(-8.818760601210E-1,6.25E0,-3.475E0));
#4141=LINE('',#4140,#4139);
#4142=DIRECTION('',(0.E0,-1.E0,0.E0));
#4143=VECTOR('',#4142,5.E-1);
#4144=CARTESIAN_POINT('',(-4.198123939879E0,6.25E0,-4.225E0));
#4145=LINE('',#4144,#4143);
#4146=CARTESIAN_POINT('',(-2.54E0,6.25E0,-3.85E0));
#4147=DIRECTION('',(0.E0,1.E0,0.E0));
#4148=DIRECTION('',(-1.E0,0.E0,0.E0));
#4149=AXIS2_PLACEMENT_3D('',#4146,#4147,#4148);
#4151=CARTESIAN_POINT('',(-2.54E0,6.25E0,-3.85E0));
#4152=DIRECTION('',(0.E0,1.E0,0.E0));
#4153=DIRECTION('',(9.753670234583E-1,0.E0,2.205882352941E-1));
#4154=AXIS2_PLACEMENT_3D('',#4151,#4152,#4153);
#4156=DIRECTION('',(0.E0,-1.E0,0.E0));
#4157=VECTOR('',#4156,1.E0);
#4158=CARTESIAN_POINT('',(-4.24E0,7.25E0,-3.85E0));
#4159=LINE('',#4158,#4157);
#4160=DIRECTION('',(1.E0,0.E0,0.E0));
#4161=VECTOR('',#4160,3.316247879758E0);
#4162=CARTESIAN_POINT('',(-4.198123939879E0,6.25E0,-3.475E0));
#4163=LINE('',#4162,#4161);
#4164=CARTESIAN_POINT('',(-2.54E0,6.25E0,-3.85E0));
#4165=DIRECTION('',(0.E0,1.E0,0.E0));
#4166=DIRECTION('',(-9.753670234583E-1,0.E0,2.205882352941E-1));
#4167=AXIS2_PLACEMENT_3D('',#4164,#4165,#4166);
#4169=DIRECTION('',(-1.E0,0.E0,0.E0));
#4170=VECTOR('',#4169,3.316247879758E0);
#4171=CARTESIAN_POINT('',(-8.818760601210E-1,6.25E0,-4.225E0));
#4172=LINE('',#4171,#4170);
#4173=CARTESIAN_POINT('',(-2.54E0,6.25E0,-3.85E0));
#4174=DIRECTION('',(0.E0,1.E0,0.E0));
#4175=DIRECTION('',(9.753670234583E-1,0.E0,-2.205882352941E-1));
#4176=AXIS2_PLACEMENT_3D('',#4173,#4174,#4175);
#4178=DIRECTION('',(0.E0,-1.E0,0.E0));
#4179=VECTOR('',#4178,5.E-1);
#4180=CARTESIAN_POINT('',(-4.198123939879E0,6.25E0,-3.475E0));
#4181=LINE('',#4180,#4179);
#4182=CARTESIAN_POINT('',(-2.54E0,5.75E0,-3.85E0));
#4183=DIRECTION('',(0.E0,1.E0,0.E0));
#4184=DIRECTION('',(-9.753670234583E-1,0.E0,-2.205882352941E-1));
#4185=AXIS2_PLACEMENT_3D('',#4182,#4183,#4184);
#4187=DIRECTION('',(-1.E0,0.E0,0.E0));
#4188=VECTOR('',#4187,3.316247879758E0);
#4189=CARTESIAN_POINT('',(-8.818760601210E-1,5.75E0,-4.225E0));
#4190=LINE('',#4189,#4188);
#4191=CARTESIAN_POINT('',(-2.54E0,5.75E0,-3.85E0));
#4192=DIRECTION('',(0.E0,1.E0,0.E0));
#4193=DIRECTION('',(9.753670234583E-1,0.E0,2.205882352941E-1));
#4194=AXIS2_PLACEMENT_3D('',#4191,#4192,#4193);
#4196=DIRECTION('',(1.E0,0.E0,0.E0));
#4197=VECTOR('',#4196,3.316247879758E0);
#4198=CARTESIAN_POINT('',(-4.198123939879E0,5.75E0,-3.475E0));
#4199=LINE('',#4198,#4197);
#4200=DIRECTION('',(0.E0,-1.E0,0.E0));
#4201=VECTOR('',#4200,5.E-1);
#4202=CARTESIAN_POINT('',(-8.818760601210E-1,6.25E0,-4.225E0));
#4203=LINE('',#4202,#4201);
#4204=DIRECTION('',(0.E0,-1.E0,0.E0));
#4205=VECTOR('',#4204,1.E0);
#4206=CARTESIAN_POINT('',(4.24E0,7.25E0,-3.85E0));
#4207=LINE('',#4206,#4205);
#4208=DIRECTION('',(0.E0,-1.E0,0.E0));
#4209=VECTOR('',#4208,5.E-1);
#4210=CARTESIAN_POINT('',(4.198123939879E0,6.25E0,-3.475E0));
#4211=LINE('',#4210,#4209);
#4212=DIRECTION('',(0.E0,-1.E0,0.E0));
#4213=VECTOR('',#4212,5.E-1);
#4214=CARTESIAN_POINT('',(8.818760601210E-1,6.25E0,-4.225E0));
#4215=LINE('',#4214,#4213);
#4216=CARTESIAN_POINT('',(2.54E0,6.25E0,-3.85E0));
#4217=DIRECTION('',(0.E0,1.E0,0.E0));
#4218=DIRECTION('',(-1.E0,0.E0,0.E0));
#4219=AXIS2_PLACEMENT_3D('',#4216,#4217,#4218);
#4221=CARTESIAN_POINT('',(2.54E0,6.25E0,-3.85E0));
#4222=DIRECTION('',(0.E0,1.E0,0.E0));
#4223=DIRECTION('',(9.753670234583E-1,0.E0,2.205882352941E-1));
#4224=AXIS2_PLACEMENT_3D('',#4221,#4222,#4223);
#4226=DIRECTION('',(0.E0,-1.E0,0.E0));
#4227=VECTOR('',#4226,1.E0);
#4228=CARTESIAN_POINT('',(8.4E-1,7.25E0,-3.85E0));
#4229=LINE('',#4228,#4227);
#4230=DIRECTION('',(1.E0,0.E0,0.E0));
#4231=VECTOR('',#4230,3.316247879758E0);
#4232=CARTESIAN_POINT('',(8.818760601210E-1,6.25E0,-3.475E0));
#4233=LINE('',#4232,#4231);
#4234=CARTESIAN_POINT('',(2.54E0,6.25E0,-3.85E0));
#4235=DIRECTION('',(0.E0,1.E0,0.E0));
#4236=DIRECTION('',(-9.753670234583E-1,0.E0,2.205882352941E-1));
#4237=AXIS2_PLACEMENT_3D('',#4234,#4235,#4236);
#4239=DIRECTION('',(-1.E0,0.E0,0.E0));
#4240=VECTOR('',#4239,3.316247879758E0);
#4241=CARTESIAN_POINT('',(4.198123939879E0,6.25E0,-4.225E0));
#4242=LINE('',#4241,#4240);
#4243=CARTESIAN_POINT('',(2.54E0,6.25E0,-3.85E0));
#4244=DIRECTION('',(0.E0,1.E0,0.E0));
#4245=DIRECTION('',(9.753670234583E-1,0.E0,-2.205882352941E-1));
#4246=AXIS2_PLACEMENT_3D('',#4243,#4244,#4245);
#4248=DIRECTION('',(0.E0,-1.E0,0.E0));
#4249=VECTOR('',#4248,5.E-1);
#4250=CARTESIAN_POINT('',(8.818760601210E-1,6.25E0,-3.475E0));
#4251=LINE('',#4250,#4249);
#4252=CARTESIAN_POINT('',(2.54E0,5.75E0,-3.85E0));
#4253=DIRECTION('',(0.E0,1.E0,0.E0));
#4254=DIRECTION('',(-9.753670234583E-1,0.E0,-2.205882352941E-1));
#4255=AXIS2_PLACEMENT_3D('',#4252,#4253,#4254);
#4257=DIRECTION('',(-1.E0,0.E0,0.E0));
#4258=VECTOR('',#4257,3.316247879758E0);
#4259=CARTESIAN_POINT('',(4.198123939879E0,5.75E0,-4.225E0));
#4260=LINE('',#4259,#4258);
#4261=CARTESIAN_POINT('',(2.54E0,5.75E0,-3.85E0));
#4262=DIRECTION('',(0.E0,1.E0,0.E0));
#4263=DIRECTION('',(9.753670234583E-1,0.E0,2.205882352941E-1));
#4264=AXIS2_PLACEMENT_3D('',#4261,#4262,#4263);
#4266=DIRECTION('',(1.E0,0.E0,0.E0));
#4267=VECTOR('',#4266,3.316247879758E0);
#4268=CARTESIAN_POINT('',(8.818760601210E-1,5.75E0,-3.475E0));
#4269=LINE('',#4268,#4267);
#4270=DIRECTION('',(0.E0,-1.E0,0.E0));
#4271=VECTOR('',#4270,5.E-1);
#4272=CARTESIAN_POINT('',(4.198123939879E0,6.25E0,-4.225E0));
#4273=LINE('',#4272,#4271);
#4274=DIRECTION('',(0.E0,-1.E0,0.E0));
#4275=VECTOR('',#4274,1.E0);
#4276=CARTESIAN_POINT('',(9.32E0,7.25E0,-3.85E0));
#4277=LINE('',#4276,#4275);
#4278=DIRECTION('',(0.E0,-1.E0,0.E0));
#4279=VECTOR('',#4278,5.E-1);
#4280=CARTESIAN_POINT('',(9.278123939879E0,6.25E0,-3.475E0));
#4281=LINE('',#4280,#4279);
#4282=DIRECTION('',(0.E0,-1.E0,0.E0));
#4283=VECTOR('',#4282,5.E-1);
#4284=CARTESIAN_POINT('',(5.961876060121E0,6.25E0,-4.225E0));
#4285=LINE('',#4284,#4283);
#4286=CARTESIAN_POINT('',(7.62E0,6.25E0,-3.85E0));
#4287=DIRECTION('',(0.E0,1.E0,0.E0));
#4288=DIRECTION('',(-1.E0,0.E0,0.E0));
#4289=AXIS2_PLACEMENT_3D('',#4286,#4287,#4288);
#4291=CARTESIAN_POINT('',(7.62E0,6.25E0,-3.85E0));
#4292=DIRECTION('',(0.E0,1.E0,0.E0));
#4293=DIRECTION('',(9.753670234583E-1,0.E0,2.205882352941E-1));
#4294=AXIS2_PLACEMENT_3D('',#4291,#4292,#4293);
#4296=DIRECTION('',(0.E0,-1.E0,0.E0));
#4297=VECTOR('',#4296,1.E0);
#4298=CARTESIAN_POINT('',(5.92E0,7.25E0,-3.85E0));
#4299=LINE('',#4298,#4297);
#4300=DIRECTION('',(1.E0,0.E0,0.E0));
#4301=VECTOR('',#4300,3.316247879758E0);
#4302=CARTESIAN_POINT('',(5.961876060121E0,6.25E0,-3.475E0));
#4303=LINE('',#4302,#4301);
#4304=CARTESIAN_POINT('',(7.62E0,6.25E0,-3.85E0));
#4305=DIRECTION('',(0.E0,1.E0,0.E0));
#4306=DIRECTION('',(-9.753670234583E-1,0.E0,2.205882352941E-1));
#4307=AXIS2_PLACEMENT_3D('',#4304,#4305,#4306);
#4309=DIRECTION('',(-1.E0,0.E0,0.E0));
#4310=VECTOR('',#4309,3.316247879758E0);
#4311=CARTESIAN_POINT('',(9.278123939879E0,6.25E0,-4.225E0));
#4312=LINE('',#4311,#4310);
#4313=CARTESIAN_POINT('',(7.62E0,6.25E0,-3.85E0));
#4314=DIRECTION('',(0.E0,1.E0,0.E0));
#4315=DIRECTION('',(9.753670234583E-1,0.E0,-2.205882352941E-1));
#4316=AXIS2_PLACEMENT_3D('',#4313,#4314,#4315);
#4318=DIRECTION('',(0.E0,-1.E0,0.E0));
#4319=VECTOR('',#4318,5.E-1);
#4320=CARTESIAN_POINT('',(5.961876060121E0,6.25E0,-3.475E0));
#4321=LINE('',#4320,#4319);
#4322=CARTESIAN_POINT('',(7.62E0,5.75E0,-3.85E0));
#4323=DIRECTION('',(0.E0,1.E0,0.E0));
#4324=DIRECTION('',(-9.753670234583E-1,0.E0,-2.205882352941E-1));
#4325=AXIS2_PLACEMENT_3D('',#4322,#4323,#4324);
#4327=DIRECTION('',(-1.E0,0.E0,0.E0));
#4328=VECTOR('',#4327,3.316247879758E0);
#4329=CARTESIAN_POINT('',(9.278123939879E0,5.75E0,-4.225E0));
#4330=LINE('',#4329,#4328);
#4331=CARTESIAN_POINT('',(7.62E0,5.75E0,-3.85E0));
#4332=DIRECTION('',(0.E0,1.E0,0.E0));
#4333=DIRECTION('',(9.753670234583E-1,0.E0,2.205882352941E-1));
#4334=AXIS2_PLACEMENT_3D('',#4331,#4332,#4333);
#4336=DIRECTION('',(1.E0,0.E0,0.E0));
#4337=VECTOR('',#4336,3.316247879758E0);
#4338=CARTESIAN_POINT('',(5.961876060121E0,5.75E0,-3.475E0));
#4339=LINE('',#4338,#4337);
#4340=DIRECTION('',(0.E0,-1.E0,0.E0));
#4341=VECTOR('',#4340,5.E-1);
#4342=CARTESIAN_POINT('',(9.278123939879E0,6.25E0,-4.225E0));
#4343=LINE('',#4342,#4341);
#4344=DIRECTION('',(0.E0,-1.E0,0.E0));
#4345=VECTOR('',#4344,1.E0);
#4346=CARTESIAN_POINT('',(1.44E1,7.25E0,-3.85E0));
#4347=LINE('',#4346,#4345);
#4348=DIRECTION('',(0.E0,-1.E0,0.E0));
#4349=VECTOR('',#4348,5.E-1);
#4350=CARTESIAN_POINT('',(1.435812393988E1,6.25E0,-3.475E0));
#4351=LINE('',#4350,#4349);
#4352=DIRECTION('',(0.E0,-1.E0,0.E0));
#4353=VECTOR('',#4352,5.E-1);
#4354=CARTESIAN_POINT('',(1.104187606012E1,6.25E0,-4.225E0));
#4355=LINE('',#4354,#4353);
#4356=CARTESIAN_POINT('',(1.27E1,6.25E0,-3.85E0));
#4357=DIRECTION('',(0.E0,1.E0,0.E0));
#4358=DIRECTION('',(-1.E0,0.E0,0.E0));
#4359=AXIS2_PLACEMENT_3D('',#4356,#4357,#4358);
#4361=CARTESIAN_POINT('',(1.27E1,6.25E0,-3.85E0));
#4362=DIRECTION('',(0.E0,1.E0,0.E0));
#4363=DIRECTION('',(9.753670234583E-1,0.E0,2.205882352941E-1));
#4364=AXIS2_PLACEMENT_3D('',#4361,#4362,#4363);
#4366=DIRECTION('',(0.E0,-1.E0,0.E0));
#4367=VECTOR('',#4366,1.E0);
#4368=CARTESIAN_POINT('',(1.1E1,7.25E0,-3.85E0));
#4369=LINE('',#4368,#4367);
#4370=DIRECTION('',(1.E0,0.E0,0.E0));
#4371=VECTOR('',#4370,3.316247879758E0);
#4372=CARTESIAN_POINT('',(1.104187606012E1,6.25E0,-3.475E0));
#4373=LINE('',#4372,#4371);
#4374=CARTESIAN_POINT('',(1.27E1,6.25E0,-3.85E0));
#4375=DIRECTION('',(0.E0,1.E0,0.E0));
#4376=DIRECTION('',(-9.753670234583E-1,0.E0,2.205882352941E-1));
#4377=AXIS2_PLACEMENT_3D('',#4374,#4375,#4376);
#4379=DIRECTION('',(-1.E0,0.E0,0.E0));
#4380=VECTOR('',#4379,3.316247879758E0);
#4381=CARTESIAN_POINT('',(1.435812393988E1,6.25E0,-4.225E0));
#4382=LINE('',#4381,#4380);
#4383=CARTESIAN_POINT('',(1.27E1,6.25E0,-3.85E0));
#4384=DIRECTION('',(0.E0,1.E0,0.E0));
#4385=DIRECTION('',(9.753670234583E-1,0.E0,-2.205882352941E-1));
#4386=AXIS2_PLACEMENT_3D('',#4383,#4384,#4385);
#4388=DIRECTION('',(0.E0,-1.E0,0.E0));
#4389=VECTOR('',#4388,5.E-1);
#4390=CARTESIAN_POINT('',(1.104187606012E1,6.25E0,-3.475E0));
#4391=LINE('',#4390,#4389);
#4392=CARTESIAN_POINT('',(1.27E1,5.75E0,-3.85E0));
#4393=DIRECTION('',(0.E0,1.E0,0.E0));
#4394=DIRECTION('',(-9.753670234583E-1,0.E0,-2.205882352941E-1));
#4395=AXIS2_PLACEMENT_3D('',#4392,#4393,#4394);
#4397=DIRECTION('',(-1.E0,0.E0,0.E0));
#4398=VECTOR('',#4397,3.316247879758E0);
#4399=CARTESIAN_POINT('',(1.435812393988E1,5.75E0,-4.225E0));
#4400=LINE('',#4399,#4398);
#4401=CARTESIAN_POINT('',(1.27E1,5.75E0,-3.85E0));
#4402=DIRECTION('',(0.E0,1.E0,0.E0));
#4403=DIRECTION('',(9.753670234583E-1,0.E0,2.205882352941E-1));
#4404=AXIS2_PLACEMENT_3D('',#4401,#4402,#4403);
#4406=DIRECTION('',(1.E0,0.E0,0.E0));
#4407=VECTOR('',#4406,3.316247879758E0);
#4408=CARTESIAN_POINT('',(1.104187606012E1,5.75E0,-3.475E0));
#4409=LINE('',#4408,#4407);
#4410=DIRECTION('',(0.E0,-1.E0,0.E0));
#4411=VECTOR('',#4410,5.E-1);
#4412=CARTESIAN_POINT('',(1.435812393988E1,6.25E0,-4.225E0));
#4413=LINE('',#4412,#4411);
#4414=DIRECTION('',(0.E0,-1.E0,0.E0));
#4415=VECTOR('',#4414,1.E0);
#4416=CARTESIAN_POINT('',(1.948E1,7.25E0,-3.85E0));
#4417=LINE('',#4416,#4415);
#4418=DIRECTION('',(0.E0,-1.E0,0.E0));
#4419=VECTOR('',#4418,5.E-1);
#4420=CARTESIAN_POINT('',(1.943812393988E1,6.25E0,-3.475E0));
#4421=LINE('',#4420,#4419);
#4422=DIRECTION('',(0.E0,-1.E0,0.E0));
#4423=VECTOR('',#4422,5.E-1);
#4424=CARTESIAN_POINT('',(1.612187606012E1,6.25E0,-4.225E0));
#4425=LINE('',#4424,#4423);
#4426=CARTESIAN_POINT('',(1.778E1,6.25E0,-3.85E0));
#4427=DIRECTION('',(0.E0,1.E0,0.E0));
#4428=DIRECTION('',(-1.E0,0.E0,0.E0));
#4429=AXIS2_PLACEMENT_3D('',#4426,#4427,#4428);
#4431=CARTESIAN_POINT('',(1.778E1,6.25E0,-3.85E0));
#4432=DIRECTION('',(0.E0,1.E0,0.E0));
#4433=DIRECTION('',(9.753670234583E-1,0.E0,2.205882352941E-1));
#4434=AXIS2_PLACEMENT_3D('',#4431,#4432,#4433);
#4436=DIRECTION('',(0.E0,-1.E0,0.E0));
#4437=VECTOR('',#4436,1.E0);
#4438=CARTESIAN_POINT('',(1.608E1,7.25E0,-3.85E0));
#4439=LINE('',#4438,#4437);
#4440=DIRECTION('',(1.E0,0.E0,0.E0));
#4441=VECTOR('',#4440,3.316247879758E0);
#4442=CARTESIAN_POINT('',(1.612187606012E1,6.25E0,-3.475E0));
#4443=LINE('',#4442,#4441);
#4444=CARTESIAN_POINT('',(1.778E1,6.25E0,-3.85E0));
#4445=DIRECTION('',(0.E0,1.E0,0.E0));
#4446=DIRECTION('',(-9.753670234583E-1,0.E0,2.205882352941E-1));
#4447=AXIS2_PLACEMENT_3D('',#4444,#4445,#4446);
#4449=DIRECTION('',(-1.E0,0.E0,0.E0));
#4450=VECTOR('',#4449,3.316247879758E0);
#4451=CARTESIAN_POINT('',(1.943812393988E1,6.25E0,-4.225E0));
#4452=LINE('',#4451,#4450);
#4453=CARTESIAN_POINT('',(1.778E1,6.25E0,-3.85E0));
#4454=DIRECTION('',(0.E0,1.E0,0.E0));
#4455=DIRECTION('',(9.753670234583E-1,0.E0,-2.205882352941E-1));
#4456=AXIS2_PLACEMENT_3D('',#4453,#4454,#4455);
#4458=DIRECTION('',(0.E0,-1.E0,0.E0));
#4459=VECTOR('',#4458,5.E-1);
#4460=CARTESIAN_POINT('',(1.612187606012E1,6.25E0,-3.475E0));
#4461=LINE('',#4460,#4459);
#4462=CARTESIAN_POINT('',(1.778E1,5.75E0,-3.85E0));
#4463=DIRECTION('',(0.E0,1.E0,0.E0));
#4464=DIRECTION('',(-9.753670234583E-1,0.E0,-2.205882352941E-1));
#4465=AXIS2_PLACEMENT_3D('',#4462,#4463,#4464);
#4467=DIRECTION('',(-1.E0,0.E0,0.E0));
#4468=VECTOR('',#4467,3.316247879758E0);
#4469=CARTESIAN_POINT('',(1.943812393988E1,5.75E0,-4.225E0));
#4470=LINE('',#4469,#4468);
#4471=CARTESIAN_POINT('',(1.778E1,5.75E0,-3.85E0));
#4472=DIRECTION('',(0.E0,1.E0,0.E0));
#4473=DIRECTION('',(9.753670234583E-1,0.E0,2.205882352941E-1));
#4474=AXIS2_PLACEMENT_3D('',#4471,#4472,#4473);
#4476=DIRECTION('',(1.E0,0.E0,0.E0));
#4477=VECTOR('',#4476,3.316247879758E0);
#4478=CARTESIAN_POINT('',(1.612187606012E1,5.75E0,-3.475E0));
#4479=LINE('',#4478,#4477);
#4480=DIRECTION('',(0.E0,-1.E0,0.E0));
#4481=VECTOR('',#4480,5.E-1);
#4482=CARTESIAN_POINT('',(1.943812393988E1,6.25E0,-4.225E0));
#4483=LINE('',#4482,#4481);
#4484=DIRECTION('',(0.E0,-1.E0,0.E0));
#4485=VECTOR('',#4484,1.E0);
#4486=CARTESIAN_POINT('',(2.456E1,7.25E0,-3.85E0));
#4487=LINE('',#4486,#4485);
#4488=DIRECTION('',(0.E0,-1.E0,0.E0));
#4489=VECTOR('',#4488,5.E-1);
#4490=CARTESIAN_POINT('',(2.451812393988E1,6.25E0,-3.475E0));
#4491=LINE('',#4490,#4489);
#4492=DIRECTION('',(0.E0,-1.E0,0.E0));
#4493=VECTOR('',#4492,5.E-1);
#4494=CARTESIAN_POINT('',(2.120187606012E1,6.25E0,-4.225E0));
#4495=LINE('',#4494,#4493);
#4496=CARTESIAN_POINT('',(2.286E1,6.25E0,-3.85E0));
#4497=DIRECTION('',(0.E0,1.E0,0.E0));
#4498=DIRECTION('',(-1.E0,0.E0,0.E0));
#4499=AXIS2_PLACEMENT_3D('',#4496,#4497,#4498);
#4501=CARTESIAN_POINT('',(2.286E1,6.25E0,-3.85E0));
#4502=DIRECTION('',(0.E0,1.E0,0.E0));
#4503=DIRECTION('',(9.753670234583E-1,0.E0,2.205882352941E-1));
#4504=AXIS2_PLACEMENT_3D('',#4501,#4502,#4503);
#4506=DIRECTION('',(0.E0,-1.E0,0.E0));
#4507=VECTOR('',#4506,1.E0);
#4508=CARTESIAN_POINT('',(2.116E1,7.25E0,-3.85E0));
#4509=LINE('',#4508,#4507);
#4510=DIRECTION('',(1.E0,0.E0,0.E0));
#4511=VECTOR('',#4510,3.316247879758E0);
#4512=CARTESIAN_POINT('',(2.120187606012E1,6.25E0,-3.475E0));
#4513=LINE('',#4512,#4511);
#4514=CARTESIAN_POINT('',(2.286E1,6.25E0,-3.85E0));
#4515=DIRECTION('',(0.E0,1.E0,0.E0));
#4516=DIRECTION('',(-9.753670234583E-1,0.E0,2.205882352941E-1));
#4517=AXIS2_PLACEMENT_3D('',#4514,#4515,#4516);
#4519=DIRECTION('',(-1.E0,0.E0,0.E0));
#4520=VECTOR('',#4519,3.316247879758E0);
#4521=CARTESIAN_POINT('',(2.451812393988E1,6.25E0,-4.225E0));
#4522=LINE('',#4521,#4520);
#4523=CARTESIAN_POINT('',(2.286E1,6.25E0,-3.85E0));
#4524=DIRECTION('',(0.E0,1.E0,0.E0));
#4525=DIRECTION('',(9.753670234583E-1,0.E0,-2.205882352941E-1));
#4526=AXIS2_PLACEMENT_3D('',#4523,#4524,#4525);
#4528=DIRECTION('',(0.E0,-1.E0,0.E0));
#4529=VECTOR('',#4528,5.E-1);
#4530=CARTESIAN_POINT('',(2.120187606012E1,6.25E0,-3.475E0));
#4531=LINE('',#4530,#4529);
#4532=CARTESIAN_POINT('',(2.286E1,5.75E0,-3.85E0));
#4533=DIRECTION('',(0.E0,1.E0,0.E0));
#4534=DIRECTION('',(-9.753670234583E-1,0.E0,-2.205882352941E-1));
#4535=AXIS2_PLACEMENT_3D('',#4532,#4533,#4534);
#4537=DIRECTION('',(-1.E0,0.E0,0.E0));
#4538=VECTOR('',#4537,3.316247879758E0);
#4539=CARTESIAN_POINT('',(2.451812393988E1,5.75E0,-4.225E0));
#4540=LINE('',#4539,#4538);
#4541=CARTESIAN_POINT('',(2.286E1,5.75E0,-3.85E0));
#4542=DIRECTION('',(0.E0,1.E0,0.E0));
#4543=DIRECTION('',(9.753670234583E-1,0.E0,2.205882352941E-1));
#4544=AXIS2_PLACEMENT_3D('',#4541,#4542,#4543);
#4546=DIRECTION('',(1.E0,0.E0,0.E0));
#4547=VECTOR('',#4546,3.316247879758E0);
#4548=CARTESIAN_POINT('',(2.120187606012E1,5.75E0,-3.475E0));
#4549=LINE('',#4548,#4547);
#4550=DIRECTION('',(0.E0,-1.E0,0.E0));
#4551=VECTOR('',#4550,5.E-1);
#4552=CARTESIAN_POINT('',(2.451812393988E1,6.25E0,-4.225E0));
#4553=LINE('',#4552,#4551);
#4554=DIRECTION('',(0.E0,-1.E0,0.E0));
#4555=VECTOR('',#4554,1.E0);
#4556=CARTESIAN_POINT('',(2.964E1,7.25E0,-3.85E0));
#4557=LINE('',#4556,#4555);
#4558=DIRECTION('',(0.E0,-1.E0,0.E0));
#4559=VECTOR('',#4558,5.E-1);
#4560=CARTESIAN_POINT('',(2.959812393988E1,6.25E0,-3.475E0));
#4561=LINE('',#4560,#4559);
#4562=DIRECTION('',(0.E0,-1.E0,0.E0));
#4563=VECTOR('',#4562,5.E-1);
#4564=CARTESIAN_POINT('',(2.628187606012E1,6.25E0,-4.225E0));
#4565=LINE('',#4564,#4563);
#4566=CARTESIAN_POINT('',(2.794E1,6.25E0,-3.85E0));
#4567=DIRECTION('',(0.E0,1.E0,0.E0));
#4568=DIRECTION('',(-1.E0,0.E0,0.E0));
#4569=AXIS2_PLACEMENT_3D('',#4566,#4567,#4568);
#4571=CARTESIAN_POINT('',(2.794E1,6.25E0,-3.85E0));
#4572=DIRECTION('',(0.E0,1.E0,0.E0));
#4573=DIRECTION('',(9.753670234583E-1,0.E0,2.205882352941E-1));
#4574=AXIS2_PLACEMENT_3D('',#4571,#4572,#4573);
#4576=DIRECTION('',(0.E0,-1.E0,0.E0));
#4577=VECTOR('',#4576,1.E0);
#4578=CARTESIAN_POINT('',(2.624E1,7.25E0,-3.85E0));
#4579=LINE('',#4578,#4577);
#4580=DIRECTION('',(1.E0,0.E0,0.E0));
#4581=VECTOR('',#4580,3.316247879758E0);
#4582=CARTESIAN_POINT('',(2.628187606012E1,6.25E0,-3.475E0));
#4583=LINE('',#4582,#4581);
#4584=CARTESIAN_POINT('',(2.794E1,6.25E0,-3.85E0));
#4585=DIRECTION('',(0.E0,1.E0,0.E0));
#4586=DIRECTION('',(-9.753670234583E-1,0.E0,2.205882352941E-1));
#4587=AXIS2_PLACEMENT_3D('',#4584,#4585,#4586);
#4589=DIRECTION('',(-1.E0,0.E0,0.E0));
#4590=VECTOR('',#4589,3.316247879758E0);
#4591=CARTESIAN_POINT('',(2.959812393988E1,6.25E0,-4.225E0));
#4592=LINE('',#4591,#4590);
#4593=CARTESIAN_POINT('',(2.794E1,6.25E0,-3.85E0));
#4594=DIRECTION('',(0.E0,1.E0,0.E0));
#4595=DIRECTION('',(9.753670234583E-1,0.E0,-2.205882352941E-1));
#4596=AXIS2_PLACEMENT_3D('',#4593,#4594,#4595);
#4598=DIRECTION('',(0.E0,-1.E0,0.E0));
#4599=VECTOR('',#4598,5.E-1);
#4600=CARTESIAN_POINT('',(2.628187606012E1,6.25E0,-3.475E0));
#4601=LINE('',#4600,#4599);
#4602=CARTESIAN_POINT('',(2.794E1,5.75E0,-3.85E0));
#4603=DIRECTION('',(0.E0,1.E0,0.E0));
#4604=DIRECTION('',(-9.753670234583E-1,0.E0,-2.205882352941E-1));
#4605=AXIS2_PLACEMENT_3D('',#4602,#4603,#4604);
#4607=DIRECTION('',(-1.E0,0.E0,0.E0));
#4608=VECTOR('',#4607,3.316247879758E0);
#4609=CARTESIAN_POINT('',(2.959812393988E1,5.75E0,-4.225E0));
#4610=LINE('',#4609,#4608);
#4611=CARTESIAN_POINT('',(2.794E1,5.75E0,-3.85E0));
#4612=DIRECTION('',(0.E0,1.E0,0.E0));
#4613=DIRECTION('',(9.753670234583E-1,0.E0,2.205882352941E-1));
#4614=AXIS2_PLACEMENT_3D('',#4611,#4612,#4613);
#4616=DIRECTION('',(1.E0,0.E0,0.E0));
#4617=VECTOR('',#4616,3.316247879758E0);
#4618=CARTESIAN_POINT('',(2.628187606012E1,5.75E0,-3.475E0));
#4619=LINE('',#4618,#4617);
#4620=DIRECTION('',(0.E0,-1.E0,0.E0));
#4621=VECTOR('',#4620,5.E-1);
#4622=CARTESIAN_POINT('',(2.959812393988E1,6.25E0,-4.225E0));
#4623=LINE('',#4622,#4621);
#4624=DIRECTION('',(0.E0,-1.E0,0.E0));
#4625=VECTOR('',#4624,1.E0);
#4626=CARTESIAN_POINT('',(3.472E1,7.25E0,-3.85E0));
#4627=LINE('',#4626,#4625);
#4628=DIRECTION('',(0.E0,-1.E0,0.E0));
#4629=VECTOR('',#4628,5.E-1);
#4630=CARTESIAN_POINT('',(3.467812393988E1,6.25E0,-3.475E0));
#4631=LINE('',#4630,#4629);
#4632=DIRECTION('',(0.E0,-1.E0,0.E0));
#4633=VECTOR('',#4632,5.E-1);
#4634=CARTESIAN_POINT('',(3.136187606012E1,6.25E0,-4.225E0));
#4635=LINE('',#4634,#4633);
#4636=CARTESIAN_POINT('',(3.302E1,6.25E0,-3.85E0));
#4637=DIRECTION('',(0.E0,1.E0,0.E0));
#4638=DIRECTION('',(-1.E0,0.E0,0.E0));
#4639=AXIS2_PLACEMENT_3D('',#4636,#4637,#4638);
#4641=CARTESIAN_POINT('',(3.302E1,6.25E0,-3.85E0));
#4642=DIRECTION('',(0.E0,1.E0,0.E0));
#4643=DIRECTION('',(9.753670234583E-1,0.E0,2.205882352941E-1));
#4644=AXIS2_PLACEMENT_3D('',#4641,#4642,#4643);
#4646=DIRECTION('',(0.E0,-1.E0,0.E0));
#4647=VECTOR('',#4646,1.E0);
#4648=CARTESIAN_POINT('',(3.132E1,7.25E0,-3.85E0));
#4649=LINE('',#4648,#4647);
#4650=DIRECTION('',(1.E0,0.E0,0.E0));
#4651=VECTOR('',#4650,3.316247879758E0);
#4652=CARTESIAN_POINT('',(3.136187606012E1,6.25E0,-3.475E0));
#4653=LINE('',#4652,#4651);
#4654=CARTESIAN_POINT('',(3.302E1,6.25E0,-3.85E0));
#4655=DIRECTION('',(0.E0,1.E0,0.E0));
#4656=DIRECTION('',(-9.753670234583E-1,0.E0,2.205882352941E-1));
#4657=AXIS2_PLACEMENT_3D('',#4654,#4655,#4656);
#4659=DIRECTION('',(-1.E0,0.E0,0.E0));
#4660=VECTOR('',#4659,3.316247879758E0);
#4661=CARTESIAN_POINT('',(3.467812393988E1,6.25E0,-4.225E0));
#4662=LINE('',#4661,#4660);
#4663=CARTESIAN_POINT('',(3.302E1,6.25E0,-3.85E0));
#4664=DIRECTION('',(0.E0,1.E0,0.E0));
#4665=DIRECTION('',(9.753670234583E-1,0.E0,-2.205882352941E-1));
#4666=AXIS2_PLACEMENT_3D('',#4663,#4664,#4665);
#4668=DIRECTION('',(0.E0,-1.E0,0.E0));
#4669=VECTOR('',#4668,5.E-1);
#4670=CARTESIAN_POINT('',(3.136187606012E1,6.25E0,-3.475E0));
#4671=LINE('',#4670,#4669);
#4672=CARTESIAN_POINT('',(3.302E1,5.75E0,-3.85E0));
#4673=DIRECTION('',(0.E0,1.E0,0.E0));
#4674=DIRECTION('',(-9.753670234583E-1,0.E0,-2.205882352941E-1));
#4675=AXIS2_PLACEMENT_3D('',#4672,#4673,#4674);
#4677=DIRECTION('',(-1.E0,0.E0,0.E0));
#4678=VECTOR('',#4677,3.316247879758E0);
#4679=CARTESIAN_POINT('',(3.467812393988E1,5.75E0,-4.225E0));
#4680=LINE('',#4679,#4678);
#4681=CARTESIAN_POINT('',(3.302E1,5.75E0,-3.85E0));
#4682=DIRECTION('',(0.E0,1.E0,0.E0));
#4683=DIRECTION('',(9.753670234583E-1,0.E0,2.205882352941E-1));
#4684=AXIS2_PLACEMENT_3D('',#4681,#4682,#4683);
#4686=DIRECTION('',(1.E0,0.E0,0.E0));
#4687=VECTOR('',#4686,3.316247879758E0);
#4688=CARTESIAN_POINT('',(3.136187606012E1,5.75E0,-3.475E0));
#4689=LINE('',#4688,#4687);
#4690=DIRECTION('',(0.E0,-1.E0,0.E0));
#4691=VECTOR('',#4690,5.E-1);
#4692=CARTESIAN_POINT('',(3.467812393988E1,6.25E0,-4.225E0));
#4693=LINE('',#4692,#4691);
#4694=DIRECTION('',(0.E0,-1.E0,0.E0));
#4695=VECTOR('',#4694,1.E0);
#4696=CARTESIAN_POINT('',(-2.998E1,7.25E0,-5.2E0));
#4697=LINE('',#4696,#4695);
#4698=DIRECTION('',(0.E0,-1.E0,0.E0));
#4699=VECTOR('',#4698,1.E0);
#4700=CARTESIAN_POINT('',(-3.098E1,7.25E0,-5.2E0));
#4701=LINE('',#4700,#4699);
#4702=CARTESIAN_POINT('',(-3.048E1,6.25E0,-5.2E0));
#4703=DIRECTION('',(0.E0,1.E0,0.E0));
#4704=DIRECTION('',(1.E0,0.E0,0.E0));
#4705=AXIS2_PLACEMENT_3D('',#4702,#4703,#4704);
#4707=CARTESIAN_POINT('',(-3.048E1,6.25E0,-5.2E0));
#4708=DIRECTION('',(0.E0,1.E0,0.E0));
#4709=DIRECTION('',(-1.E0,0.E0,0.E0));
#4710=AXIS2_PLACEMENT_3D('',#4707,#4708,#4709);
#4712=DIRECTION('',(0.E0,-1.E0,0.E0));
#4713=VECTOR('',#4712,1.E0);
#4714=CARTESIAN_POINT('',(-2.49E1,7.25E0,-5.2E0));
#4715=LINE('',#4714,#4713);
#4716=DIRECTION('',(0.E0,-1.E0,0.E0));
#4717=VECTOR('',#4716,1.E0);
#4718=CARTESIAN_POINT('',(-2.59E1,7.25E0,-5.2E0));
#4719=LINE('',#4718,#4717);
#4720=CARTESIAN_POINT('',(-2.54E1,6.25E0,-5.2E0));
#4721=DIRECTION('',(0.E0,1.E0,0.E0));
#4722=DIRECTION('',(1.E0,0.E0,0.E0));
#4723=AXIS2_PLACEMENT_3D('',#4720,#4721,#4722);
#4725=CARTESIAN_POINT('',(-2.54E1,6.25E0,-5.2E0));
#4726=DIRECTION('',(0.E0,1.E0,0.E0));
#4727=DIRECTION('',(-1.E0,0.E0,0.E0));
#4728=AXIS2_PLACEMENT_3D('',#4725,#4726,#4727);
#4730=DIRECTION('',(0.E0,-1.E0,0.E0));
#4731=VECTOR('',#4730,1.E0);
#4732=CARTESIAN_POINT('',(-1.982E1,7.25E0,-5.2E0));
#4733=LINE('',#4732,#4731);
#4734=DIRECTION('',(0.E0,-1.E0,0.E0));
#4735=VECTOR('',#4734,1.E0);
#4736=CARTESIAN_POINT('',(-2.082E1,7.25E0,-5.2E0));
#4737=LINE('',#4736,#4735);
#4738=CARTESIAN_POINT('',(-2.032E1,6.25E0,-5.2E0));
#4739=DIRECTION('',(0.E0,1.E0,0.E0));
#4740=DIRECTION('',(1.E0,0.E0,0.E0));
#4741=AXIS2_PLACEMENT_3D('',#4738,#4739,#4740);
#4743=CARTESIAN_POINT('',(-2.032E1,6.25E0,-5.2E0));
#4744=DIRECTION('',(0.E0,1.E0,0.E0));
#4745=DIRECTION('',(-1.E0,0.E0,0.E0));
#4746=AXIS2_PLACEMENT_3D('',#4743,#4744,#4745);
#4748=DIRECTION('',(0.E0,-1.E0,0.E0));
#4749=VECTOR('',#4748,1.E0);
#4750=CARTESIAN_POINT('',(-1.474E1,7.25E0,-5.2E0));
#4751=LINE('',#4750,#4749);
#4752=DIRECTION('',(0.E0,-1.E0,0.E0));
#4753=VECTOR('',#4752,1.E0);
#4754=CARTESIAN_POINT('',(-1.574E1,7.25E0,-5.2E0));
#4755=LINE('',#4754,#4753);
#4756=CARTESIAN_POINT('',(-1.524E1,6.25E0,-5.2E0));
#4757=DIRECTION('',(0.E0,1.E0,0.E0));
#4758=DIRECTION('',(1.E0,0.E0,0.E0));
#4759=AXIS2_PLACEMENT_3D('',#4756,#4757,#4758);
#4761=CARTESIAN_POINT('',(-1.524E1,6.25E0,-5.2E0));
#4762=DIRECTION('',(0.E0,1.E0,0.E0));
#4763=DIRECTION('',(-1.E0,0.E0,0.E0));
#4764=AXIS2_PLACEMENT_3D('',#4761,#4762,#4763);
#4766=DIRECTION('',(0.E0,-1.E0,0.E0));
#4767=VECTOR('',#4766,1.E0);
#4768=CARTESIAN_POINT('',(-9.66E0,7.25E0,-5.2E0));
#4769=LINE('',#4768,#4767);
#4770=DIRECTION('',(0.E0,-1.E0,0.E0));
#4771=VECTOR('',#4770,1.E0);
#4772=CARTESIAN_POINT('',(-1.066E1,7.25E0,-5.2E0));
#4773=LINE('',#4772,#4771);
#4774=CARTESIAN_POINT('',(-1.016E1,6.25E0,-5.2E0));
#4775=DIRECTION('',(0.E0,1.E0,0.E0));
#4776=DIRECTION('',(1.E0,0.E0,0.E0));
#4777=AXIS2_PLACEMENT_3D('',#4774,#4775,#4776);
#4779=CARTESIAN_POINT('',(-1.016E1,6.25E0,-5.2E0));
#4780=DIRECTION('',(0.E0,1.E0,0.E0));
#4781=DIRECTION('',(-1.E0,0.E0,0.E0));
#4782=AXIS2_PLACEMENT_3D('',#4779,#4780,#4781);
#4784=DIRECTION('',(0.E0,-1.E0,0.E0));
#4785=VECTOR('',#4784,1.E0);
#4786=CARTESIAN_POINT('',(-4.58E0,7.25E0,-5.2E0));
#4787=LINE('',#4786,#4785);
#4788=DIRECTION('',(0.E0,-1.E0,0.E0));
#4789=VECTOR('',#4788,1.E0);
#4790=CARTESIAN_POINT('',(-5.58E0,7.25E0,-5.2E0));
#4791=LINE('',#4790,#4789);
#4792=CARTESIAN_POINT('',(-5.08E0,6.25E0,-5.2E0));
#4793=DIRECTION('',(0.E0,1.E0,0.E0));
#4794=DIRECTION('',(1.E0,0.E0,0.E0));
#4795=AXIS2_PLACEMENT_3D('',#4792,#4793,#4794);
#4797=CARTESIAN_POINT('',(-5.08E0,6.25E0,-5.2E0));
#4798=DIRECTION('',(0.E0,1.E0,0.E0));
#4799=DIRECTION('',(-1.E0,0.E0,0.E0));
#4800=AXIS2_PLACEMENT_3D('',#4797,#4798,#4799);
#4802=DIRECTION('',(0.E0,-1.E0,0.E0));
#4803=VECTOR('',#4802,1.E0);
#4804=CARTESIAN_POINT('',(5.E-1,7.25E0,-5.2E0));
#4805=LINE('',#4804,#4803);
#4806=DIRECTION('',(0.E0,-1.E0,0.E0));
#4807=VECTOR('',#4806,1.E0);
#4808=CARTESIAN_POINT('',(-5.E-1,7.25E0,-5.2E0));
#4809=LINE('',#4808,#4807);
#4810=CARTESIAN_POINT('',(0.E0,6.25E0,-5.2E0));
#4811=DIRECTION('',(0.E0,1.E0,0.E0));
#4812=DIRECTION('',(1.E0,0.E0,0.E0));
#4813=AXIS2_PLACEMENT_3D('',#4810,#4811,#4812);
#4815=CARTESIAN_POINT('',(0.E0,6.25E0,-5.2E0));
#4816=DIRECTION('',(0.E0,1.E0,0.E0));
#4817=DIRECTION('',(-1.E0,0.E0,0.E0));
#4818=AXIS2_PLACEMENT_3D('',#4815,#4816,#4817);
#4820=DIRECTION('',(0.E0,-1.E0,0.E0));
#4821=VECTOR('',#4820,1.E0);
#4822=CARTESIAN_POINT('',(5.58E0,7.25E0,-5.2E0));
#4823=LINE('',#4822,#4821);
#4824=DIRECTION('',(0.E0,-1.E0,0.E0));
#4825=VECTOR('',#4824,1.E0);
#4826=CARTESIAN_POINT('',(4.58E0,7.25E0,-5.2E0));
#4827=LINE('',#4826,#4825);
#4828=CARTESIAN_POINT('',(5.08E0,6.25E0,-5.2E0));
#4829=DIRECTION('',(0.E0,1.E0,0.E0));
#4830=DIRECTION('',(1.E0,0.E0,0.E0));
#4831=AXIS2_PLACEMENT_3D('',#4828,#4829,#4830);
#4833=CARTESIAN_POINT('',(5.08E0,6.25E0,-5.2E0));
#4834=DIRECTION('',(0.E0,1.E0,0.E0));
#4835=DIRECTION('',(-1.E0,0.E0,0.E0));
#4836=AXIS2_PLACEMENT_3D('',#4833,#4834,#4835);
#4838=DIRECTION('',(0.E0,-1.E0,0.E0));
#4839=VECTOR('',#4838,1.E0);
#4840=CARTESIAN_POINT('',(1.066E1,7.25E0,-5.2E0));
#4841=LINE('',#4840,#4839);
#4842=DIRECTION('',(0.E0,-1.E0,0.E0));
#4843=VECTOR('',#4842,1.E0);
#4844=CARTESIAN_POINT('',(9.66E0,7.25E0,-5.2E0));
#4845=LINE('',#4844,#4843);
#4846=CARTESIAN_POINT('',(1.016E1,6.25E0,-5.2E0));
#4847=DIRECTION('',(0.E0,1.E0,0.E0));
#4848=DIRECTION('',(1.E0,0.E0,0.E0));
#4849=AXIS2_PLACEMENT_3D('',#4846,#4847,#4848);
#4851=CARTESIAN_POINT('',(1.016E1,6.25E0,-5.2E0));
#4852=DIRECTION('',(0.E0,1.E0,0.E0));
#4853=DIRECTION('',(-1.E0,0.E0,0.E0));
#4854=AXIS2_PLACEMENT_3D('',#4851,#4852,#4853);
#4856=DIRECTION('',(0.E0,-1.E0,0.E0));
#4857=VECTOR('',#4856,1.E0);
#4858=CARTESIAN_POINT('',(1.574E1,7.25E0,-5.2E0));
#4859=LINE('',#4858,#4857);
#4860=DIRECTION('',(0.E0,-1.E0,0.E0));
#4861=VECTOR('',#4860,1.E0);
#4862=CARTESIAN_POINT('',(1.474E1,7.25E0,-5.2E0));
#4863=LINE('',#4862,#4861);
#4864=CARTESIAN_POINT('',(1.524E1,6.25E0,-5.2E0));
#4865=DIRECTION('',(0.E0,1.E0,0.E0));
#4866=DIRECTION('',(1.E0,0.E0,0.E0));
#4867=AXIS2_PLACEMENT_3D('',#4864,#4865,#4866);
#4869=CARTESIAN_POINT('',(1.524E1,6.25E0,-5.2E0));
#4870=DIRECTION('',(0.E0,1.E0,0.E0));
#4871=DIRECTION('',(-1.E0,0.E0,0.E0));
#4872=AXIS2_PLACEMENT_3D('',#4869,#4870,#4871);
#4874=DIRECTION('',(0.E0,-1.E0,0.E0));
#4875=VECTOR('',#4874,1.E0);
#4876=CARTESIAN_POINT('',(2.082E1,7.25E0,-5.2E0));
#4877=LINE('',#4876,#4875);
#4878=DIRECTION('',(0.E0,-1.E0,0.E0));
#4879=VECTOR('',#4878,1.E0);
#4880=CARTESIAN_POINT('',(1.982E1,7.25E0,-5.2E0));
#4881=LINE('',#4880,#4879);
#4882=CARTESIAN_POINT('',(2.032E1,6.25E0,-5.2E0));
#4883=DIRECTION('',(0.E0,1.E0,0.E0));
#4884=DIRECTION('',(1.E0,0.E0,0.E0));
#4885=AXIS2_PLACEMENT_3D('',#4882,#4883,#4884);
#4887=CARTESIAN_POINT('',(2.032E1,6.25E0,-5.2E0));
#4888=DIRECTION('',(0.E0,1.E0,0.E0));
#4889=DIRECTION('',(-1.E0,0.E0,0.E0));
#4890=AXIS2_PLACEMENT_3D('',#4887,#4888,#4889);
#4892=DIRECTION('',(0.E0,-1.E0,0.E0));
#4893=VECTOR('',#4892,1.E0);
#4894=CARTESIAN_POINT('',(2.59E1,7.25E0,-5.2E0));
#4895=LINE('',#4894,#4893);
#4896=DIRECTION('',(0.E0,-1.E0,0.E0));
#4897=VECTOR('',#4896,1.E0);
#4898=CARTESIAN_POINT('',(2.49E1,7.25E0,-5.2E0));
#4899=LINE('',#4898,#4897);
#4900=CARTESIAN_POINT('',(2.54E1,6.25E0,-5.2E0));
#4901=DIRECTION('',(0.E0,1.E0,0.E0));
#4902=DIRECTION('',(1.E0,0.E0,0.E0));
#4903=AXIS2_PLACEMENT_3D('',#4900,#4901,#4902);
#4905=CARTESIAN_POINT('',(2.54E1,6.25E0,-5.2E0));
#4906=DIRECTION('',(0.E0,1.E0,0.E0));
#4907=DIRECTION('',(-1.E0,0.E0,0.E0));
#4908=AXIS2_PLACEMENT_3D('',#4905,#4906,#4907);
#4910=DIRECTION('',(0.E0,-1.E0,0.E0));
#4911=VECTOR('',#4910,1.E0);
#4912=CARTESIAN_POINT('',(3.098E1,7.25E0,-5.2E0));
#4913=LINE('',#4912,#4911);
#4914=DIRECTION('',(0.E0,-1.E0,0.E0));
#4915=VECTOR('',#4914,1.E0);
#4916=CARTESIAN_POINT('',(2.998E1,7.25E0,-5.2E0));
#4917=LINE('',#4916,#4915);
#4918=CARTESIAN_POINT('',(3.048E1,6.25E0,-5.2E0));
#4919=DIRECTION('',(0.E0,1.E0,0.E0));
#4920=DIRECTION('',(1.E0,0.E0,0.E0));
#4921=AXIS2_PLACEMENT_3D('',#4918,#4919,#4920);
#4923=CARTESIAN_POINT('',(3.048E1,6.25E0,-5.2E0));
#4924=DIRECTION('',(0.E0,1.E0,0.E0));
#4925=DIRECTION('',(-1.E0,0.E0,0.E0));
#4926=AXIS2_PLACEMENT_3D('',#4923,#4924,#4925);
#4928=DIRECTION('',(-1.936330318967E-1,0.E0,-9.810740282764E-1));
#4929=VECTOR('',#4928,7.135037518318E-1);
#4930=CARTESIAN_POINT('',(-3.127E1,2.25E0,0.E0));
#4931=LINE('',#4930,#4929);
#4932=DIRECTION('',(1.789649958816E-1,-3.817919912140E-1,9.067559791333E-1));
#4933=VECTOR('',#4932,2.095381826780E0);
#4934=CARTESIAN_POINT('',(-3.1645E1,-1.05E0,-1.9E0));
#4935=LINE('',#4934,#4933);
#4936=DIRECTION('',(1.936330318967E-1,0.E0,-9.810740282764E-1));
#4937=VECTOR('',#4936,7.135037518318E-1);
#4938=CARTESIAN_POINT('',(-3.477E1,2.25E0,0.E0));
#4939=LINE('',#4938,#4937);
#4940=DIRECTION('',(-1.382209652628E-1,7.003195573314E-1,7.003195573314E-1));
#4941=VECTOR('',#4940,1.713503482E0);
#4942=CARTESIAN_POINT('',(-3.4395E1,1.05E0,-1.9E0));
#4943=LINE('',#4942,#4941);
#4944=DIRECTION('',(-1.E0,0.E0,0.E0));
#4945=VECTOR('',#4944,3.223684210526E0);
#4946=CARTESIAN_POINT('',(-3.140815789474E1,2.25E0,-7.E-1));
#4947=LINE('',#4946,#4945);
#4948=DIRECTION('',(1.382209652628E-1,7.003195573314E-1,7.003195573314E-1));
#4949=VECTOR('',#4948,1.713503482E0);
#4950=CARTESIAN_POINT('',(-3.1645E1,1.05E0,-1.9E0));
#4951=LINE('',#4950,#4949);
#4952=DIRECTION('',(0.E0,-1.E0,0.E0));
#4953=VECTOR('',#4952,2.1E0);
#4954=CARTESIAN_POINT('',(-3.4395E1,1.05E0,-1.9E0));
#4955=LINE('',#4954,#4953);
#4956=DIRECTION('',(-1.E0,0.E0,0.E0));
#4957=VECTOR('',#4956,2.75E0);
#4958=CARTESIAN_POINT('',(-3.1645E1,1.05E0,-1.9E0));
#4959=LINE('',#4958,#4957);
#4960=DIRECTION('',(0.E0,1.E0,0.E0));
#4961=VECTOR('',#4960,2.1E0);
#4962=CARTESIAN_POINT('',(-3.1645E1,-1.05E0,-1.9E0));
#4963=LINE('',#4962,#4961);
#4964=DIRECTION('',(1.E0,0.E0,0.E0));
#4965=VECTOR('',#4964,2.75E0);
#4966=CARTESIAN_POINT('',(-3.4395E1,-1.05E0,-1.9E0));
#4967=LINE('',#4966,#4965);
#4968=DIRECTION('',(-1.789649958816E-1,-3.817919912140E-1,9.067559791333E-1));
#4969=VECTOR('',#4968,2.095381826780E0);
#4970=CARTESIAN_POINT('',(-3.4395E1,-1.05E0,-1.9E0));
#4971=LINE('',#4970,#4969);
#4972=DIRECTION('',(-1.936330318967E-1,0.E0,-9.810740282764E-1));
#4973=VECTOR('',#4972,7.135037518318E-1);
#4974=CARTESIAN_POINT('',(-2.619E1,2.25E0,0.E0));
#4975=LINE('',#4974,#4973);
#4976=DIRECTION('',(1.789649958816E-1,-3.817919912140E-1,9.067559791333E-1));
#4977=VECTOR('',#4976,2.095381826780E0);
#4978=CARTESIAN_POINT('',(-2.6565E1,-1.05E0,-1.9E0));
#4979=LINE('',#4978,#4977);
#4980=DIRECTION('',(1.936330318967E-1,0.E0,-9.810740282764E-1));
#4981=VECTOR('',#4980,7.135037518318E-1);
#4982=CARTESIAN_POINT('',(-2.969E1,2.25E0,0.E0));
#4983=LINE('',#4982,#4981);
#4984=DIRECTION('',(-1.382209652628E-1,7.003195573314E-1,7.003195573314E-1));
#4985=VECTOR('',#4984,1.713503482E0);
#4986=CARTESIAN_POINT('',(-2.9315E1,1.05E0,-1.9E0));
#4987=LINE('',#4986,#4985);
#4988=DIRECTION('',(-1.E0,0.E0,0.E0));
#4989=VECTOR('',#4988,3.223684210526E0);
#4990=CARTESIAN_POINT('',(-2.632815789474E1,2.25E0,-7.E-1));
#4991=LINE('',#4990,#4989);
#4992=DIRECTION('',(1.382209652628E-1,7.003195573314E-1,7.003195573314E-1));
#4993=VECTOR('',#4992,1.713503482E0);
#4994=CARTESIAN_POINT('',(-2.6565E1,1.05E0,-1.9E0));
#4995=LINE('',#4994,#4993);
#4996=DIRECTION('',(0.E0,-1.E0,0.E0));
#4997=VECTOR('',#4996,2.1E0);
#4998=CARTESIAN_POINT('',(-2.9315E1,1.05E0,-1.9E0));
#4999=LINE('',#4998,#4997);
#5000=DIRECTION('',(-1.E0,0.E0,0.E0));
#5001=VECTOR('',#5000,2.75E0);
#5002=CARTESIAN_POINT('',(-2.6565E1,1.05E0,-1.9E0));
#5003=LINE('',#5002,#5001);
#5004=DIRECTION('',(0.E0,1.E0,0.E0));
#5005=VECTOR('',#5004,2.1E0);
#5006=CARTESIAN_POINT('',(-2.6565E1,-1.05E0,-1.9E0));
#5007=LINE('',#5006,#5005);
#5008=DIRECTION('',(1.E0,0.E0,0.E0));
#5009=VECTOR('',#5008,2.75E0);
#5010=CARTESIAN_POINT('',(-2.9315E1,-1.05E0,-1.9E0));
#5011=LINE('',#5010,#5009);
#5012=DIRECTION('',(-1.789649958816E-1,-3.817919912140E-1,9.067559791333E-1));
#5013=VECTOR('',#5012,2.095381826780E0);
#5014=CARTESIAN_POINT('',(-2.9315E1,-1.05E0,-1.9E0));
#5015=LINE('',#5014,#5013);
#5016=DIRECTION('',(-1.936330318967E-1,0.E0,-9.810740282764E-1));
#5017=VECTOR('',#5016,7.135037518318E-1);
#5018=CARTESIAN_POINT('',(-2.111E1,2.25E0,0.E0));
#5019=LINE('',#5018,#5017);
#5020=DIRECTION('',(1.789649958816E-1,-3.817919912140E-1,9.067559791333E-1));
#5021=VECTOR('',#5020,2.095381826780E0);
#5022=CARTESIAN_POINT('',(-2.1485E1,-1.05E0,-1.9E0));
#5023=LINE('',#5022,#5021);
#5024=DIRECTION('',(1.936330318967E-1,0.E0,-9.810740282764E-1));
#5025=VECTOR('',#5024,7.135037518318E-1);
#5026=CARTESIAN_POINT('',(-2.461E1,2.25E0,0.E0));
#5027=LINE('',#5026,#5025);
#5028=DIRECTION('',(-1.382209652628E-1,7.003195573314E-1,7.003195573314E-1));
#5029=VECTOR('',#5028,1.713503482E0);
#5030=CARTESIAN_POINT('',(-2.4235E1,1.05E0,-1.9E0));
#5031=LINE('',#5030,#5029);
#5032=DIRECTION('',(-1.E0,0.E0,0.E0));
#5033=VECTOR('',#5032,3.223684210526E0);
#5034=CARTESIAN_POINT('',(-2.124815789474E1,2.25E0,-7.E-1));
#5035=LINE('',#5034,#5033);
#5036=DIRECTION('',(1.382209652628E-1,7.003195573314E-1,7.003195573314E-1));
#5037=VECTOR('',#5036,1.713503482E0);
#5038=CARTESIAN_POINT('',(-2.1485E1,1.05E0,-1.9E0));
#5039=LINE('',#5038,#5037);
#5040=DIRECTION('',(0.E0,-1.E0,0.E0));
#5041=VECTOR('',#5040,2.1E0);
#5042=CARTESIAN_POINT('',(-2.4235E1,1.05E0,-1.9E0));
#5043=LINE('',#5042,#5041);
#5044=DIRECTION('',(-1.E0,0.E0,0.E0));
#5045=VECTOR('',#5044,2.75E0);
#5046=CARTESIAN_POINT('',(-2.1485E1,1.05E0,-1.9E0));
#5047=LINE('',#5046,#5045);
#5048=DIRECTION('',(0.E0,1.E0,0.E0));
#5049=VECTOR('',#5048,2.1E0);
#5050=CARTESIAN_POINT('',(-2.1485E1,-1.05E0,-1.9E0));
#5051=LINE('',#5050,#5049);
#5052=DIRECTION('',(1.E0,0.E0,0.E0));
#5053=VECTOR('',#5052,2.75E0);
#5054=CARTESIAN_POINT('',(-2.4235E1,-1.05E0,-1.9E0));
#5055=LINE('',#5054,#5053);
#5056=DIRECTION('',(-1.789649958816E-1,-3.817919912140E-1,9.067559791333E-1));
#5057=VECTOR('',#5056,2.095381826780E0);
#5058=CARTESIAN_POINT('',(-2.4235E1,-1.05E0,-1.9E0));
#5059=LINE('',#5058,#5057);
#5060=DIRECTION('',(-1.936330318967E-1,0.E0,-9.810740282764E-1));
#5061=VECTOR('',#5060,7.135037518318E-1);
#5062=CARTESIAN_POINT('',(-1.603E1,2.25E0,0.E0));
#5063=LINE('',#5062,#5061);
#5064=DIRECTION('',(1.789649958816E-1,-3.817919912140E-1,9.067559791333E-1));
#5065=VECTOR('',#5064,2.095381826780E0);
#5066=CARTESIAN_POINT('',(-1.6405E1,-1.05E0,-1.9E0));
#5067=LINE('',#5066,#5065);
#5068=DIRECTION('',(1.936330318967E-1,0.E0,-9.810740282764E-1));
#5069=VECTOR('',#5068,7.135037518318E-1);
#5070=CARTESIAN_POINT('',(-1.953E1,2.25E0,0.E0));
#5071=LINE('',#5070,#5069);
#5072=DIRECTION('',(-1.382209652628E-1,7.003195573314E-1,7.003195573314E-1));
#5073=VECTOR('',#5072,1.713503482E0);
#5074=CARTESIAN_POINT('',(-1.9155E1,1.05E0,-1.9E0));
#5075=LINE('',#5074,#5073);
#5076=DIRECTION('',(-1.E0,0.E0,0.E0));
#5077=VECTOR('',#5076,3.223684210526E0);
#5078=CARTESIAN_POINT('',(-1.616815789474E1,2.25E0,-7.E-1));
#5079=LINE('',#5078,#5077);
#5080=DIRECTION('',(1.382209652628E-1,7.003195573314E-1,7.003195573314E-1));
#5081=VECTOR('',#5080,1.713503482E0);
#5082=CARTESIAN_POINT('',(-1.6405E1,1.05E0,-1.9E0));
#5083=LINE('',#5082,#5081);
#5084=DIRECTION('',(0.E0,-1.E0,0.E0));
#5085=VECTOR('',#5084,2.1E0);
#5086=CARTESIAN_POINT('',(-1.9155E1,1.05E0,-1.9E0));
#5087=LINE('',#5086,#5085);
#5088=DIRECTION('',(-1.E0,0.E0,0.E0));
#5089=VECTOR('',#5088,2.75E0);
#5090=CARTESIAN_POINT('',(-1.6405E1,1.05E0,-1.9E0));
#5091=LINE('',#5090,#5089);
#5092=DIRECTION('',(0.E0,1.E0,0.E0));
#5093=VECTOR('',#5092,2.1E0);
#5094=CARTESIAN_POINT('',(-1.6405E1,-1.05E0,-1.9E0));
#5095=LINE('',#5094,#5093);
#5096=DIRECTION('',(1.E0,0.E0,0.E0));
#5097=VECTOR('',#5096,2.75E0);
#5098=CARTESIAN_POINT('',(-1.9155E1,-1.05E0,-1.9E0));
#5099=LINE('',#5098,#5097);
#5100=DIRECTION('',(-1.789649958816E-1,-3.817919912140E-1,9.067559791333E-1));
#5101=VECTOR('',#5100,2.095381826780E0);
#5102=CARTESIAN_POINT('',(-1.9155E1,-1.05E0,-1.9E0));
#5103=LINE('',#5102,#5101);
#5104=DIRECTION('',(-1.936330318967E-1,0.E0,-9.810740282764E-1));
#5105=VECTOR('',#5104,7.135037518318E-1);
#5106=CARTESIAN_POINT('',(-1.095E1,2.25E0,0.E0));
#5107=LINE('',#5106,#5105);
#5108=DIRECTION('',(1.789649958816E-1,-3.817919912140E-1,9.067559791333E-1));
#5109=VECTOR('',#5108,2.095381826780E0);
#5110=CARTESIAN_POINT('',(-1.1325E1,-1.05E0,-1.9E0));
#5111=LINE('',#5110,#5109);
#5112=DIRECTION('',(1.936330318967E-1,0.E0,-9.810740282764E-1));
#5113=VECTOR('',#5112,7.135037518318E-1);
#5114=CARTESIAN_POINT('',(-1.445E1,2.25E0,0.E0));
#5115=LINE('',#5114,#5113);
#5116=DIRECTION('',(-1.382209652628E-1,7.003195573314E-1,7.003195573314E-1));
#5117=VECTOR('',#5116,1.713503482E0);
#5118=CARTESIAN_POINT('',(-1.4075E1,1.05E0,-1.9E0));
#5119=LINE('',#5118,#5117);
#5120=DIRECTION('',(-1.E0,0.E0,0.E0));
#5121=VECTOR('',#5120,3.223684210526E0);
#5122=CARTESIAN_POINT('',(-1.108815789474E1,2.25E0,-7.E-1));
#5123=LINE('',#5122,#5121);
#5124=DIRECTION('',(1.382209652628E-1,7.003195573314E-1,7.003195573314E-1));
#5125=VECTOR('',#5124,1.713503482E0);
#5126=CARTESIAN_POINT('',(-1.1325E1,1.05E0,-1.9E0));
#5127=LINE('',#5126,#5125);
#5128=DIRECTION('',(0.E0,-1.E0,0.E0));
#5129=VECTOR('',#5128,2.1E0);
#5130=CARTESIAN_POINT('',(-1.4075E1,1.05E0,-1.9E0));
#5131=LINE('',#5130,#5129);
#5132=DIRECTION('',(-1.E0,0.E0,0.E0));
#5133=VECTOR('',#5132,2.75E0);
#5134=CARTESIAN_POINT('',(-1.1325E1,1.05E0,-1.9E0));
#5135=LINE('',#5134,#5133);
#5136=DIRECTION('',(0.E0,1.E0,0.E0));
#5137=VECTOR('',#5136,2.1E0);
#5138=CARTESIAN_POINT('',(-1.1325E1,-1.05E0,-1.9E0));
#5139=LINE('',#5138,#5137);
#5140=DIRECTION('',(1.E0,0.E0,0.E0));
#5141=VECTOR('',#5140,2.75E0);
#5142=CARTESIAN_POINT('',(-1.4075E1,-1.05E0,-1.9E0));
#5143=LINE('',#5142,#5141);
#5144=DIRECTION('',(-1.789649958816E-1,-3.817919912140E-1,9.067559791333E-1));
#5145=VECTOR('',#5144,2.095381826780E0);
#5146=CARTESIAN_POINT('',(-1.4075E1,-1.05E0,-1.9E0));
#5147=LINE('',#5146,#5145);
#5148=DIRECTION('',(-1.936330318967E-1,0.E0,-9.810740282764E-1));
#5149=VECTOR('',#5148,7.135037518318E-1);
#5150=CARTESIAN_POINT('',(-5.87E0,2.25E0,0.E0));
#5151=LINE('',#5150,#5149);
#5152=DIRECTION('',(1.789649958816E-1,-3.817919912140E-1,9.067559791333E-1));
#5153=VECTOR('',#5152,2.095381826780E0);
#5154=CARTESIAN_POINT('',(-6.245E0,-1.05E0,-1.9E0));
#5155=LINE('',#5154,#5153);
#5156=DIRECTION('',(1.936330318967E-1,0.E0,-9.810740282764E-1));
#5157=VECTOR('',#5156,7.135037518318E-1);
#5158=CARTESIAN_POINT('',(-9.37E0,2.25E0,0.E0));
#5159=LINE('',#5158,#5157);
#5160=DIRECTION('',(-1.382209652628E-1,7.003195573314E-1,7.003195573314E-1));
#5161=VECTOR('',#5160,1.713503482E0);
#5162=CARTESIAN_POINT('',(-8.995E0,1.05E0,-1.9E0));
#5163=LINE('',#5162,#5161);
#5164=DIRECTION('',(-1.E0,0.E0,0.E0));
#5165=VECTOR('',#5164,3.223684210526E0);
#5166=CARTESIAN_POINT('',(-6.008157894737E0,2.25E0,-7.E-1));
#5167=LINE('',#5166,#5165);
#5168=DIRECTION('',(1.382209652628E-1,7.003195573314E-1,7.003195573314E-1));
#5169=VECTOR('',#5168,1.713503482E0);
#5170=CARTESIAN_POINT('',(-6.245E0,1.05E0,-1.9E0));
#5171=LINE('',#5170,#5169);
#5172=DIRECTION('',(0.E0,-1.E0,0.E0));
#5173=VECTOR('',#5172,2.1E0);
#5174=CARTESIAN_POINT('',(-8.995E0,1.05E0,-1.9E0));
#5175=LINE('',#5174,#5173);
#5176=DIRECTION('',(-1.E0,0.E0,0.E0));
#5177=VECTOR('',#5176,2.75E0);
#5178=CARTESIAN_POINT('',(-6.245E0,1.05E0,-1.9E0));
#5179=LINE('',#5178,#5177);
#5180=DIRECTION('',(0.E0,1.E0,0.E0));
#5181=VECTOR('',#5180,2.1E0);
#5182=CARTESIAN_POINT('',(-6.245E0,-1.05E0,-1.9E0));
#5183=LINE('',#5182,#5181);
#5184=DIRECTION('',(1.E0,0.E0,0.E0));
#5185=VECTOR('',#5184,2.75E0);
#5186=CARTESIAN_POINT('',(-8.995E0,-1.05E0,-1.9E0));
#5187=LINE('',#5186,#5185);
#5188=DIRECTION('',(-1.789649958816E-1,-3.817919912140E-1,9.067559791333E-1));
#5189=VECTOR('',#5188,2.095381826780E0);
#5190=CARTESIAN_POINT('',(-8.995E0,-1.05E0,-1.9E0));
#5191=LINE('',#5190,#5189);
#5192=DIRECTION('',(-1.936330318967E-1,0.E0,-9.810740282764E-1));
#5193=VECTOR('',#5192,7.135037518318E-1);
#5194=CARTESIAN_POINT('',(-7.9E-1,2.25E0,0.E0));
#5195=LINE('',#5194,#5193);
#5196=DIRECTION('',(1.789649958816E-1,-3.817919912140E-1,9.067559791333E-1));
#5197=VECTOR('',#5196,2.095381826780E0);
#5198=CARTESIAN_POINT('',(-1.165E0,-1.05E0,-1.9E0));
#5199=LINE('',#5198,#5197);
#5200=DIRECTION('',(1.936330318967E-1,0.E0,-9.810740282764E-1));
#5201=VECTOR('',#5200,7.135037518318E-1);
#5202=CARTESIAN_POINT('',(-4.29E0,2.25E0,0.E0));
#5203=LINE('',#5202,#5201);
#5204=DIRECTION('',(-1.382209652628E-1,7.003195573314E-1,7.003195573314E-1));
#5205=VECTOR('',#5204,1.713503482E0);
#5206=CARTESIAN_POINT('',(-3.915E0,1.05E0,-1.9E0));
#5207=LINE('',#5206,#5205);
#5208=DIRECTION('',(-1.E0,0.E0,0.E0));
#5209=VECTOR('',#5208,3.223684210526E0);
#5210=CARTESIAN_POINT('',(-9.281578947368E-1,2.25E0,-7.E-1));
#5211=LINE('',#5210,#5209);
#5212=DIRECTION('',(1.382209652628E-1,7.003195573314E-1,7.003195573314E-1));
#5213=VECTOR('',#5212,1.713503482E0);
#5214=CARTESIAN_POINT('',(-1.165E0,1.05E0,-1.9E0));
#5215=LINE('',#5214,#5213);
#5216=DIRECTION('',(0.E0,-1.E0,0.E0));
#5217=VECTOR('',#5216,2.1E0);
#5218=CARTESIAN_POINT('',(-3.915E0,1.05E0,-1.9E0));
#5219=LINE('',#5218,#5217);
#5220=DIRECTION('',(-1.E0,0.E0,0.E0));
#5221=VECTOR('',#5220,2.75E0);
#5222=CARTESIAN_POINT('',(-1.165E0,1.05E0,-1.9E0));
#5223=LINE('',#5222,#5221);
#5224=DIRECTION('',(0.E0,1.E0,0.E0));
#5225=VECTOR('',#5224,2.1E0);
#5226=CARTESIAN_POINT('',(-1.165E0,-1.05E0,-1.9E0));
#5227=LINE('',#5226,#5225);
#5228=DIRECTION('',(1.E0,0.E0,0.E0));
#5229=VECTOR('',#5228,2.75E0);
#5230=CARTESIAN_POINT('',(-3.915E0,-1.05E0,-1.9E0));
#5231=LINE('',#5230,#5229);
#5232=DIRECTION('',(-1.789649958816E-1,-3.817919912140E-1,9.067559791333E-1));
#5233=VECTOR('',#5232,2.095381826780E0);
#5234=CARTESIAN_POINT('',(-3.915E0,-1.05E0,-1.9E0));
#5235=LINE('',#5234,#5233);
#5236=DIRECTION('',(-1.936330318967E-1,0.E0,-9.810740282764E-1));
#5237=VECTOR('',#5236,7.135037518318E-1);
#5238=CARTESIAN_POINT('',(4.29E0,2.25E0,0.E0));
#5239=LINE('',#5238,#5237);
#5240=DIRECTION('',(1.789649958816E-1,-3.817919912140E-1,9.067559791333E-1));
#5241=VECTOR('',#5240,2.095381826780E0);
#5242=CARTESIAN_POINT('',(3.915E0,-1.05E0,-1.9E0));
#5243=LINE('',#5242,#5241);
#5244=DIRECTION('',(1.936330318967E-1,0.E0,-9.810740282764E-1));
#5245=VECTOR('',#5244,7.135037518318E-1);
#5246=CARTESIAN_POINT('',(7.9E-1,2.25E0,0.E0));
#5247=LINE('',#5246,#5245);
#5248=DIRECTION('',(-1.382209652628E-1,7.003195573314E-1,7.003195573314E-1));
#5249=VECTOR('',#5248,1.713503482E0);
#5250=CARTESIAN_POINT('',(1.165E0,1.05E0,-1.9E0));
#5251=LINE('',#5250,#5249);
#5252=DIRECTION('',(-1.E0,0.E0,0.E0));
#5253=VECTOR('',#5252,3.223684210526E0);
#5254=CARTESIAN_POINT('',(4.151842105263E0,2.25E0,-7.E-1));
#5255=LINE('',#5254,#5253);
#5256=DIRECTION('',(1.382209652628E-1,7.003195573314E-1,7.003195573314E-1));
#5257=VECTOR('',#5256,1.713503482E0);
#5258=CARTESIAN_POINT('',(3.915E0,1.05E0,-1.9E0));
#5259=LINE('',#5258,#5257);
#5260=DIRECTION('',(0.E0,-1.E0,0.E0));
#5261=VECTOR('',#5260,2.1E0);
#5262=CARTESIAN_POINT('',(1.165E0,1.05E0,-1.9E0));
#5263=LINE('',#5262,#5261);
#5264=DIRECTION('',(-1.E0,0.E0,0.E0));
#5265=VECTOR('',#5264,2.75E0);
#5266=CARTESIAN_POINT('',(3.915E0,1.05E0,-1.9E0));
#5267=LINE('',#5266,#5265);
#5268=DIRECTION('',(0.E0,1.E0,0.E0));
#5269=VECTOR('',#5268,2.1E0);
#5270=CARTESIAN_POINT('',(3.915E0,-1.05E0,-1.9E0));
#5271=LINE('',#5270,#5269);
#5272=DIRECTION('',(1.E0,0.E0,0.E0));
#5273=VECTOR('',#5272,2.75E0);
#5274=CARTESIAN_POINT('',(1.165E0,-1.05E0,-1.9E0));
#5275=LINE('',#5274,#5273);
#5276=DIRECTION('',(-1.789649958816E-1,-3.817919912140E-1,9.067559791333E-1));
#5277=VECTOR('',#5276,2.095381826780E0);
#5278=CARTESIAN_POINT('',(1.165E0,-1.05E0,-1.9E0));
#5279=LINE('',#5278,#5277);
#5280=DIRECTION('',(-1.936330318967E-1,0.E0,-9.810740282764E-1));
#5281=VECTOR('',#5280,7.135037518318E-1);
#5282=CARTESIAN_POINT('',(9.37E0,2.25E0,0.E0));
#5283=LINE('',#5282,#5281);
#5284=DIRECTION('',(1.789649958816E-1,-3.817919912140E-1,9.067559791333E-1));
#5285=VECTOR('',#5284,2.095381826780E0);
#5286=CARTESIAN_POINT('',(8.995E0,-1.05E0,-1.9E0));
#5287=LINE('',#5286,#5285);
#5288=DIRECTION('',(1.936330318967E-1,0.E0,-9.810740282764E-1));
#5289=VECTOR('',#5288,7.135037518318E-1);
#5290=CARTESIAN_POINT('',(5.87E0,2.25E0,0.E0));
#5291=LINE('',#5290,#5289);
#5292=DIRECTION('',(-1.382209652628E-1,7.003195573314E-1,7.003195573314E-1));
#5293=VECTOR('',#5292,1.713503482E0);
#5294=CARTESIAN_POINT('',(6.245E0,1.05E0,-1.9E0));
#5295=LINE('',#5294,#5293);
#5296=DIRECTION('',(-1.E0,0.E0,0.E0));
#5297=VECTOR('',#5296,3.223684210526E0);
#5298=CARTESIAN_POINT('',(9.231842105263E0,2.25E0,-7.E-1));
#5299=LINE('',#5298,#5297);
#5300=DIRECTION('',(1.382209652628E-1,7.003195573314E-1,7.003195573314E-1));
#5301=VECTOR('',#5300,1.713503482E0);
#5302=CARTESIAN_POINT('',(8.995E0,1.05E0,-1.9E0));
#5303=LINE('',#5302,#5301);
#5304=DIRECTION('',(0.E0,-1.E0,0.E0));
#5305=VECTOR('',#5304,2.1E0);
#5306=CARTESIAN_POINT('',(6.245E0,1.05E0,-1.9E0));
#5307=LINE('',#5306,#5305);
#5308=DIRECTION('',(-1.E0,0.E0,0.E0));
#5309=VECTOR('',#5308,2.75E0);
#5310=CARTESIAN_POINT('',(8.995E0,1.05E0,-1.9E0));
#5311=LINE('',#5310,#5309);
#5312=DIRECTION('',(0.E0,1.E0,0.E0));
#5313=VECTOR('',#5312,2.1E0);
#5314=CARTESIAN_POINT('',(8.995E0,-1.05E0,-1.9E0));
#5315=LINE('',#5314,#5313);
#5316=DIRECTION('',(1.E0,0.E0,0.E0));
#5317=VECTOR('',#5316,2.75E0);
#5318=CARTESIAN_POINT('',(6.245E0,-1.05E0,-1.9E0));
#5319=LINE('',#5318,#5317);
#5320=DIRECTION('',(-1.789649958816E-1,-3.817919912140E-1,9.067559791333E-1));
#5321=VECTOR('',#5320,2.095381826780E0);
#5322=CARTESIAN_POINT('',(6.245E0,-1.05E0,-1.9E0));
#5323=LINE('',#5322,#5321);
#5324=DIRECTION('',(-1.936330318967E-1,0.E0,-9.810740282764E-1));
#5325=VECTOR('',#5324,7.135037518318E-1);
#5326=CARTESIAN_POINT('',(1.445E1,2.25E0,0.E0));
#5327=LINE('',#5326,#5325);
#5328=DIRECTION('',(1.789649958816E-1,-3.817919912140E-1,9.067559791333E-1));
#5329=VECTOR('',#5328,2.095381826780E0);
#5330=CARTESIAN_POINT('',(1.4075E1,-1.05E0,-1.9E0));
#5331=LINE('',#5330,#5329);
#5332=DIRECTION('',(1.936330318967E-1,0.E0,-9.810740282764E-1));
#5333=VECTOR('',#5332,7.135037518318E-1);
#5334=CARTESIAN_POINT('',(1.095E1,2.25E0,0.E0));
#5335=LINE('',#5334,#5333);
#5336=DIRECTION('',(-1.382209652628E-1,7.003195573314E-1,7.003195573314E-1));
#5337=VECTOR('',#5336,1.713503482E0);
#5338=CARTESIAN_POINT('',(1.1325E1,1.05E0,-1.9E0));
#5339=LINE('',#5338,#5337);
#5340=DIRECTION('',(-1.E0,0.E0,0.E0));
#5341=VECTOR('',#5340,3.223684210526E0);
#5342=CARTESIAN_POINT('',(1.431184210526E1,2.25E0,-7.E-1));
#5343=LINE('',#5342,#5341);
#5344=DIRECTION('',(1.382209652628E-1,7.003195573314E-1,7.003195573314E-1));
#5345=VECTOR('',#5344,1.713503482E0);
#5346=CARTESIAN_POINT('',(1.4075E1,1.05E0,-1.9E0));
#5347=LINE('',#5346,#5345);
#5348=DIRECTION('',(0.E0,-1.E0,0.E0));
#5349=VECTOR('',#5348,2.1E0);
#5350=CARTESIAN_POINT('',(1.1325E1,1.05E0,-1.9E0));
#5351=LINE('',#5350,#5349);
#5352=DIRECTION('',(-1.E0,0.E0,0.E0));
#5353=VECTOR('',#5352,2.75E0);
#5354=CARTESIAN_POINT('',(1.4075E1,1.05E0,-1.9E0));
#5355=LINE('',#5354,#5353);
#5356=DIRECTION('',(0.E0,1.E0,0.E0));
#5357=VECTOR('',#5356,2.1E0);
#5358=CARTESIAN_POINT('',(1.4075E1,-1.05E0,-1.9E0));
#5359=LINE('',#5358,#5357);
#5360=DIRECTION('',(1.E0,0.E0,0.E0));
#5361=VECTOR('',#5360,2.75E0);
#5362=CARTESIAN_POINT('',(1.1325E1,-1.05E0,-1.9E0));
#5363=LINE('',#5362,#5361);
#5364=DIRECTION('',(-1.789649958816E-1,-3.817919912140E-1,9.067559791333E-1));
#5365=VECTOR('',#5364,2.095381826780E0);
#5366=CARTESIAN_POINT('',(1.1325E1,-1.05E0,-1.9E0));
#5367=LINE('',#5366,#5365);
#5368=DIRECTION('',(-1.936330318967E-1,0.E0,-9.810740282764E-1));
#5369=VECTOR('',#5368,7.135037518318E-1);
#5370=CARTESIAN_POINT('',(1.953E1,2.25E0,0.E0));
#5371=LINE('',#5370,#5369);
#5372=DIRECTION('',(1.789649958816E-1,-3.817919912140E-1,9.067559791333E-1));
#5373=VECTOR('',#5372,2.095381826780E0);
#5374=CARTESIAN_POINT('',(1.9155E1,-1.05E0,-1.9E0));
#5375=LINE('',#5374,#5373);
#5376=DIRECTION('',(1.936330318967E-1,0.E0,-9.810740282764E-1));
#5377=VECTOR('',#5376,7.135037518318E-1);
#5378=CARTESIAN_POINT('',(1.603E1,2.25E0,0.E0));
#5379=LINE('',#5378,#5377);
#5380=DIRECTION('',(-1.382209652628E-1,7.003195573314E-1,7.003195573314E-1));
#5381=VECTOR('',#5380,1.713503482E0);
#5382=CARTESIAN_POINT('',(1.6405E1,1.05E0,-1.9E0));
#5383=LINE('',#5382,#5381);
#5384=DIRECTION('',(-1.E0,0.E0,0.E0));
#5385=VECTOR('',#5384,3.223684210526E0);
#5386=CARTESIAN_POINT('',(1.939184210526E1,2.25E0,-7.E-1));
#5387=LINE('',#5386,#5385);
#5388=DIRECTION('',(1.382209652628E-1,7.003195573314E-1,7.003195573314E-1));
#5389=VECTOR('',#5388,1.713503482E0);
#5390=CARTESIAN_POINT('',(1.9155E1,1.05E0,-1.9E0));
#5391=LINE('',#5390,#5389);
#5392=DIRECTION('',(0.E0,-1.E0,0.E0));
#5393=VECTOR('',#5392,2.1E0);
#5394=CARTESIAN_POINT('',(1.6405E1,1.05E0,-1.9E0));
#5395=LINE('',#5394,#5393);
#5396=DIRECTION('',(-1.E0,0.E0,0.E0));
#5397=VECTOR('',#5396,2.75E0);
#5398=CARTESIAN_POINT('',(1.9155E1,1.05E0,-1.9E0));
#5399=LINE('',#5398,#5397);
#5400=DIRECTION('',(0.E0,1.E0,0.E0));
#5401=VECTOR('',#5400,2.1E0);
#5402=CARTESIAN_POINT('',(1.9155E1,-1.05E0,-1.9E0));
#5403=LINE('',#5402,#5401);
#5404=DIRECTION('',(1.E0,0.E0,0.E0));
#5405=VECTOR('',#5404,2.75E0);
#5406=CARTESIAN_POINT('',(1.6405E1,-1.05E0,-1.9E0));
#5407=LINE('',#5406,#5405);
#5408=DIRECTION('',(-1.789649958816E-1,-3.817919912140E-1,9.067559791333E-1));
#5409=VECTOR('',#5408,2.095381826780E0);
#5410=CARTESIAN_POINT('',(1.6405E1,-1.05E0,-1.9E0));
#5411=LINE('',#5410,#5409);
#5412=DIRECTION('',(-1.936330318967E-1,0.E0,-9.810740282764E-1));
#5413=VECTOR('',#5412,7.135037518318E-1);
#5414=CARTESIAN_POINT('',(2.461E1,2.25E0,0.E0));
#5415=LINE('',#5414,#5413);
#5416=DIRECTION('',(1.789649958816E-1,-3.817919912140E-1,9.067559791333E-1));
#5417=VECTOR('',#5416,2.095381826780E0);
#5418=CARTESIAN_POINT('',(2.4235E1,-1.05E0,-1.9E0));
#5419=LINE('',#5418,#5417);
#5420=DIRECTION('',(1.936330318967E-1,0.E0,-9.810740282764E-1));
#5421=VECTOR('',#5420,7.135037518318E-1);
#5422=CARTESIAN_POINT('',(2.111E1,2.25E0,0.E0));
#5423=LINE('',#5422,#5421);
#5424=DIRECTION('',(-1.382209652628E-1,7.003195573314E-1,7.003195573314E-1));
#5425=VECTOR('',#5424,1.713503482E0);
#5426=CARTESIAN_POINT('',(2.1485E1,1.05E0,-1.9E0));
#5427=LINE('',#5426,#5425);
#5428=DIRECTION('',(-1.E0,0.E0,0.E0));
#5429=VECTOR('',#5428,3.223684210526E0);
#5430=CARTESIAN_POINT('',(2.447184210526E1,2.25E0,-7.E-1));
#5431=LINE('',#5430,#5429);
#5432=DIRECTION('',(1.382209652628E-1,7.003195573314E-1,7.003195573314E-1));
#5433=VECTOR('',#5432,1.713503482E0);
#5434=CARTESIAN_POINT('',(2.4235E1,1.05E0,-1.9E0));
#5435=LINE('',#5434,#5433);
#5436=DIRECTION('',(0.E0,-1.E0,0.E0));
#5437=VECTOR('',#5436,2.1E0);
#5438=CARTESIAN_POINT('',(2.1485E1,1.05E0,-1.9E0));
#5439=LINE('',#5438,#5437);
#5440=DIRECTION('',(-1.E0,0.E0,0.E0));
#5441=VECTOR('',#5440,2.75E0);
#5442=CARTESIAN_POINT('',(2.4235E1,1.05E0,-1.9E0));
#5443=LINE('',#5442,#5441);
#5444=DIRECTION('',(0.E0,1.E0,0.E0));
#5445=VECTOR('',#5444,2.1E0);
#5446=CARTESIAN_POINT('',(2.4235E1,-1.05E0,-1.9E0));
#5447=LINE('',#5446,#5445);
#5448=DIRECTION('',(1.E0,0.E0,0.E0));
#5449=VECTOR('',#5448,2.75E0);
#5450=CARTESIAN_POINT('',(2.1485E1,-1.05E0,-1.9E0));
#5451=LINE('',#5450,#5449);
#5452=DIRECTION('',(-1.789649958816E-1,-3.817919912140E-1,9.067559791333E-1));
#5453=VECTOR('',#5452,2.095381826780E0);
#5454=CARTESIAN_POINT('',(2.1485E1,-1.05E0,-1.9E0));
#5455=LINE('',#5454,#5453);
#5456=DIRECTION('',(-1.936330318967E-1,0.E0,-9.810740282764E-1));
#5457=VECTOR('',#5456,7.135037518318E-1);
#5458=CARTESIAN_POINT('',(2.969E1,2.25E0,0.E0));
#5459=LINE('',#5458,#5457);
#5460=DIRECTION('',(1.789649958816E-1,-3.817919912140E-1,9.067559791333E-1));
#5461=VECTOR('',#5460,2.095381826780E0);
#5462=CARTESIAN_POINT('',(2.9315E1,-1.05E0,-1.9E0));
#5463=LINE('',#5462,#5461);
#5464=DIRECTION('',(1.936330318967E-1,0.E0,-9.810740282764E-1));
#5465=VECTOR('',#5464,7.135037518318E-1);
#5466=CARTESIAN_POINT('',(2.619E1,2.25E0,0.E0));
#5467=LINE('',#5466,#5465);
#5468=DIRECTION('',(-1.382209652628E-1,7.003195573314E-1,7.003195573314E-1));
#5469=VECTOR('',#5468,1.713503482E0);
#5470=CARTESIAN_POINT('',(2.6565E1,1.05E0,-1.9E0));
#5471=LINE('',#5470,#5469);
#5472=DIRECTION('',(-1.E0,0.E0,0.E0));
#5473=VECTOR('',#5472,3.223684210526E0);
#5474=CARTESIAN_POINT('',(2.955184210526E1,2.25E0,-7.E-1));
#5475=LINE('',#5474,#5473);
#5476=DIRECTION('',(1.382209652628E-1,7.003195573314E-1,7.003195573314E-1));
#5477=VECTOR('',#5476,1.713503482E0);
#5478=CARTESIAN_POINT('',(2.9315E1,1.05E0,-1.9E0));
#5479=LINE('',#5478,#5477);
#5480=DIRECTION('',(0.E0,-1.E0,0.E0));
#5481=VECTOR('',#5480,2.1E0);
#5482=CARTESIAN_POINT('',(2.6565E1,1.05E0,-1.9E0));
#5483=LINE('',#5482,#5481);
#5484=DIRECTION('',(-1.E0,0.E0,0.E0));
#5485=VECTOR('',#5484,2.75E0);
#5486=CARTESIAN_POINT('',(2.9315E1,1.05E0,-1.9E0));
#5487=LINE('',#5486,#5485);
#5488=DIRECTION('',(0.E0,1.E0,0.E0));
#5489=VECTOR('',#5488,2.1E0);
#5490=CARTESIAN_POINT('',(2.9315E1,-1.05E0,-1.9E0));
#5491=LINE('',#5490,#5489);
#5492=DIRECTION('',(1.E0,0.E0,0.E0));
#5493=VECTOR('',#5492,2.75E0);
#5494=CARTESIAN_POINT('',(2.6565E1,-1.05E0,-1.9E0));
#5495=LINE('',#5494,#5493);
#5496=DIRECTION('',(-1.789649958816E-1,-3.817919912140E-1,9.067559791333E-1));
#5497=VECTOR('',#5496,2.095381826780E0);
#5498=CARTESIAN_POINT('',(2.6565E1,-1.05E0,-1.9E0));
#5499=LINE('',#5498,#5497);
#5500=DIRECTION('',(-1.936330318967E-1,0.E0,-9.810740282764E-1));
#5501=VECTOR('',#5500,7.135037518318E-1);
#5502=CARTESIAN_POINT('',(3.477E1,2.25E0,0.E0));
#5503=LINE('',#5502,#5501);
#5504=DIRECTION('',(1.789649958816E-1,-3.817919912140E-1,9.067559791333E-1));
#5505=VECTOR('',#5504,2.095381826780E0);
#5506=CARTESIAN_POINT('',(3.4395E1,-1.05E0,-1.9E0));
#5507=LINE('',#5506,#5505);
#5508=DIRECTION('',(1.936330318967E-1,0.E0,-9.810740282764E-1));
#5509=VECTOR('',#5508,7.135037518318E-1);
#5510=CARTESIAN_POINT('',(3.127E1,2.25E0,0.E0));
#5511=LINE('',#5510,#5509);
#5512=DIRECTION('',(-1.382209652628E-1,7.003195573314E-1,7.003195573314E-1));
#5513=VECTOR('',#5512,1.713503482E0);
#5514=CARTESIAN_POINT('',(3.1645E1,1.05E0,-1.9E0));
#5515=LINE('',#5514,#5513);
#5516=DIRECTION('',(-1.E0,0.E0,0.E0));
#5517=VECTOR('',#5516,3.223684210526E0);
#5518=CARTESIAN_POINT('',(3.463184210526E1,2.25E0,-7.E-1));
#5519=LINE('',#5518,#5517);
#5520=DIRECTION('',(1.382209652628E-1,7.003195573314E-1,7.003195573314E-1));
#5521=VECTOR('',#5520,1.713503482E0);
#5522=CARTESIAN_POINT('',(3.4395E1,1.05E0,-1.9E0));
#5523=LINE('',#5522,#5521);
#5524=DIRECTION('',(0.E0,-1.E0,0.E0));
#5525=VECTOR('',#5524,2.1E0);
#5526=CARTESIAN_POINT('',(3.1645E1,1.05E0,-1.9E0));
#5527=LINE('',#5526,#5525);
#5528=DIRECTION('',(-1.E0,0.E0,0.E0));
#5529=VECTOR('',#5528,2.75E0);
#5530=CARTESIAN_POINT('',(3.4395E1,1.05E0,-1.9E0));
#5531=LINE('',#5530,#5529);
#5532=DIRECTION('',(0.E0,1.E0,0.E0));
#5533=VECTOR('',#5532,2.1E0);
#5534=CARTESIAN_POINT('',(3.4395E1,-1.05E0,-1.9E0));
#5535=LINE('',#5534,#5533);
#5536=DIRECTION('',(1.E0,0.E0,0.E0));
#5537=VECTOR('',#5536,2.75E0);
#5538=CARTESIAN_POINT('',(3.1645E1,-1.05E0,-1.9E0));
#5539=LINE('',#5538,#5537);
#5540=DIRECTION('',(-1.789649958816E-1,-3.817919912140E-1,9.067559791333E-1));
#5541=VECTOR('',#5540,2.095381826780E0);
#5542=CARTESIAN_POINT('',(3.1645E1,-1.05E0,-1.9E0));
#5543=LINE('',#5542,#5541);
#5544=DIRECTION('',(0.E0,1.E0,0.E0));
#5545=VECTOR('',#5544,5.E0);
#5546=CARTESIAN_POINT('',(-3.569225194693E1,-2.75E0,-1.130343716958E0));
#5547=LINE('',#5546,#5545);
#5548=DIRECTION('',(0.E0,1.E0,0.E0));
#5549=VECTOR('',#5548,5.E0);
#5550=CARTESIAN_POINT('',(-3.602774805307E1,-2.75E0,-1.244656283042E0));
#5551=LINE('',#5550,#5549);
#5552=DIRECTION('',(0.E0,1.E0,0.E0));
#5553=VECTOR('',#5552,5.E0);
#5554=CARTESIAN_POINT('',(-3.616E1,-2.75E0,-1.15E0));
#5555=LINE('',#5554,#5553);
#5556=DIRECTION('',(0.E0,1.E0,0.E0));
#5557=VECTOR('',#5556,5.E0);
#5558=CARTESIAN_POINT('',(-3.616E1,-2.75E0,-4.5E-1));
#5559=LINE('',#5558,#5557);
#5560=DIRECTION('',(0.E0,1.E0,0.E0));
#5561=VECTOR('',#5560,5.E0);
#5562=CARTESIAN_POINT('',(-3.602774805307E1,-2.75E0,-3.553437169584E-1));
#5563=LINE('',#5562,#5561);
#5564=DIRECTION('',(0.E0,1.E0,0.E0));
#5565=VECTOR('',#5564,5.E0);
#5566=CARTESIAN_POINT('',(-3.569225194693E1,-2.75E0,-4.696562830416E-1));
#5567=LINE('',#5566,#5565);
#5568=CARTESIAN_POINT('',(-3.556E1,-2.75E0,-8.2E0));
#5569=CARTESIAN_POINT('',(-3.556E1,-5.5E-1,-8.2E0));
#5570=VERTEX_POINT('',#5568);
#5571=VERTEX_POINT('',#5569);
#5572=CARTESIAN_POINT('',(-3.556E1,7.25E0,-6.2E0));
#5573=VERTEX_POINT('',#5572);
#5574=CARTESIAN_POINT('',(-3.556E1,7.25E0,-1.4E0));
#5575=VERTEX_POINT('',#5574);
#5576=CARTESIAN_POINT('',(-3.556E1,2.95E0,-8.E-1));
#5577=VERTEX_POINT('',#5576);
#5578=CARTESIAN_POINT('',(-3.556E1,2.95E0,0.E0));
#5579=VERTEX_POINT('',#5578);
#5580=CARTESIAN_POINT('',(-3.556E1,-2.75E0,0.E0));
#5581=VERTEX_POINT('',#5580);
#5582=CARTESIAN_POINT('',(3.556E1,-2.75E0,-8.2E0));
#5583=CARTESIAN_POINT('',(3.556E1,-5.5E-1,-8.2E0));
#5584=VERTEX_POINT('',#5582);
#5585=VERTEX_POINT('',#5583);
#5586=CARTESIAN_POINT('',(3.556E1,7.25E0,-6.2E0));
#5587=VERTEX_POINT('',#5586);
#5588=CARTESIAN_POINT('',(3.556E1,7.25E0,-1.4E0));
#5589=VERTEX_POINT('',#5588);
#5590=CARTESIAN_POINT('',(3.556E1,2.95E0,-8.E-1));
#5591=VERTEX_POINT('',#5590);
#5592=CARTESIAN_POINT('',(3.556E1,2.95E0,0.E0));
#5593=VERTEX_POINT('',#5592);
#5594=CARTESIAN_POINT('',(3.556E1,-2.75E0,0.E0));
#5595=VERTEX_POINT('',#5594);
#5596=CARTESIAN_POINT('',(3.537678755966E1,2.25E0,-4.386104388043E-1));
#5597=CARTESIAN_POINT('',(3.509321244034E1,2.25E0,-3.113895611957E-1));
#5598=VERTEX_POINT('',#5596);
#5599=VERTEX_POINT('',#5597);
#5600=CARTESIAN_POINT('',(3.491E1,2.25E0,-4.3E-1));
#5601=VERTEX_POINT('',#5600);
#5602=CARTESIAN_POINT('',(3.491E1,2.25E0,-1.17E0));
#5603=VERTEX_POINT('',#5602);
#5604=CARTESIAN_POINT('',(3.509321244034E1,2.25E0,-1.288610438804E0));
#5605=VERTEX_POINT('',#5604);
#5606=CARTESIAN_POINT('',(3.537678755966E1,2.25E0,-1.161389561196E0));
#5607=VERTEX_POINT('',#5606);
#5608=CARTESIAN_POINT('',(3.556E1,-2.75E0,-1.28E0));
#5609=CARTESIAN_POINT('',(3.537678755966E1,-2.75E0,-1.161389561196E0));
#5610=VERTEX_POINT('',#5608);
#5611=VERTEX_POINT('',#5609);
#5612=CARTESIAN_POINT('',(3.537678755966E1,-2.75E0,-4.386104388043E-1));
#5613=CARTESIAN_POINT('',(3.556E1,-2.75E0,-3.2E-1));
#5614=VERTEX_POINT('',#5612);
#5615=VERTEX_POINT('',#5613);
#5616=CARTESIAN_POINT('',(3.556E1,2.25E0,-1.28E0));
#5617=CARTESIAN_POINT('',(3.556E1,2.25E0,-3.2E-1));
#5618=VERTEX_POINT('',#5616);
#5619=VERTEX_POINT('',#5617);
#5620=CARTESIAN_POINT('',(-3.569225194693E1,-2.75E0,-4.696562830416E-1));
#5621=CARTESIAN_POINT('',(-3.602774805307E1,-2.75E0,-3.553437169584E-1));
#5622=VERTEX_POINT('',#5620);
#5623=VERTEX_POINT('',#5621);
#5624=CARTESIAN_POINT('',(-3.616E1,-2.75E0,-4.5E-1));
#5625=VERTEX_POINT('',#5624);
#5626=CARTESIAN_POINT('',(-3.616E1,-2.75E0,-1.15E0));
#5627=VERTEX_POINT('',#5626);
#5628=CARTESIAN_POINT('',(-3.602774805307E1,-2.75E0,-1.244656283042E0));
#5629=VERTEX_POINT('',#5628);
#5630=CARTESIAN_POINT('',(-3.569225194693E1,-2.75E0,-1.130343716958E0));
#5631=VERTEX_POINT('',#5630);
#5632=CARTESIAN_POINT('',(-3.569225194693E1,2.25E0,-4.696562830416E-1));
#5633=CARTESIAN_POINT('',(-3.602774805307E1,2.25E0,-3.553437169584E-1));
#5634=VERTEX_POINT('',#5632);
#5635=VERTEX_POINT('',#5633);
#5636=CARTESIAN_POINT('',(-3.616E1,2.25E0,-4.5E-1));
#5637=VERTEX_POINT('',#5636);
#5638=CARTESIAN_POINT('',(-3.616E1,2.25E0,-1.15E0));
#5639=VERTEX_POINT('',#5638);
#5640=CARTESIAN_POINT('',(-3.602774805307E1,2.25E0,-1.244656283042E0));
#5641=VERTEX_POINT('',#5640);
#5642=CARTESIAN_POINT('',(-3.569225194693E1,2.25E0,-1.130343716958E0));
#5643=VERTEX_POINT('',#5642);
#5644=CARTESIAN_POINT('',(-3.556E1,2.25E0,-1.225E0));
#5645=CARTESIAN_POINT('',(-3.556E1,2.25E0,-3.75E-1));
#5646=VERTEX_POINT('',#5644);
#5647=VERTEX_POINT('',#5645);
#5648=CARTESIAN_POINT('',(-3.556E1,-2.75E0,-1.225E0));
#5649=VERTEX_POINT('',#5648);
#5650=CARTESIAN_POINT('',(-3.556E1,-2.75E0,-3.75E-1));
#5651=VERTEX_POINT('',#5650);
#5652=CARTESIAN_POINT('',(-3.132E1,7.25E0,-3.85E0));
#5653=CARTESIAN_POINT('',(-3.472E1,7.25E0,-3.85E0));
#5654=VERTEX_POINT('',#5652);
#5655=VERTEX_POINT('',#5653);
#5656=CARTESIAN_POINT('',(-3.467812393988E1,5.75E0,-4.225E0));
#5657=CARTESIAN_POINT('',(-3.467812393988E1,5.75E0,-3.475E0));
#5658=VERTEX_POINT('',#5656);
#5659=VERTEX_POINT('',#5657);
#5660=CARTESIAN_POINT('',(-3.136187606012E1,5.75E0,-3.475E0));
#5661=VERTEX_POINT('',#5660);
#5662=CARTESIAN_POINT('',(-3.136187606012E1,5.75E0,-4.225E0));
#5663=VERTEX_POINT('',#5662);
#5664=CARTESIAN_POINT('',(-3.472E1,6.25E0,-3.85E0));
#5665=CARTESIAN_POINT('',(-3.467812393988E1,6.25E0,-3.475E0));
#5666=VERTEX_POINT('',#5664);
#5667=VERTEX_POINT('',#5665);
#5668=CARTESIAN_POINT('',(-3.136187606012E1,6.25E0,-3.475E0));
#5669=VERTEX_POINT('',#5668);
#5670=CARTESIAN_POINT('',(-3.136187606012E1,6.25E0,-4.225E0));
#5671=CARTESIAN_POINT('',(-3.467812393988E1,6.25E0,-4.225E0));
#5672=VERTEX_POINT('',#5670);
#5673=VERTEX_POINT('',#5671);
#5674=CARTESIAN_POINT('',(-2.624E1,7.25E0,-3.85E0));
#5675=CARTESIAN_POINT('',(-2.964E1,7.25E0,-3.85E0));
#5676=VERTEX_POINT('',#5674);
#5677=VERTEX_POINT('',#5675);
#5678=CARTESIAN_POINT('',(-2.116E1,7.25E0,-3.85E0));
#5679=CARTESIAN_POINT('',(-2.456E1,7.25E0,-3.85E0));
#5680=VERTEX_POINT('',#5678);
#5681=VERTEX_POINT('',#5679);
#5682=CARTESIAN_POINT('',(-1.608E1,7.25E0,-3.85E0));
#5683=CARTESIAN_POINT('',(-1.948E1,7.25E0,-3.85E0));
#5684=VERTEX_POINT('',#5682);
#5685=VERTEX_POINT('',#5683);
#5686=CARTESIAN_POINT('',(-1.1E1,7.25E0,-3.85E0));
#5687=CARTESIAN_POINT('',(-1.44E1,7.25E0,-3.85E0));
#5688=VERTEX_POINT('',#5686);
#5689=VERTEX_POINT('',#5687);
#5690=CARTESIAN_POINT('',(-5.92E0,7.25E0,-3.85E0));
#5691=CARTESIAN_POINT('',(-9.32E0,7.25E0,-3.85E0));
#5692=VERTEX_POINT('',#5690);
#5693=VERTEX_POINT('',#5691);
#5694=CARTESIAN_POINT('',(-8.4E-1,7.25E0,-3.85E0));
#5695=CARTESIAN_POINT('',(-4.24E0,7.25E0,-3.85E0));
#5696=VERTEX_POINT('',#5694);
#5697=VERTEX_POINT('',#5695);
#5698=CARTESIAN_POINT('',(-2.959812393988E1,5.75E0,-4.225E0));
#5699=CARTESIAN_POINT('',(-2.959812393988E1,5.75E0,-3.475E0));
#5700=VERTEX_POINT('',#5698);
#5701=VERTEX_POINT('',#5699);
#5702=CARTESIAN_POINT('',(-2.628187606012E1,5.75E0,-3.475E0));
#5703=VERTEX_POINT('',#5702);
#5704=CARTESIAN_POINT('',(-2.628187606012E1,5.75E0,-4.225E0));
#5705=VERTEX_POINT('',#5704);
#5706=CARTESIAN_POINT('',(-2.964E1,6.25E0,-3.85E0));
#5707=CARTESIAN_POINT('',(-2.959812393988E1,6.25E0,-3.475E0));
#5708=VERTEX_POINT('',#5706);
#5709=VERTEX_POINT('',#5707);
#5710=CARTESIAN_POINT('',(-2.628187606012E1,6.25E0,-3.475E0));
#5711=VERTEX_POINT('',#5710);
#5712=CARTESIAN_POINT('',(-2.628187606012E1,6.25E0,-4.225E0));
#5713=CARTESIAN_POINT('',(-2.959812393988E1,6.25E0,-4.225E0));
#5714=VERTEX_POINT('',#5712);
#5715=VERTEX_POINT('',#5713);
#5716=CARTESIAN_POINT('',(-2.451812393988E1,5.75E0,-4.225E0));
#5717=CARTESIAN_POINT('',(-2.451812393988E1,5.75E0,-3.475E0));
#5718=VERTEX_POINT('',#5716);
#5719=VERTEX_POINT('',#5717);
#5720=CARTESIAN_POINT('',(-2.120187606012E1,5.75E0,-3.475E0));
#5721=VERTEX_POINT('',#5720);
#5722=CARTESIAN_POINT('',(-2.120187606012E1,5.75E0,-4.225E0));
#5723=VERTEX_POINT('',#5722);
#5724=CARTESIAN_POINT('',(-2.456E1,6.25E0,-3.85E0));
#5725=CARTESIAN_POINT('',(-2.451812393988E1,6.25E0,-3.475E0));
#5726=VERTEX_POINT('',#5724);
#5727=VERTEX_POINT('',#5725);
#5728=CARTESIAN_POINT('',(-2.120187606012E1,6.25E0,-3.475E0));
#5729=VERTEX_POINT('',#5728);
#5730=CARTESIAN_POINT('',(-2.120187606012E1,6.25E0,-4.225E0));
#5731=CARTESIAN_POINT('',(-2.451812393988E1,6.25E0,-4.225E0));
#5732=VERTEX_POINT('',#5730);
#5733=VERTEX_POINT('',#5731);
#5734=CARTESIAN_POINT('',(-1.943812393988E1,5.75E0,-4.225E0));
#5735=CARTESIAN_POINT('',(-1.943812393988E1,5.75E0,-3.475E0));
#5736=VERTEX_POINT('',#5734);
#5737=VERTEX_POINT('',#5735);
#5738=CARTESIAN_POINT('',(-1.612187606012E1,5.75E0,-3.475E0));
#5739=VERTEX_POINT('',#5738);
#5740=CARTESIAN_POINT('',(-1.612187606012E1,5.75E0,-4.225E0));
#5741=VERTEX_POINT('',#5740);
#5742=CARTESIAN_POINT('',(-1.948E1,6.25E0,-3.85E0));
#5743=CARTESIAN_POINT('',(-1.943812393988E1,6.25E0,-3.475E0));
#5744=VERTEX_POINT('',#5742);
#5745=VERTEX_POINT('',#5743);
#5746=CARTESIAN_POINT('',(-1.612187606012E1,6.25E0,-3.475E0));
#5747=VERTEX_POINT('',#5746);
#5748=CARTESIAN_POINT('',(-1.612187606012E1,6.25E0,-4.225E0));
#5749=CARTESIAN_POINT('',(-1.943812393988E1,6.25E0,-4.225E0));
#5750=VERTEX_POINT('',#5748);
#5751=VERTEX_POINT('',#5749);
#5752=CARTESIAN_POINT('',(-1.435812393988E1,5.75E0,-4.225E0));
#5753=CARTESIAN_POINT('',(-1.435812393988E1,5.75E0,-3.475E0));
#5754=VERTEX_POINT('',#5752);
#5755=VERTEX_POINT('',#5753);
#5756=CARTESIAN_POINT('',(-1.104187606012E1,5.75E0,-3.475E0));
#5757=VERTEX_POINT('',#5756);
#5758=CARTESIAN_POINT('',(-1.104187606012E1,5.75E0,-4.225E0));
#5759=VERTEX_POINT('',#5758);
#5760=CARTESIAN_POINT('',(-1.44E1,6.25E0,-3.85E0));
#5761=CARTESIAN_POINT('',(-1.435812393988E1,6.25E0,-3.475E0));
#5762=VERTEX_POINT('',#5760);
#5763=VERTEX_POINT('',#5761);
#5764=CARTESIAN_POINT('',(-1.104187606012E1,6.25E0,-3.475E0));
#5765=VERTEX_POINT('',#5764);
#5766=CARTESIAN_POINT('',(-1.104187606012E1,6.25E0,-4.225E0));
#5767=CARTESIAN_POINT('',(-1.435812393988E1,6.25E0,-4.225E0));
#5768=VERTEX_POINT('',#5766);
#5769=VERTEX_POINT('',#5767);
#5770=CARTESIAN_POINT('',(-9.278123939879E0,5.75E0,-4.225E0));
#5771=CARTESIAN_POINT('',(-9.278123939879E0,5.75E0,-3.475E0));
#5772=VERTEX_POINT('',#5770);
#5773=VERTEX_POINT('',#5771);
#5774=CARTESIAN_POINT('',(-5.961876060121E0,5.75E0,-3.475E0));
#5775=VERTEX_POINT('',#5774);
#5776=CARTESIAN_POINT('',(-5.961876060121E0,5.75E0,-4.225E0));
#5777=VERTEX_POINT('',#5776);
#5778=CARTESIAN_POINT('',(-9.32E0,6.25E0,-3.85E0));
#5779=CARTESIAN_POINT('',(-9.278123939879E0,6.25E0,-3.475E0));
#5780=VERTEX_POINT('',#5778);
#5781=VERTEX_POINT('',#5779);
#5782=CARTESIAN_POINT('',(-5.961876060121E0,6.25E0,-3.475E0));
#5783=VERTEX_POINT('',#5782);
#5784=CARTESIAN_POINT('',(-5.961876060121E0,6.25E0,-4.225E0));
#5785=CARTESIAN_POINT('',(-9.278123939879E0,6.25E0,-4.225E0));
#5786=VERTEX_POINT('',#5784);
#5787=VERTEX_POINT('',#5785);
#5788=CARTESIAN_POINT('',(-4.198123939879E0,5.75E0,-4.225E0));
#5789=CARTESIAN_POINT('',(-4.198123939879E0,5.75E0,-3.475E0));
#5790=VERTEX_POINT('',#5788);
#5791=VERTEX_POINT('',#5789);
#5792=CARTESIAN_POINT('',(-8.818760601210E-1,5.75E0,-3.475E0));
#5793=VERTEX_POINT('',#5792);
#5794=CARTESIAN_POINT('',(-8.818760601210E-1,5.75E0,-4.225E0));
#5795=VERTEX_POINT('',#5794);
#5796=CARTESIAN_POINT('',(-4.24E0,6.25E0,-3.85E0));
#5797=CARTESIAN_POINT('',(-4.198123939879E0,6.25E0,-3.475E0));
#5798=VERTEX_POINT('',#5796);
#5799=VERTEX_POINT('',#5797);
#5800=CARTESIAN_POINT('',(-8.818760601210E-1,6.25E0,-3.475E0));
#5801=VERTEX_POINT('',#5800);
#5802=CARTESIAN_POINT('',(-8.818760601210E-1,6.25E0,-4.225E0));
#5803=CARTESIAN_POINT('',(-4.198123939879E0,6.25E0,-4.225E0));
#5804=VERTEX_POINT('',#5802);
#5805=VERTEX_POINT('',#5803);
#5806=CARTESIAN_POINT('',(-3.092E1,-2.75E0,0.E0));
#5807=CARTESIAN_POINT('',(-3.092E1,-2.75E0,-8.2E0));
#5808=VERTEX_POINT('',#5806);
#5809=VERTEX_POINT('',#5807);
#5810=CARTESIAN_POINT('',(-3.512E1,-2.75E0,0.E0));
#5811=CARTESIAN_POINT('',(-3.512E1,-2.75E0,-8.2E0));
#5812=VERTEX_POINT('',#5810);
#5813=VERTEX_POINT('',#5811);
#5814=CARTESIAN_POINT('',(-3.092E1,-2.55E0,-8.2E0));
#5815=VERTEX_POINT('',#5814);
#5816=CARTESIAN_POINT('',(-3.512E1,-2.55E0,-8.2E0));
#5817=VERTEX_POINT('',#5816);
#5818=CARTESIAN_POINT('',(-3.092E1,-2.55E0,0.E0));
#5819=VERTEX_POINT('',#5818);
#5820=CARTESIAN_POINT('',(-3.512E1,-2.55E0,0.E0));
#5821=VERTEX_POINT('',#5820);
#5822=CARTESIAN_POINT('',(-2.584E1,-2.75E0,0.E0));
#5823=CARTESIAN_POINT('',(-2.584E1,-2.75E0,-8.2E0));
#5824=VERTEX_POINT('',#5822);
#5825=VERTEX_POINT('',#5823);
#5826=CARTESIAN_POINT('',(-3.004E1,-2.75E0,0.E0));
#5827=CARTESIAN_POINT('',(-3.004E1,-2.75E0,-8.2E0));
#5828=VERTEX_POINT('',#5826);
#5829=VERTEX_POINT('',#5827);
#5830=CARTESIAN_POINT('',(-2.584E1,-2.55E0,-8.2E0));
#5831=VERTEX_POINT('',#5830);
#5832=CARTESIAN_POINT('',(-3.004E1,-2.55E0,-8.2E0));
#5833=VERTEX_POINT('',#5832);
#5834=CARTESIAN_POINT('',(-2.584E1,-2.55E0,0.E0));
#5835=VERTEX_POINT('',#5834);
#5836=CARTESIAN_POINT('',(-3.004E1,-2.55E0,0.E0));
#5837=VERTEX_POINT('',#5836);
#5838=CARTESIAN_POINT('',(-2.076E1,-2.75E0,0.E0));
#5839=CARTESIAN_POINT('',(-2.076E1,-2.75E0,-8.2E0));
#5840=VERTEX_POINT('',#5838);
#5841=VERTEX_POINT('',#5839);
#5842=CARTESIAN_POINT('',(-2.496E1,-2.75E0,0.E0));
#5843=CARTESIAN_POINT('',(-2.496E1,-2.75E0,-8.2E0));
#5844=VERTEX_POINT('',#5842);
#5845=VERTEX_POINT('',#5843);
#5846=CARTESIAN_POINT('',(-2.076E1,-2.55E0,-8.2E0));
#5847=VERTEX_POINT('',#5846);
#5848=CARTESIAN_POINT('',(-2.496E1,-2.55E0,-8.2E0));
#5849=VERTEX_POINT('',#5848);
#5850=CARTESIAN_POINT('',(-2.076E1,-2.55E0,0.E0));
#5851=VERTEX_POINT('',#5850);
#5852=CARTESIAN_POINT('',(-2.496E1,-2.55E0,0.E0));
#5853=VERTEX_POINT('',#5852);
#5854=CARTESIAN_POINT('',(-1.568E1,-2.75E0,0.E0));
#5855=CARTESIAN_POINT('',(-1.568E1,-2.75E0,-8.2E0));
#5856=VERTEX_POINT('',#5854);
#5857=VERTEX_POINT('',#5855);
#5858=CARTESIAN_POINT('',(-1.988E1,-2.75E0,0.E0));
#5859=CARTESIAN_POINT('',(-1.988E1,-2.75E0,-8.2E0));
#5860=VERTEX_POINT('',#5858);
#5861=VERTEX_POINT('',#5859);
#5862=CARTESIAN_POINT('',(-1.568E1,-2.55E0,-8.2E0));
#5863=VERTEX_POINT('',#5862);
#5864=CARTESIAN_POINT('',(-1.988E1,-2.55E0,-8.2E0));
#5865=VERTEX_POINT('',#5864);
#5866=CARTESIAN_POINT('',(-1.568E1,-2.55E0,0.E0));
#5867=VERTEX_POINT('',#5866);
#5868=CARTESIAN_POINT('',(-1.988E1,-2.55E0,0.E0));
#5869=VERTEX_POINT('',#5868);
#5870=CARTESIAN_POINT('',(-1.06E1,-2.75E0,0.E0));
#5871=CARTESIAN_POINT('',(-1.06E1,-2.75E0,-8.2E0));
#5872=VERTEX_POINT('',#5870);
#5873=VERTEX_POINT('',#5871);
#5874=CARTESIAN_POINT('',(-1.48E1,-2.75E0,0.E0));
#5875=CARTESIAN_POINT('',(-1.48E1,-2.75E0,-8.2E0));
#5876=VERTEX_POINT('',#5874);
#5877=VERTEX_POINT('',#5875);
#5878=CARTESIAN_POINT('',(-1.06E1,-2.55E0,-8.2E0));
#5879=VERTEX_POINT('',#5878);
#5880=CARTESIAN_POINT('',(-1.48E1,-2.55E0,-8.2E0));
#5881=VERTEX_POINT('',#5880);
#5882=CARTESIAN_POINT('',(-1.06E1,-2.55E0,0.E0));
#5883=VERTEX_POINT('',#5882);
#5884=CARTESIAN_POINT('',(-1.48E1,-2.55E0,0.E0));
#5885=VERTEX_POINT('',#5884);
#5886=CARTESIAN_POINT('',(-5.52E0,-2.75E0,0.E0));
#5887=CARTESIAN_POINT('',(-5.52E0,-2.75E0,-8.2E0));
#5888=VERTEX_POINT('',#5886);
#5889=VERTEX_POINT('',#5887);
#5890=CARTESIAN_POINT('',(-9.72E0,-2.75E0,0.E0));
#5891=CARTESIAN_POINT('',(-9.72E0,-2.75E0,-8.2E0));
#5892=VERTEX_POINT('',#5890);
#5893=VERTEX_POINT('',#5891);
#5894=CARTESIAN_POINT('',(-5.52E0,-2.55E0,-8.2E0));
#5895=VERTEX_POINT('',#5894);
#5896=CARTESIAN_POINT('',(-9.72E0,-2.55E0,-8.2E0));
#5897=VERTEX_POINT('',#5896);
#5898=CARTESIAN_POINT('',(-5.52E0,-2.55E0,0.E0));
#5899=VERTEX_POINT('',#5898);
#5900=CARTESIAN_POINT('',(-9.72E0,-2.55E0,0.E0));
#5901=VERTEX_POINT('',#5900);
#5902=CARTESIAN_POINT('',(-4.4E-1,-2.75E0,0.E0));
#5903=CARTESIAN_POINT('',(-4.4E-1,-2.75E0,-8.2E0));
#5904=VERTEX_POINT('',#5902);
#5905=VERTEX_POINT('',#5903);
#5906=CARTESIAN_POINT('',(-4.64E0,-2.75E0,0.E0));
#5907=CARTESIAN_POINT('',(-4.64E0,-2.75E0,-8.2E0));
#5908=VERTEX_POINT('',#5906);
#5909=VERTEX_POINT('',#5907);
#5910=CARTESIAN_POINT('',(-4.4E-1,-2.55E0,-8.2E0));
#5911=VERTEX_POINT('',#5910);
#5912=CARTESIAN_POINT('',(-4.64E0,-2.55E0,-8.2E0));
#5913=VERTEX_POINT('',#5912);
#5914=CARTESIAN_POINT('',(-4.4E-1,-2.55E0,0.E0));
#5915=VERTEX_POINT('',#5914);
#5916=CARTESIAN_POINT('',(-4.64E0,-2.55E0,0.E0));
#5917=VERTEX_POINT('',#5916);
#5918=CARTESIAN_POINT('',(-3.347E1,-5.25E0,-4.35E0));
#5919=CARTESIAN_POINT('',(-3.327E1,-6.25E0,-4.35E0));
#5920=VERTEX_POINT('',#5918);
#5921=VERTEX_POINT('',#5919);
#5922=CARTESIAN_POINT('',(-3.277E1,-6.25E0,-4.35E0));
#5923=VERTEX_POINT('',#5922);
#5924=CARTESIAN_POINT('',(-3.257E1,-5.25E0,-4.35E0));
#5925=VERTEX_POINT('',#5924);
#5926=CARTESIAN_POINT('',(-3.347E1,-5.25E0,-3.85E0));
#5927=CARTESIAN_POINT('',(-3.327E1,-6.25E0,-3.85E0));
#5928=VERTEX_POINT('',#5926);
#5929=VERTEX_POINT('',#5927);
#5930=CARTESIAN_POINT('',(-3.277E1,-6.25E0,-3.85E0));
#5931=VERTEX_POINT('',#5930);
#5932=CARTESIAN_POINT('',(-3.257E1,-5.25E0,-3.85E0));
#5933=VERTEX_POINT('',#5932);
#5934=CARTESIAN_POINT('',(-3.347E1,-2.55E0,-4.35E0));
#5935=CARTESIAN_POINT('',(-3.257E1,-2.55E0,-4.35E0));
#5936=VERTEX_POINT('',#5934);
#5937=VERTEX_POINT('',#5935);
#5938=CARTESIAN_POINT('',(-3.347E1,-2.55E0,-3.85E0));
#5939=CARTESIAN_POINT('',(-3.257E1,-2.55E0,-3.85E0));
#5940=VERTEX_POINT('',#5938);
#5941=VERTEX_POINT('',#5939);
#5942=CARTESIAN_POINT('',(-3.397E1,-6.5E-1,-7.98E0));
#5943=CARTESIAN_POINT('',(-3.397E1,-6.5E-1,-7.3E0));
#5944=VERTEX_POINT('',#5942);
#5945=VERTEX_POINT('',#5943);
#5946=CARTESIAN_POINT('',(-3.207E1,-6.5E-1,-7.98E0));
#5947=CARTESIAN_POINT('',(-3.207E1,-6.5E-1,-7.3E0));
#5948=VERTEX_POINT('',#5946);
#5949=VERTEX_POINT('',#5947);
#5950=CARTESIAN_POINT('',(-3.397E1,-5.5E-1,-8.2E0));
#5951=CARTESIAN_POINT('',(-3.397E1,-1.55E0,-8.2E0));
#5952=VERTEX_POINT('',#5950);
#5953=VERTEX_POINT('',#5951);
#5954=CARTESIAN_POINT('',(-3.207E1,-5.5E-1,-8.2E0));
#5955=CARTESIAN_POINT('',(-3.207E1,-1.55E0,-8.2E0));
#5956=VERTEX_POINT('',#5954);
#5957=VERTEX_POINT('',#5955);
#5958=CARTESIAN_POINT('',(-3.397E1,2.57E0,-7.4E0));
#5959=VERTEX_POINT('',#5958);
#5960=CARTESIAN_POINT('',(-3.207E1,2.57E0,-7.4E0));
#5961=VERTEX_POINT('',#5960);
#5962=CARTESIAN_POINT('',(-3.397E1,1.05E0,-7.4E0));
#5963=VERTEX_POINT('',#5962);
#5964=CARTESIAN_POINT('',(-3.207E1,1.05E0,-7.4E0));
#5965=VERTEX_POINT('',#5964);
#5966=CARTESIAN_POINT('',(-3.397E1,1.05E0,-7.3E0));
#5967=VERTEX_POINT('',#5966);
#5968=CARTESIAN_POINT('',(-3.207E1,1.05E0,-7.3E0));
#5969=VERTEX_POINT('',#5968);
#5970=CARTESIAN_POINT('',(-2.889E1,-6.5E-1,-7.98E0));
#5971=CARTESIAN_POINT('',(-2.889E1,-6.5E-1,-7.3E0));
#5972=VERTEX_POINT('',#5970);
#5973=VERTEX_POINT('',#5971);
#5974=CARTESIAN_POINT('',(-2.889E1,1.05E0,-7.3E0));
#5975=VERTEX_POINT('',#5974);
#5976=CARTESIAN_POINT('',(-2.889E1,1.05E0,-7.4E0));
#5977=VERTEX_POINT('',#5976);
#5978=CARTESIAN_POINT('',(-2.699E1,-6.5E-1,-7.98E0));
#5979=CARTESIAN_POINT('',(-2.699E1,-6.5E-1,-7.3E0));
#5980=VERTEX_POINT('',#5978);
#5981=VERTEX_POINT('',#5979);
#5982=CARTESIAN_POINT('',(-2.699E1,1.05E0,-7.3E0));
#5983=VERTEX_POINT('',#5982);
#5984=CARTESIAN_POINT('',(-2.699E1,1.05E0,-7.4E0));
#5985=VERTEX_POINT('',#5984);
#5986=CARTESIAN_POINT('',(-2.889E1,-5.5E-1,-8.2E0));
#5987=CARTESIAN_POINT('',(-2.889E1,-1.55E0,-8.2E0));
#5988=VERTEX_POINT('',#5986);
#5989=VERTEX_POINT('',#5987);
#5990=CARTESIAN_POINT('',(-2.699E1,-5.5E-1,-8.2E0));
#5991=CARTESIAN_POINT('',(-2.699E1,-1.55E0,-8.2E0));
#5992=VERTEX_POINT('',#5990);
#5993=VERTEX_POINT('',#5991);
#5994=CARTESIAN_POINT('',(-2.889E1,2.57E0,-7.4E0));
#5995=VERTEX_POINT('',#5994);
#5996=CARTESIAN_POINT('',(-2.699E1,2.57E0,-7.4E0));
#5997=VERTEX_POINT('',#5996);
#5998=CARTESIAN_POINT('',(-2.381E1,-6.5E-1,-7.98E0));
#5999=CARTESIAN_POINT('',(-2.381E1,-6.5E-1,-7.3E0));
#6000=VERTEX_POINT('',#5998);
#6001=VERTEX_POINT('',#5999);
#6002=CARTESIAN_POINT('',(-2.381E1,1.05E0,-7.3E0));
#6003=VERTEX_POINT('',#6002);
#6004=CARTESIAN_POINT('',(-2.381E1,1.05E0,-7.4E0));
#6005=VERTEX_POINT('',#6004);
#6006=CARTESIAN_POINT('',(-2.191E1,-6.5E-1,-7.98E0));
#6007=CARTESIAN_POINT('',(-2.191E1,-6.5E-1,-7.3E0));
#6008=VERTEX_POINT('',#6006);
#6009=VERTEX_POINT('',#6007);
#6010=CARTESIAN_POINT('',(-2.191E1,1.05E0,-7.3E0));
#6011=VERTEX_POINT('',#6010);
#6012=CARTESIAN_POINT('',(-2.191E1,1.05E0,-7.4E0));
#6013=VERTEX_POINT('',#6012);
#6014=CARTESIAN_POINT('',(-2.381E1,-5.5E-1,-8.2E0));
#6015=CARTESIAN_POINT('',(-2.381E1,-1.55E0,-8.2E0));
#6016=VERTEX_POINT('',#6014);
#6017=VERTEX_POINT('',#6015);
#6018=CARTESIAN_POINT('',(-2.191E1,-5.5E-1,-8.2E0));
#6019=CARTESIAN_POINT('',(-2.191E1,-1.55E0,-8.2E0));
#6020=VERTEX_POINT('',#6018);
#6021=VERTEX_POINT('',#6019);
#6022=CARTESIAN_POINT('',(-2.381E1,2.57E0,-7.4E0));
#6023=VERTEX_POINT('',#6022);
#6024=CARTESIAN_POINT('',(-2.191E1,2.57E0,-7.4E0));
#6025=VERTEX_POINT('',#6024);
#6026=CARTESIAN_POINT('',(-1.873E1,-6.5E-1,-7.98E0));
#6027=CARTESIAN_POINT('',(-1.873E1,-6.5E-1,-7.3E0));
#6028=VERTEX_POINT('',#6026);
#6029=VERTEX_POINT('',#6027);
#6030=CARTESIAN_POINT('',(-1.873E1,1.05E0,-7.3E0));
#6031=VERTEX_POINT('',#6030);
#6032=CARTESIAN_POINT('',(-1.873E1,1.05E0,-7.4E0));
#6033=VERTEX_POINT('',#6032);
#6034=CARTESIAN_POINT('',(-1.683E1,-6.5E-1,-7.98E0));
#6035=CARTESIAN_POINT('',(-1.683E1,-6.5E-1,-7.3E0));
#6036=VERTEX_POINT('',#6034);
#6037=VERTEX_POINT('',#6035);
#6038=CARTESIAN_POINT('',(-1.683E1,1.05E0,-7.3E0));
#6039=VERTEX_POINT('',#6038);
#6040=CARTESIAN_POINT('',(-1.683E1,1.05E0,-7.4E0));
#6041=VERTEX_POINT('',#6040);
#6042=CARTESIAN_POINT('',(-1.873E1,-5.5E-1,-8.2E0));
#6043=CARTESIAN_POINT('',(-1.873E1,-1.55E0,-8.2E0));
#6044=VERTEX_POINT('',#6042);
#6045=VERTEX_POINT('',#6043);
#6046=CARTESIAN_POINT('',(-1.683E1,-5.5E-1,-8.2E0));
#6047=CARTESIAN_POINT('',(-1.683E1,-1.55E0,-8.2E0));
#6048=VERTEX_POINT('',#6046);
#6049=VERTEX_POINT('',#6047);
#6050=CARTESIAN_POINT('',(-1.873E1,2.57E0,-7.4E0));
#6051=VERTEX_POINT('',#6050);
#6052=CARTESIAN_POINT('',(-1.683E1,2.57E0,-7.4E0));
#6053=VERTEX_POINT('',#6052);
#6054=CARTESIAN_POINT('',(-1.365E1,-6.5E-1,-7.98E0));
#6055=CARTESIAN_POINT('',(-1.365E1,-6.5E-1,-7.3E0));
#6056=VERTEX_POINT('',#6054);
#6057=VERTEX_POINT('',#6055);
#6058=CARTESIAN_POINT('',(-1.365E1,1.05E0,-7.3E0));
#6059=VERTEX_POINT('',#6058);
#6060=CARTESIAN_POINT('',(-1.365E1,1.05E0,-7.4E0));
#6061=VERTEX_POINT('',#6060);
#6062=CARTESIAN_POINT('',(-1.175E1,-6.5E-1,-7.98E0));
#6063=CARTESIAN_POINT('',(-1.175E1,-6.5E-1,-7.3E0));
#6064=VERTEX_POINT('',#6062);
#6065=VERTEX_POINT('',#6063);
#6066=CARTESIAN_POINT('',(-1.175E1,1.05E0,-7.3E0));
#6067=VERTEX_POINT('',#6066);
#6068=CARTESIAN_POINT('',(-1.175E1,1.05E0,-7.4E0));
#6069=VERTEX_POINT('',#6068);
#6070=CARTESIAN_POINT('',(-1.365E1,-5.5E-1,-8.2E0));
#6071=CARTESIAN_POINT('',(-1.365E1,-1.55E0,-8.2E0));
#6072=VERTEX_POINT('',#6070);
#6073=VERTEX_POINT('',#6071);
#6074=CARTESIAN_POINT('',(-1.175E1,-5.5E-1,-8.2E0));
#6075=CARTESIAN_POINT('',(-1.175E1,-1.55E0,-8.2E0));
#6076=VERTEX_POINT('',#6074);
#6077=VERTEX_POINT('',#6075);
#6078=CARTESIAN_POINT('',(-1.365E1,2.57E0,-7.4E0));
#6079=VERTEX_POINT('',#6078);
#6080=CARTESIAN_POINT('',(-1.175E1,2.57E0,-7.4E0));
#6081=VERTEX_POINT('',#6080);
#6082=CARTESIAN_POINT('',(-8.57E0,-6.5E-1,-7.98E0));
#6083=CARTESIAN_POINT('',(-8.57E0,-6.5E-1,-7.3E0));
#6084=VERTEX_POINT('',#6082);
#6085=VERTEX_POINT('',#6083);
#6086=CARTESIAN_POINT('',(-8.57E0,1.05E0,-7.3E0));
#6087=VERTEX_POINT('',#6086);
#6088=CARTESIAN_POINT('',(-8.57E0,1.05E0,-7.4E0));
#6089=VERTEX_POINT('',#6088);
#6090=CARTESIAN_POINT('',(-6.67E0,-6.5E-1,-7.98E0));
#6091=CARTESIAN_POINT('',(-6.67E0,-6.5E-1,-7.3E0));
#6092=VERTEX_POINT('',#6090);
#6093=VERTEX_POINT('',#6091);
#6094=CARTESIAN_POINT('',(-6.67E0,1.05E0,-7.3E0));
#6095=VERTEX_POINT('',#6094);
#6096=CARTESIAN_POINT('',(-6.67E0,1.05E0,-7.4E0));
#6097=VERTEX_POINT('',#6096);
#6098=CARTESIAN_POINT('',(-8.57E0,-5.5E-1,-8.2E0));
#6099=CARTESIAN_POINT('',(-8.57E0,-1.55E0,-8.2E0));
#6100=VERTEX_POINT('',#6098);
#6101=VERTEX_POINT('',#6099);
#6102=CARTESIAN_POINT('',(-6.67E0,-5.5E-1,-8.2E0));
#6103=CARTESIAN_POINT('',(-6.67E0,-1.55E0,-8.2E0));
#6104=VERTEX_POINT('',#6102);
#6105=VERTEX_POINT('',#6103);
#6106=CARTESIAN_POINT('',(-8.57E0,2.57E0,-7.4E0));
#6107=VERTEX_POINT('',#6106);
#6108=CARTESIAN_POINT('',(-6.67E0,2.57E0,-7.4E0));
#6109=VERTEX_POINT('',#6108);
#6110=CARTESIAN_POINT('',(-3.49E0,-6.5E-1,-7.98E0));
#6111=CARTESIAN_POINT('',(-3.49E0,-6.5E-1,-7.3E0));
#6112=VERTEX_POINT('',#6110);
#6113=VERTEX_POINT('',#6111);
#6114=CARTESIAN_POINT('',(-3.49E0,1.05E0,-7.3E0));
#6115=VERTEX_POINT('',#6114);
#6116=CARTESIAN_POINT('',(-3.49E0,1.05E0,-7.4E0));
#6117=VERTEX_POINT('',#6116);
#6118=CARTESIAN_POINT('',(-1.59E0,-6.5E-1,-7.98E0));
#6119=CARTESIAN_POINT('',(-1.59E0,-6.5E-1,-7.3E0));
#6120=VERTEX_POINT('',#6118);
#6121=VERTEX_POINT('',#6119);
#6122=CARTESIAN_POINT('',(-1.59E0,1.05E0,-7.3E0));
#6123=VERTEX_POINT('',#6122);
#6124=CARTESIAN_POINT('',(-1.59E0,1.05E0,-7.4E0));
#6125=VERTEX_POINT('',#6124);
#6126=CARTESIAN_POINT('',(-3.49E0,-5.5E-1,-8.2E0));
#6127=CARTESIAN_POINT('',(-3.49E0,-1.55E0,-8.2E0));
#6128=VERTEX_POINT('',#6126);
#6129=VERTEX_POINT('',#6127);
#6130=CARTESIAN_POINT('',(-1.59E0,-5.5E-1,-8.2E0));
#6131=CARTESIAN_POINT('',(-1.59E0,-1.55E0,-8.2E0));
#6132=VERTEX_POINT('',#6130);
#6133=VERTEX_POINT('',#6131);
#6134=CARTESIAN_POINT('',(-3.49E0,2.57E0,-7.4E0));
#6135=VERTEX_POINT('',#6134);
#6136=CARTESIAN_POINT('',(-1.59E0,2.57E0,-7.4E0));
#6137=VERTEX_POINT('',#6136);
#6138=CARTESIAN_POINT('',(-3.4395E1,1.05E0,-1.9E0));
#6139=CARTESIAN_POINT('',(-3.4395E1,-1.05E0,-1.9E0));
#6140=VERTEX_POINT('',#6138);
#6141=VERTEX_POINT('',#6139);
#6142=CARTESIAN_POINT('',(-3.1645E1,-1.05E0,-1.9E0));
#6143=VERTEX_POINT('',#6142);
#6144=CARTESIAN_POINT('',(-3.1645E1,1.05E0,-1.9E0));
#6145=VERTEX_POINT('',#6144);
#6146=CARTESIAN_POINT('',(-3.477E1,-1.85E0,0.E0));
#6147=CARTESIAN_POINT('',(-3.127E1,-1.85E0,0.E0));
#6148=VERTEX_POINT('',#6146);
#6149=VERTEX_POINT('',#6147);
#6150=CARTESIAN_POINT('',(-3.477E1,2.25E0,0.E0));
#6151=CARTESIAN_POINT('',(-3.463184210526E1,2.25E0,-7.E-1));
#6152=VERTEX_POINT('',#6150);
#6153=VERTEX_POINT('',#6151);
#6154=CARTESIAN_POINT('',(-3.127E1,2.25E0,0.E0));
#6155=CARTESIAN_POINT('',(-3.140815789474E1,2.25E0,-7.E-1));
#6156=VERTEX_POINT('',#6154);
#6157=VERTEX_POINT('',#6155);
#6158=CARTESIAN_POINT('',(-2.9315E1,1.05E0,-1.9E0));
#6159=CARTESIAN_POINT('',(-2.9315E1,-1.05E0,-1.9E0));
#6160=VERTEX_POINT('',#6158);
#6161=VERTEX_POINT('',#6159);
#6162=CARTESIAN_POINT('',(-2.6565E1,-1.05E0,-1.9E0));
#6163=VERTEX_POINT('',#6162);
#6164=CARTESIAN_POINT('',(-2.6565E1,1.05E0,-1.9E0));
#6165=VERTEX_POINT('',#6164);
#6166=CARTESIAN_POINT('',(-2.969E1,-1.85E0,0.E0));
#6167=CARTESIAN_POINT('',(-2.619E1,-1.85E0,0.E0));
#6168=VERTEX_POINT('',#6166);
#6169=VERTEX_POINT('',#6167);
#6170=CARTESIAN_POINT('',(-2.4235E1,1.05E0,-1.9E0));
#6171=CARTESIAN_POINT('',(-2.4235E1,-1.05E0,-1.9E0));
#6172=VERTEX_POINT('',#6170);
#6173=VERTEX_POINT('',#6171);
#6174=CARTESIAN_POINT('',(-2.1485E1,-1.05E0,-1.9E0));
#6175=VERTEX_POINT('',#6174);
#6176=CARTESIAN_POINT('',(-2.1485E1,1.05E0,-1.9E0));
#6177=VERTEX_POINT('',#6176);
#6178=CARTESIAN_POINT('',(-2.461E1,-1.85E0,0.E0));
#6179=CARTESIAN_POINT('',(-2.111E1,-1.85E0,0.E0));
#6180=VERTEX_POINT('',#6178);
#6181=VERTEX_POINT('',#6179);
#6182=CARTESIAN_POINT('',(-1.9155E1,1.05E0,-1.9E0));
#6183=CARTESIAN_POINT('',(-1.9155E1,-1.05E0,-1.9E0));
#6184=VERTEX_POINT('',#6182);
#6185=VERTEX_POINT('',#6183);
#6186=CARTESIAN_POINT('',(-1.6405E1,-1.05E0,-1.9E0));
#6187=VERTEX_POINT('',#6186);
#6188=CARTESIAN_POINT('',(-1.6405E1,1.05E0,-1.9E0));
#6189=VERTEX_POINT('',#6188);
#6190=CARTESIAN_POINT('',(-1.953E1,-1.85E0,0.E0));
#6191=CARTESIAN_POINT('',(-1.603E1,-1.85E0,0.E0));
#6192=VERTEX_POINT('',#6190);
#6193=VERTEX_POINT('',#6191);
#6194=CARTESIAN_POINT('',(-1.4075E1,1.05E0,-1.9E0));
#6195=CARTESIAN_POINT('',(-1.4075E1,-1.05E0,-1.9E0));
#6196=VERTEX_POINT('',#6194);
#6197=VERTEX_POINT('',#6195);
#6198=CARTESIAN_POINT('',(-1.1325E1,-1.05E0,-1.9E0));
#6199=VERTEX_POINT('',#6198);
#6200=CARTESIAN_POINT('',(-1.1325E1,1.05E0,-1.9E0));
#6201=VERTEX_POINT('',#6200);
#6202=CARTESIAN_POINT('',(-1.445E1,-1.85E0,0.E0));
#6203=CARTESIAN_POINT('',(-1.095E1,-1.85E0,0.E0));
#6204=VERTEX_POINT('',#6202);
#6205=VERTEX_POINT('',#6203);
#6206=CARTESIAN_POINT('',(-8.995E0,1.05E0,-1.9E0));
#6207=CARTESIAN_POINT('',(-8.995E0,-1.05E0,-1.9E0));
#6208=VERTEX_POINT('',#6206);
#6209=VERTEX_POINT('',#6207);
#6210=CARTESIAN_POINT('',(-6.245E0,-1.05E0,-1.9E0));
#6211=VERTEX_POINT('',#6210);
#6212=CARTESIAN_POINT('',(-6.245E0,1.05E0,-1.9E0));
#6213=VERTEX_POINT('',#6212);
#6214=CARTESIAN_POINT('',(-9.37E0,-1.85E0,0.E0));
#6215=CARTESIAN_POINT('',(-5.87E0,-1.85E0,0.E0));
#6216=VERTEX_POINT('',#6214);
#6217=VERTEX_POINT('',#6215);
#6218=CARTESIAN_POINT('',(-3.915E0,1.05E0,-1.9E0));
#6219=CARTESIAN_POINT('',(-3.915E0,-1.05E0,-1.9E0));
#6220=VERTEX_POINT('',#6218);
#6221=VERTEX_POINT('',#6219);
#6222=CARTESIAN_POINT('',(-1.165E0,-1.05E0,-1.9E0));
#6223=VERTEX_POINT('',#6222);
#6224=CARTESIAN_POINT('',(-1.165E0,1.05E0,-1.9E0));
#6225=VERTEX_POINT('',#6224);
#6226=CARTESIAN_POINT('',(-4.29E0,-1.85E0,0.E0));
#6227=CARTESIAN_POINT('',(-7.9E-1,-1.85E0,0.E0));
#6228=VERTEX_POINT('',#6226);
#6229=VERTEX_POINT('',#6227);
#6230=CARTESIAN_POINT('',(-2.969E1,2.25E0,0.E0));
#6231=CARTESIAN_POINT('',(-2.955184210526E1,2.25E0,-7.E-1));
#6232=VERTEX_POINT('',#6230);
#6233=VERTEX_POINT('',#6231);
#6234=CARTESIAN_POINT('',(-2.619E1,2.25E0,0.E0));
#6235=CARTESIAN_POINT('',(-2.632815789474E1,2.25E0,-7.E-1));
#6236=VERTEX_POINT('',#6234);
#6237=VERTEX_POINT('',#6235);
#6238=CARTESIAN_POINT('',(-2.461E1,2.25E0,0.E0));
#6239=CARTESIAN_POINT('',(-2.447184210526E1,2.25E0,-7.E-1));
#6240=VERTEX_POINT('',#6238);
#6241=VERTEX_POINT('',#6239);
#6242=CARTESIAN_POINT('',(-2.111E1,2.25E0,0.E0));
#6243=CARTESIAN_POINT('',(-2.124815789474E1,2.25E0,-7.E-1));
#6244=VERTEX_POINT('',#6242);
#6245=VERTEX_POINT('',#6243);
#6246=CARTESIAN_POINT('',(-1.953E1,2.25E0,0.E0));
#6247=CARTESIAN_POINT('',(-1.939184210526E1,2.25E0,-7.E-1));
#6248=VERTEX_POINT('',#6246);
#6249=VERTEX_POINT('',#6247);
#6250=CARTESIAN_POINT('',(-1.603E1,2.25E0,0.E0));
#6251=CARTESIAN_POINT('',(-1.616815789474E1,2.25E0,-7.E-1));
#6252=VERTEX_POINT('',#6250);
#6253=VERTEX_POINT('',#6251);
#6254=CARTESIAN_POINT('',(-1.445E1,2.25E0,0.E0));
#6255=CARTESIAN_POINT('',(-1.431184210526E1,2.25E0,-7.E-1));
#6256=VERTEX_POINT('',#6254);
#6257=VERTEX_POINT('',#6255);
#6258=CARTESIAN_POINT('',(-1.095E1,2.25E0,0.E0));
#6259=CARTESIAN_POINT('',(-1.108815789474E1,2.25E0,-7.E-1));
#6260=VERTEX_POINT('',#6258);
#6261=VERTEX_POINT('',#6259);
#6262=CARTESIAN_POINT('',(-9.37E0,2.25E0,0.E0));
#6263=CARTESIAN_POINT('',(-9.231842105263E0,2.25E0,-7.E-1));
#6264=VERTEX_POINT('',#6262);
#6265=VERTEX_POINT('',#6263);
#6266=CARTESIAN_POINT('',(-5.87E0,2.25E0,0.E0));
#6267=CARTESIAN_POINT('',(-6.008157894737E0,2.25E0,-7.E-1));
#6268=VERTEX_POINT('',#6266);
#6269=VERTEX_POINT('',#6267);
#6270=CARTESIAN_POINT('',(-4.29E0,2.25E0,0.E0));
#6271=CARTESIAN_POINT('',(-4.151842105263E0,2.25E0,-7.E-1));
#6272=VERTEX_POINT('',#6270);
#6273=VERTEX_POINT('',#6271);
#6274=CARTESIAN_POINT('',(-7.9E-1,2.25E0,0.E0));
#6275=CARTESIAN_POINT('',(-9.281578947368E-1,2.25E0,-7.E-1));
#6276=VERTEX_POINT('',#6274);
#6277=VERTEX_POINT('',#6275);
#6278=CARTESIAN_POINT('',(-2.998E1,6.25E0,-5.2E0));
#6279=CARTESIAN_POINT('',(-3.098E1,6.25E0,-5.2E0));
#6280=VERTEX_POINT('',#6278);
#6281=VERTEX_POINT('',#6279);
#6282=CARTESIAN_POINT('',(-2.998E1,7.25E0,-5.2E0));
#6283=CARTESIAN_POINT('',(-3.098E1,7.25E0,-5.2E0));
#6284=VERTEX_POINT('',#6282);
#6285=VERTEX_POINT('',#6283);
#6286=CARTESIAN_POINT('',(-2.49E1,6.25E0,-5.2E0));
#6287=CARTESIAN_POINT('',(-2.59E1,6.25E0,-5.2E0));
#6288=VERTEX_POINT('',#6286);
#6289=VERTEX_POINT('',#6287);
#6290=CARTESIAN_POINT('',(-2.49E1,7.25E0,-5.2E0));
#6291=CARTESIAN_POINT('',(-2.59E1,7.25E0,-5.2E0));
#6292=VERTEX_POINT('',#6290);
#6293=VERTEX_POINT('',#6291);
#6294=CARTESIAN_POINT('',(-1.982E1,6.25E0,-5.2E0));
#6295=CARTESIAN_POINT('',(-2.082E1,6.25E0,-5.2E0));
#6296=VERTEX_POINT('',#6294);
#6297=VERTEX_POINT('',#6295);
#6298=CARTESIAN_POINT('',(-1.982E1,7.25E0,-5.2E0));
#6299=CARTESIAN_POINT('',(-2.082E1,7.25E0,-5.2E0));
#6300=VERTEX_POINT('',#6298);
#6301=VERTEX_POINT('',#6299);
#6302=CARTESIAN_POINT('',(-1.474E1,6.25E0,-5.2E0));
#6303=CARTESIAN_POINT('',(-1.574E1,6.25E0,-5.2E0));
#6304=VERTEX_POINT('',#6302);
#6305=VERTEX_POINT('',#6303);
#6306=CARTESIAN_POINT('',(-1.474E1,7.25E0,-5.2E0));
#6307=CARTESIAN_POINT('',(-1.574E1,7.25E0,-5.2E0));
#6308=VERTEX_POINT('',#6306);
#6309=VERTEX_POINT('',#6307);
#6310=CARTESIAN_POINT('',(-9.66E0,6.25E0,-5.2E0));
#6311=CARTESIAN_POINT('',(-1.066E1,6.25E0,-5.2E0));
#6312=VERTEX_POINT('',#6310);
#6313=VERTEX_POINT('',#6311);
#6314=CARTESIAN_POINT('',(-9.66E0,7.25E0,-5.2E0));
#6315=CARTESIAN_POINT('',(-1.066E1,7.25E0,-5.2E0));
#6316=VERTEX_POINT('',#6314);
#6317=VERTEX_POINT('',#6315);
#6318=CARTESIAN_POINT('',(-4.58E0,6.25E0,-5.2E0));
#6319=CARTESIAN_POINT('',(-5.58E0,6.25E0,-5.2E0));
#6320=VERTEX_POINT('',#6318);
#6321=VERTEX_POINT('',#6319);
#6322=CARTESIAN_POINT('',(-4.58E0,7.25E0,-5.2E0));
#6323=CARTESIAN_POINT('',(-5.58E0,7.25E0,-5.2E0));
#6324=VERTEX_POINT('',#6322);
#6325=VERTEX_POINT('',#6323);
#6326=CARTESIAN_POINT('',(-2.839E1,-5.25E0,-4.35E0));
#6327=CARTESIAN_POINT('',(-2.819E1,-6.25E0,-4.35E0));
#6328=VERTEX_POINT('',#6326);
#6329=VERTEX_POINT('',#6327);
#6330=CARTESIAN_POINT('',(-2.769E1,-6.25E0,-4.35E0));
#6331=VERTEX_POINT('',#6330);
#6332=CARTESIAN_POINT('',(-2.749E1,-5.25E0,-4.35E0));
#6333=VERTEX_POINT('',#6332);
#6334=CARTESIAN_POINT('',(-2.839E1,-5.25E0,-3.85E0));
#6335=CARTESIAN_POINT('',(-2.819E1,-6.25E0,-3.85E0));
#6336=VERTEX_POINT('',#6334);
#6337=VERTEX_POINT('',#6335);
#6338=CARTESIAN_POINT('',(-2.769E1,-6.25E0,-3.85E0));
#6339=VERTEX_POINT('',#6338);
#6340=CARTESIAN_POINT('',(-2.749E1,-5.25E0,-3.85E0));
#6341=VERTEX_POINT('',#6340);
#6342=CARTESIAN_POINT('',(-2.839E1,-2.55E0,-4.35E0));
#6343=CARTESIAN_POINT('',(-2.749E1,-2.55E0,-4.35E0));
#6344=VERTEX_POINT('',#6342);
#6345=VERTEX_POINT('',#6343);
#6346=CARTESIAN_POINT('',(-2.839E1,-2.55E0,-3.85E0));
#6347=CARTESIAN_POINT('',(-2.749E1,-2.55E0,-3.85E0));
#6348=VERTEX_POINT('',#6346);
#6349=VERTEX_POINT('',#6347);
#6350=CARTESIAN_POINT('',(-2.331E1,-5.25E0,-4.35E0));
#6351=CARTESIAN_POINT('',(-2.311E1,-6.25E0,-4.35E0));
#6352=VERTEX_POINT('',#6350);
#6353=VERTEX_POINT('',#6351);
#6354=CARTESIAN_POINT('',(-2.261E1,-6.25E0,-4.35E0));
#6355=VERTEX_POINT('',#6354);
#6356=CARTESIAN_POINT('',(-2.241E1,-5.25E0,-4.35E0));
#6357=VERTEX_POINT('',#6356);
#6358=CARTESIAN_POINT('',(-2.331E1,-5.25E0,-3.85E0));
#6359=CARTESIAN_POINT('',(-2.311E1,-6.25E0,-3.85E0));
#6360=VERTEX_POINT('',#6358);
#6361=VERTEX_POINT('',#6359);
#6362=CARTESIAN_POINT('',(-2.261E1,-6.25E0,-3.85E0));
#6363=VERTEX_POINT('',#6362);
#6364=CARTESIAN_POINT('',(-2.241E1,-5.25E0,-3.85E0));
#6365=VERTEX_POINT('',#6364);
#6366=CARTESIAN_POINT('',(-2.331E1,-2.55E0,-4.35E0));
#6367=CARTESIAN_POINT('',(-2.241E1,-2.55E0,-4.35E0));
#6368=VERTEX_POINT('',#6366);
#6369=VERTEX_POINT('',#6367);
#6370=CARTESIAN_POINT('',(-2.331E1,-2.55E0,-3.85E0));
#6371=CARTESIAN_POINT('',(-2.241E1,-2.55E0,-3.85E0));
#6372=VERTEX_POINT('',#6370);
#6373=VERTEX_POINT('',#6371);
#6374=CARTESIAN_POINT('',(-1.823E1,-5.25E0,-4.35E0));
#6375=CARTESIAN_POINT('',(-1.803E1,-6.25E0,-4.35E0));
#6376=VERTEX_POINT('',#6374);
#6377=VERTEX_POINT('',#6375);
#6378=CARTESIAN_POINT('',(-1.753E1,-6.25E0,-4.35E0));
#6379=VERTEX_POINT('',#6378);
#6380=CARTESIAN_POINT('',(-1.733E1,-5.25E0,-4.35E0));
#6381=VERTEX_POINT('',#6380);
#6382=CARTESIAN_POINT('',(-1.823E1,-5.25E0,-3.85E0));
#6383=CARTESIAN_POINT('',(-1.803E1,-6.25E0,-3.85E0));
#6384=VERTEX_POINT('',#6382);
#6385=VERTEX_POINT('',#6383);
#6386=CARTESIAN_POINT('',(-1.753E1,-6.25E0,-3.85E0));
#6387=VERTEX_POINT('',#6386);
#6388=CARTESIAN_POINT('',(-1.733E1,-5.25E0,-3.85E0));
#6389=VERTEX_POINT('',#6388);
#6390=CARTESIAN_POINT('',(-1.823E1,-2.55E0,-4.35E0));
#6391=CARTESIAN_POINT('',(-1.733E1,-2.55E0,-4.35E0));
#6392=VERTEX_POINT('',#6390);
#6393=VERTEX_POINT('',#6391);
#6394=CARTESIAN_POINT('',(-1.823E1,-2.55E0,-3.85E0));
#6395=CARTESIAN_POINT('',(-1.733E1,-2.55E0,-3.85E0));
#6396=VERTEX_POINT('',#6394);
#6397=VERTEX_POINT('',#6395);
#6398=CARTESIAN_POINT('',(-1.315E1,-5.25E0,-4.35E0));
#6399=CARTESIAN_POINT('',(-1.295E1,-6.25E0,-4.35E0));
#6400=VERTEX_POINT('',#6398);
#6401=VERTEX_POINT('',#6399);
#6402=CARTESIAN_POINT('',(-1.245E1,-6.25E0,-4.35E0));
#6403=VERTEX_POINT('',#6402);
#6404=CARTESIAN_POINT('',(-1.225E1,-5.25E0,-4.35E0));
#6405=VERTEX_POINT('',#6404);
#6406=CARTESIAN_POINT('',(-1.315E1,-5.25E0,-3.85E0));
#6407=CARTESIAN_POINT('',(-1.295E1,-6.25E0,-3.85E0));
#6408=VERTEX_POINT('',#6406);
#6409=VERTEX_POINT('',#6407);
#6410=CARTESIAN_POINT('',(-1.245E1,-6.25E0,-3.85E0));
#6411=VERTEX_POINT('',#6410);
#6412=CARTESIAN_POINT('',(-1.225E1,-5.25E0,-3.85E0));
#6413=VERTEX_POINT('',#6412);
#6414=CARTESIAN_POINT('',(-1.315E1,-2.55E0,-4.35E0));
#6415=CARTESIAN_POINT('',(-1.225E1,-2.55E0,-4.35E0));
#6416=VERTEX_POINT('',#6414);
#6417=VERTEX_POINT('',#6415);
#6418=CARTESIAN_POINT('',(-1.315E1,-2.55E0,-3.85E0));
#6419=CARTESIAN_POINT('',(-1.225E1,-2.55E0,-3.85E0));
#6420=VERTEX_POINT('',#6418);
#6421=VERTEX_POINT('',#6419);
#6422=CARTESIAN_POINT('',(-8.07E0,-5.25E0,-4.35E0));
#6423=CARTESIAN_POINT('',(-7.87E0,-6.25E0,-4.35E0));
#6424=VERTEX_POINT('',#6422);
#6425=VERTEX_POINT('',#6423);
#6426=CARTESIAN_POINT('',(-7.37E0,-6.25E0,-4.35E0));
#6427=VERTEX_POINT('',#6426);
#6428=CARTESIAN_POINT('',(-7.17E0,-5.25E0,-4.35E0));
#6429=VERTEX_POINT('',#6428);
#6430=CARTESIAN_POINT('',(-8.07E0,-5.25E0,-3.85E0));
#6431=CARTESIAN_POINT('',(-7.87E0,-6.25E0,-3.85E0));
#6432=VERTEX_POINT('',#6430);
#6433=VERTEX_POINT('',#6431);
#6434=CARTESIAN_POINT('',(-7.37E0,-6.25E0,-3.85E0));
#6435=VERTEX_POINT('',#6434);
#6436=CARTESIAN_POINT('',(-7.17E0,-5.25E0,-3.85E0));
#6437=VERTEX_POINT('',#6436);
#6438=CARTESIAN_POINT('',(-8.07E0,-2.55E0,-4.35E0));
#6439=CARTESIAN_POINT('',(-7.17E0,-2.55E0,-4.35E0));
#6440=VERTEX_POINT('',#6438);
#6441=VERTEX_POINT('',#6439);
#6442=CARTESIAN_POINT('',(-8.07E0,-2.55E0,-3.85E0));
#6443=CARTESIAN_POINT('',(-7.17E0,-2.55E0,-3.85E0));
#6444=VERTEX_POINT('',#6442);
#6445=VERTEX_POINT('',#6443);
#6446=CARTESIAN_POINT('',(-2.99E0,-5.25E0,-4.35E0));
#6447=CARTESIAN_POINT('',(-2.79E0,-6.25E0,-4.35E0));
#6448=VERTEX_POINT('',#6446);
#6449=VERTEX_POINT('',#6447);
#6450=CARTESIAN_POINT('',(-2.29E0,-6.25E0,-4.35E0));
#6451=VERTEX_POINT('',#6450);
#6452=CARTESIAN_POINT('',(-2.09E0,-5.25E0,-4.35E0));
#6453=VERTEX_POINT('',#6452);
#6454=CARTESIAN_POINT('',(-2.99E0,-5.25E0,-3.85E0));
#6455=CARTESIAN_POINT('',(-2.79E0,-6.25E0,-3.85E0));
#6456=VERTEX_POINT('',#6454);
#6457=VERTEX_POINT('',#6455);
#6458=CARTESIAN_POINT('',(-2.29E0,-6.25E0,-3.85E0));
#6459=VERTEX_POINT('',#6458);
#6460=CARTESIAN_POINT('',(-2.09E0,-5.25E0,-3.85E0));
#6461=VERTEX_POINT('',#6460);
#6462=CARTESIAN_POINT('',(-2.99E0,-2.55E0,-4.35E0));
#6463=CARTESIAN_POINT('',(-2.09E0,-2.55E0,-4.35E0));
#6464=VERTEX_POINT('',#6462);
#6465=VERTEX_POINT('',#6463);
#6466=CARTESIAN_POINT('',(-2.99E0,-2.55E0,-3.85E0));
#6467=CARTESIAN_POINT('',(-2.09E0,-2.55E0,-3.85E0));
#6468=VERTEX_POINT('',#6466);
#6469=VERTEX_POINT('',#6467);
#6470=CARTESIAN_POINT('',(4.24E0,7.25E0,-3.85E0));
#6471=CARTESIAN_POINT('',(8.4E-1,7.25E0,-3.85E0));
#6472=VERTEX_POINT('',#6470);
#6473=VERTEX_POINT('',#6471);
#6474=CARTESIAN_POINT('',(9.32E0,7.25E0,-3.85E0));
#6475=CARTESIAN_POINT('',(5.92E0,7.25E0,-3.85E0));
#6476=VERTEX_POINT('',#6474);
#6477=VERTEX_POINT('',#6475);
#6478=CARTESIAN_POINT('',(1.44E1,7.25E0,-3.85E0));
#6479=CARTESIAN_POINT('',(1.1E1,7.25E0,-3.85E0));
#6480=VERTEX_POINT('',#6478);
#6481=VERTEX_POINT('',#6479);
#6482=CARTESIAN_POINT('',(1.948E1,7.25E0,-3.85E0));
#6483=CARTESIAN_POINT('',(1.608E1,7.25E0,-3.85E0));
#6484=VERTEX_POINT('',#6482);
#6485=VERTEX_POINT('',#6483);
#6486=CARTESIAN_POINT('',(2.456E1,7.25E0,-3.85E0));
#6487=CARTESIAN_POINT('',(2.116E1,7.25E0,-3.85E0));
#6488=VERTEX_POINT('',#6486);
#6489=VERTEX_POINT('',#6487);
#6490=CARTESIAN_POINT('',(2.964E1,7.25E0,-3.85E0));
#6491=CARTESIAN_POINT('',(2.624E1,7.25E0,-3.85E0));
#6492=VERTEX_POINT('',#6490);
#6493=VERTEX_POINT('',#6491);
#6494=CARTESIAN_POINT('',(3.472E1,7.25E0,-3.85E0));
#6495=CARTESIAN_POINT('',(3.132E1,7.25E0,-3.85E0));
#6496=VERTEX_POINT('',#6494);
#6497=VERTEX_POINT('',#6495);
#6498=CARTESIAN_POINT('',(-3.132E1,6.25E0,-3.85E0));
#6499=VERTEX_POINT('',#6498);
#6500=CARTESIAN_POINT('',(-2.624E1,6.25E0,-3.85E0));
#6501=VERTEX_POINT('',#6500);
#6502=CARTESIAN_POINT('',(-2.116E1,6.25E0,-3.85E0));
#6503=VERTEX_POINT('',#6502);
#6504=CARTESIAN_POINT('',(-1.608E1,6.25E0,-3.85E0));
#6505=VERTEX_POINT('',#6504);
#6506=CARTESIAN_POINT('',(-1.1E1,6.25E0,-3.85E0));
#6507=VERTEX_POINT('',#6506);
#6508=CARTESIAN_POINT('',(-5.92E0,6.25E0,-3.85E0));
#6509=VERTEX_POINT('',#6508);
#6510=CARTESIAN_POINT('',(-8.4E-1,6.25E0,-3.85E0));
#6511=VERTEX_POINT('',#6510);
#6512=CARTESIAN_POINT('',(8.818760601210E-1,5.75E0,-4.225E0));
#6513=CARTESIAN_POINT('',(8.818760601210E-1,5.75E0,-3.475E0));
#6514=VERTEX_POINT('',#6512);
#6515=VERTEX_POINT('',#6513);
#6516=CARTESIAN_POINT('',(4.198123939879E0,5.75E0,-3.475E0));
#6517=VERTEX_POINT('',#6516);
#6518=CARTESIAN_POINT('',(4.198123939879E0,5.75E0,-4.225E0));
#6519=VERTEX_POINT('',#6518);
#6520=CARTESIAN_POINT('',(8.4E-1,6.25E0,-3.85E0));
#6521=CARTESIAN_POINT('',(8.818760601210E-1,6.25E0,-3.475E0));
#6522=VERTEX_POINT('',#6520);
#6523=VERTEX_POINT('',#6521);
#6524=CARTESIAN_POINT('',(4.198123939879E0,6.25E0,-3.475E0));
#6525=VERTEX_POINT('',#6524);
#6526=CARTESIAN_POINT('',(4.24E0,6.25E0,-3.85E0));
#6527=VERTEX_POINT('',#6526);
#6528=CARTESIAN_POINT('',(4.198123939879E0,6.25E0,-4.225E0));
#6529=CARTESIAN_POINT('',(8.818760601210E-1,6.25E0,-4.225E0));
#6530=VERTEX_POINT('',#6528);
#6531=VERTEX_POINT('',#6529);
#6532=CARTESIAN_POINT('',(5.961876060121E0,5.75E0,-4.225E0));
#6533=CARTESIAN_POINT('',(5.961876060121E0,5.75E0,-3.475E0));
#6534=VERTEX_POINT('',#6532);
#6535=VERTEX_POINT('',#6533);
#6536=CARTESIAN_POINT('',(9.278123939879E0,5.75E0,-3.475E0));
#6537=VERTEX_POINT('',#6536);
#6538=CARTESIAN_POINT('',(9.278123939879E0,5.75E0,-4.225E0));
#6539=VERTEX_POINT('',#6538);
#6540=CARTESIAN_POINT('',(5.92E0,6.25E0,-3.85E0));
#6541=CARTESIAN_POINT('',(5.961876060121E0,6.25E0,-3.475E0));
#6542=VERTEX_POINT('',#6540);
#6543=VERTEX_POINT('',#6541);
#6544=CARTESIAN_POINT('',(9.278123939879E0,6.25E0,-3.475E0));
#6545=VERTEX_POINT('',#6544);
#6546=CARTESIAN_POINT('',(9.32E0,6.25E0,-3.85E0));
#6547=VERTEX_POINT('',#6546);
#6548=CARTESIAN_POINT('',(9.278123939879E0,6.25E0,-4.225E0));
#6549=CARTESIAN_POINT('',(5.961876060121E0,6.25E0,-4.225E0));
#6550=VERTEX_POINT('',#6548);
#6551=VERTEX_POINT('',#6549);
#6552=CARTESIAN_POINT('',(1.104187606012E1,5.75E0,-4.225E0));
#6553=CARTESIAN_POINT('',(1.104187606012E1,5.75E0,-3.475E0));
#6554=VERTEX_POINT('',#6552);
#6555=VERTEX_POINT('',#6553);
#6556=CARTESIAN_POINT('',(1.435812393988E1,5.75E0,-3.475E0));
#6557=VERTEX_POINT('',#6556);
#6558=CARTESIAN_POINT('',(1.435812393988E1,5.75E0,-4.225E0));
#6559=VERTEX_POINT('',#6558);
#6560=CARTESIAN_POINT('',(1.1E1,6.25E0,-3.85E0));
#6561=CARTESIAN_POINT('',(1.104187606012E1,6.25E0,-3.475E0));
#6562=VERTEX_POINT('',#6560);
#6563=VERTEX_POINT('',#6561);
#6564=CARTESIAN_POINT('',(1.435812393988E1,6.25E0,-3.475E0));
#6565=VERTEX_POINT('',#6564);
#6566=CARTESIAN_POINT('',(1.44E1,6.25E0,-3.85E0));
#6567=VERTEX_POINT('',#6566);
#6568=CARTESIAN_POINT('',(1.435812393988E1,6.25E0,-4.225E0));
#6569=CARTESIAN_POINT('',(1.104187606012E1,6.25E0,-4.225E0));
#6570=VERTEX_POINT('',#6568);
#6571=VERTEX_POINT('',#6569);
#6572=CARTESIAN_POINT('',(1.612187606012E1,5.75E0,-4.225E0));
#6573=CARTESIAN_POINT('',(1.612187606012E1,5.75E0,-3.475E0));
#6574=VERTEX_POINT('',#6572);
#6575=VERTEX_POINT('',#6573);
#6576=CARTESIAN_POINT('',(1.943812393988E1,5.75E0,-3.475E0));
#6577=VERTEX_POINT('',#6576);
#6578=CARTESIAN_POINT('',(1.943812393988E1,5.75E0,-4.225E0));
#6579=VERTEX_POINT('',#6578);
#6580=CARTESIAN_POINT('',(1.608E1,6.25E0,-3.85E0));
#6581=CARTESIAN_POINT('',(1.612187606012E1,6.25E0,-3.475E0));
#6582=VERTEX_POINT('',#6580);
#6583=VERTEX_POINT('',#6581);
#6584=CARTESIAN_POINT('',(1.943812393988E1,6.25E0,-3.475E0));
#6585=VERTEX_POINT('',#6584);
#6586=CARTESIAN_POINT('',(1.948E1,6.25E0,-3.85E0));
#6587=VERTEX_POINT('',#6586);
#6588=CARTESIAN_POINT('',(1.943812393988E1,6.25E0,-4.225E0));
#6589=CARTESIAN_POINT('',(1.612187606012E1,6.25E0,-4.225E0));
#6590=VERTEX_POINT('',#6588);
#6591=VERTEX_POINT('',#6589);
#6592=CARTESIAN_POINT('',(2.120187606012E1,5.75E0,-4.225E0));
#6593=CARTESIAN_POINT('',(2.120187606012E1,5.75E0,-3.475E0));
#6594=VERTEX_POINT('',#6592);
#6595=VERTEX_POINT('',#6593);
#6596=CARTESIAN_POINT('',(2.451812393988E1,5.75E0,-3.475E0));
#6597=VERTEX_POINT('',#6596);
#6598=CARTESIAN_POINT('',(2.451812393988E1,5.75E0,-4.225E0));
#6599=VERTEX_POINT('',#6598);
#6600=CARTESIAN_POINT('',(2.116E1,6.25E0,-3.85E0));
#6601=CARTESIAN_POINT('',(2.120187606012E1,6.25E0,-3.475E0));
#6602=VERTEX_POINT('',#6600);
#6603=VERTEX_POINT('',#6601);
#6604=CARTESIAN_POINT('',(2.451812393988E1,6.25E0,-3.475E0));
#6605=VERTEX_POINT('',#6604);
#6606=CARTESIAN_POINT('',(2.456E1,6.25E0,-3.85E0));
#6607=VERTEX_POINT('',#6606);
#6608=CARTESIAN_POINT('',(2.451812393988E1,6.25E0,-4.225E0));
#6609=CARTESIAN_POINT('',(2.120187606012E1,6.25E0,-4.225E0));
#6610=VERTEX_POINT('',#6608);
#6611=VERTEX_POINT('',#6609);
#6612=CARTESIAN_POINT('',(2.628187606012E1,5.75E0,-4.225E0));
#6613=CARTESIAN_POINT('',(2.628187606012E1,5.75E0,-3.475E0));
#6614=VERTEX_POINT('',#6612);
#6615=VERTEX_POINT('',#6613);
#6616=CARTESIAN_POINT('',(2.959812393988E1,5.75E0,-3.475E0));
#6617=VERTEX_POINT('',#6616);
#6618=CARTESIAN_POINT('',(2.959812393988E1,5.75E0,-4.225E0));
#6619=VERTEX_POINT('',#6618);
#6620=CARTESIAN_POINT('',(2.624E1,6.25E0,-3.85E0));
#6621=CARTESIAN_POINT('',(2.628187606012E1,6.25E0,-3.475E0));
#6622=VERTEX_POINT('',#6620);
#6623=VERTEX_POINT('',#6621);
#6624=CARTESIAN_POINT('',(2.959812393988E1,6.25E0,-3.475E0));
#6625=VERTEX_POINT('',#6624);
#6626=CARTESIAN_POINT('',(2.964E1,6.25E0,-3.85E0));
#6627=VERTEX_POINT('',#6626);
#6628=CARTESIAN_POINT('',(2.959812393988E1,6.25E0,-4.225E0));
#6629=CARTESIAN_POINT('',(2.628187606012E1,6.25E0,-4.225E0));
#6630=VERTEX_POINT('',#6628);
#6631=VERTEX_POINT('',#6629);
#6632=CARTESIAN_POINT('',(3.136187606012E1,5.75E0,-4.225E0));
#6633=CARTESIAN_POINT('',(3.136187606012E1,5.75E0,-3.475E0));
#6634=VERTEX_POINT('',#6632);
#6635=VERTEX_POINT('',#6633);
#6636=CARTESIAN_POINT('',(3.467812393988E1,5.75E0,-3.475E0));
#6637=VERTEX_POINT('',#6636);
#6638=CARTESIAN_POINT('',(3.467812393988E1,5.75E0,-4.225E0));
#6639=VERTEX_POINT('',#6638);
#6640=CARTESIAN_POINT('',(3.132E1,6.25E0,-3.85E0));
#6641=CARTESIAN_POINT('',(3.136187606012E1,6.25E0,-3.475E0));
#6642=VERTEX_POINT('',#6640);
#6643=VERTEX_POINT('',#6641);
#6644=CARTESIAN_POINT('',(3.467812393988E1,6.25E0,-3.475E0));
#6645=VERTEX_POINT('',#6644);
#6646=CARTESIAN_POINT('',(3.472E1,6.25E0,-3.85E0));
#6647=VERTEX_POINT('',#6646);
#6648=CARTESIAN_POINT('',(3.467812393988E1,6.25E0,-4.225E0));
#6649=CARTESIAN_POINT('',(3.136187606012E1,6.25E0,-4.225E0));
#6650=VERTEX_POINT('',#6648);
#6651=VERTEX_POINT('',#6649);
#6652=CARTESIAN_POINT('',(4.64E0,-2.75E0,0.E0));
#6653=CARTESIAN_POINT('',(4.64E0,-2.75E0,-8.2E0));
#6654=VERTEX_POINT('',#6652);
#6655=VERTEX_POINT('',#6653);
#6656=CARTESIAN_POINT('',(4.4E-1,-2.75E0,0.E0));
#6657=CARTESIAN_POINT('',(4.4E-1,-2.75E0,-8.2E0));
#6658=VERTEX_POINT('',#6656);
#6659=VERTEX_POINT('',#6657);
#6660=CARTESIAN_POINT('',(4.64E0,-2.55E0,-8.2E0));
#6661=VERTEX_POINT('',#6660);
#6662=CARTESIAN_POINT('',(4.4E-1,-2.55E0,-8.2E0));
#6663=VERTEX_POINT('',#6662);
#6664=CARTESIAN_POINT('',(4.64E0,-2.55E0,0.E0));
#6665=VERTEX_POINT('',#6664);
#6666=CARTESIAN_POINT('',(4.4E-1,-2.55E0,0.E0));
#6667=VERTEX_POINT('',#6666);
#6668=CARTESIAN_POINT('',(9.72E0,-2.75E0,0.E0));
#6669=CARTESIAN_POINT('',(9.72E0,-2.75E0,-8.2E0));
#6670=VERTEX_POINT('',#6668);
#6671=VERTEX_POINT('',#6669);
#6672=CARTESIAN_POINT('',(5.52E0,-2.75E0,0.E0));
#6673=CARTESIAN_POINT('',(5.52E0,-2.75E0,-8.2E0));
#6674=VERTEX_POINT('',#6672);
#6675=VERTEX_POINT('',#6673);
#6676=CARTESIAN_POINT('',(9.72E0,-2.55E0,-8.2E0));
#6677=VERTEX_POINT('',#6676);
#6678=CARTESIAN_POINT('',(5.52E0,-2.55E0,-8.2E0));
#6679=VERTEX_POINT('',#6678);
#6680=CARTESIAN_POINT('',(9.72E0,-2.55E0,0.E0));
#6681=VERTEX_POINT('',#6680);
#6682=CARTESIAN_POINT('',(5.52E0,-2.55E0,0.E0));
#6683=VERTEX_POINT('',#6682);
#6684=CARTESIAN_POINT('',(1.48E1,-2.75E0,0.E0));
#6685=CARTESIAN_POINT('',(1.48E1,-2.75E0,-8.2E0));
#6686=VERTEX_POINT('',#6684);
#6687=VERTEX_POINT('',#6685);
#6688=CARTESIAN_POINT('',(1.06E1,-2.75E0,0.E0));
#6689=CARTESIAN_POINT('',(1.06E1,-2.75E0,-8.2E0));
#6690=VERTEX_POINT('',#6688);
#6691=VERTEX_POINT('',#6689);
#6692=CARTESIAN_POINT('',(1.48E1,-2.55E0,-8.2E0));
#6693=VERTEX_POINT('',#6692);
#6694=CARTESIAN_POINT('',(1.06E1,-2.55E0,-8.2E0));
#6695=VERTEX_POINT('',#6694);
#6696=CARTESIAN_POINT('',(1.48E1,-2.55E0,0.E0));
#6697=VERTEX_POINT('',#6696);
#6698=CARTESIAN_POINT('',(1.06E1,-2.55E0,0.E0));
#6699=VERTEX_POINT('',#6698);
#6700=CARTESIAN_POINT('',(1.988E1,-2.75E0,0.E0));
#6701=CARTESIAN_POINT('',(1.988E1,-2.75E0,-8.2E0));
#6702=VERTEX_POINT('',#6700);
#6703=VERTEX_POINT('',#6701);
#6704=CARTESIAN_POINT('',(1.568E1,-2.75E0,0.E0));
#6705=CARTESIAN_POINT('',(1.568E1,-2.75E0,-8.2E0));
#6706=VERTEX_POINT('',#6704);
#6707=VERTEX_POINT('',#6705);
#6708=CARTESIAN_POINT('',(1.988E1,-2.55E0,-8.2E0));
#6709=VERTEX_POINT('',#6708);
#6710=CARTESIAN_POINT('',(1.568E1,-2.55E0,-8.2E0));
#6711=VERTEX_POINT('',#6710);
#6712=CARTESIAN_POINT('',(1.988E1,-2.55E0,0.E0));
#6713=VERTEX_POINT('',#6712);
#6714=CARTESIAN_POINT('',(1.568E1,-2.55E0,0.E0));
#6715=VERTEX_POINT('',#6714);
#6716=CARTESIAN_POINT('',(2.496E1,-2.75E0,0.E0));
#6717=CARTESIAN_POINT('',(2.496E1,-2.75E0,-8.2E0));
#6718=VERTEX_POINT('',#6716);
#6719=VERTEX_POINT('',#6717);
#6720=CARTESIAN_POINT('',(2.076E1,-2.75E0,0.E0));
#6721=CARTESIAN_POINT('',(2.076E1,-2.75E0,-8.2E0));
#6722=VERTEX_POINT('',#6720);
#6723=VERTEX_POINT('',#6721);
#6724=CARTESIAN_POINT('',(2.496E1,-2.55E0,-8.2E0));
#6725=VERTEX_POINT('',#6724);
#6726=CARTESIAN_POINT('',(2.076E1,-2.55E0,-8.2E0));
#6727=VERTEX_POINT('',#6726);
#6728=CARTESIAN_POINT('',(2.496E1,-2.55E0,0.E0));
#6729=VERTEX_POINT('',#6728);
#6730=CARTESIAN_POINT('',(2.076E1,-2.55E0,0.E0));
#6731=VERTEX_POINT('',#6730);
#6732=CARTESIAN_POINT('',(3.004E1,-2.75E0,0.E0));
#6733=CARTESIAN_POINT('',(3.004E1,-2.75E0,-8.2E0));
#6734=VERTEX_POINT('',#6732);
#6735=VERTEX_POINT('',#6733);
#6736=CARTESIAN_POINT('',(2.584E1,-2.75E0,0.E0));
#6737=CARTESIAN_POINT('',(2.584E1,-2.75E0,-8.2E0));
#6738=VERTEX_POINT('',#6736);
#6739=VERTEX_POINT('',#6737);
#6740=CARTESIAN_POINT('',(3.004E1,-2.55E0,-8.2E0));
#6741=VERTEX_POINT('',#6740);
#6742=CARTESIAN_POINT('',(2.584E1,-2.55E0,-8.2E0));
#6743=VERTEX_POINT('',#6742);
#6744=CARTESIAN_POINT('',(3.004E1,-2.55E0,0.E0));
#6745=VERTEX_POINT('',#6744);
#6746=CARTESIAN_POINT('',(2.584E1,-2.55E0,0.E0));
#6747=VERTEX_POINT('',#6746);
#6748=CARTESIAN_POINT('',(3.512E1,-2.75E0,0.E0));
#6749=CARTESIAN_POINT('',(3.512E1,-2.75E0,-3.234073181039E-1));
#6750=VERTEX_POINT('',#6748);
#6751=VERTEX_POINT('',#6749);
#6752=CARTESIAN_POINT('',(3.092E1,-2.75E0,0.E0));
#6753=CARTESIAN_POINT('',(3.092E1,-2.75E0,-8.2E0));
#6754=VERTEX_POINT('',#6752);
#6755=VERTEX_POINT('',#6753);
#6756=CARTESIAN_POINT('',(3.512E1,-2.75E0,-8.2E0));
#6757=CARTESIAN_POINT('',(3.512E1,-2.55E0,-8.2E0));
#6758=VERTEX_POINT('',#6756);
#6759=VERTEX_POINT('',#6757);
#6760=CARTESIAN_POINT('',(3.092E1,-2.55E0,-8.2E0));
#6761=VERTEX_POINT('',#6760);
#6762=CARTESIAN_POINT('',(3.512E1,-2.55E0,0.E0));
#6763=VERTEX_POINT('',#6762);
#6764=CARTESIAN_POINT('',(3.092E1,-2.55E0,0.E0));
#6765=VERTEX_POINT('',#6764);
#6766=CARTESIAN_POINT('',(3.512E1,-2.55E0,-3.234073181039E-1));
#6767=VERTEX_POINT('',#6766);
#6768=CARTESIAN_POINT('',(3.512E1,-2.75E0,-1.276592681896E0));
#6769=VERTEX_POINT('',#6768);
#6770=CARTESIAN_POINT('',(3.509321244034E1,-2.55E0,-3.113895611957E-1));
#6771=VERTEX_POINT('',#6770);
#6772=CARTESIAN_POINT('',(3.491E1,-2.55E0,-4.3E-1));
#6773=VERTEX_POINT('',#6772);
#6774=CARTESIAN_POINT('',(3.491E1,-2.55E0,-1.17E0));
#6775=VERTEX_POINT('',#6774);
#6776=CARTESIAN_POINT('',(3.509321244034E1,-2.55E0,-1.288610438804E0));
#6777=VERTEX_POINT('',#6776);
#6778=CARTESIAN_POINT('',(3.512E1,-2.55E0,-1.276592681896E0));
#6779=VERTEX_POINT('',#6778);
#6780=CARTESIAN_POINT('',(2.09E0,-5.25E0,-4.35E0));
#6781=CARTESIAN_POINT('',(2.29E0,-6.25E0,-4.35E0));
#6782=VERTEX_POINT('',#6780);
#6783=VERTEX_POINT('',#6781);
#6784=CARTESIAN_POINT('',(2.79E0,-6.25E0,-4.35E0));
#6785=VERTEX_POINT('',#6784);
#6786=CARTESIAN_POINT('',(2.99E0,-5.25E0,-4.35E0));
#6787=VERTEX_POINT('',#6786);
#6788=CARTESIAN_POINT('',(2.09E0,-5.25E0,-3.85E0));
#6789=CARTESIAN_POINT('',(2.29E0,-6.25E0,-3.85E0));
#6790=VERTEX_POINT('',#6788);
#6791=VERTEX_POINT('',#6789);
#6792=CARTESIAN_POINT('',(2.79E0,-6.25E0,-3.85E0));
#6793=VERTEX_POINT('',#6792);
#6794=CARTESIAN_POINT('',(2.99E0,-5.25E0,-3.85E0));
#6795=VERTEX_POINT('',#6794);
#6796=CARTESIAN_POINT('',(2.09E0,-2.55E0,-4.35E0));
#6797=CARTESIAN_POINT('',(2.99E0,-2.55E0,-4.35E0));
#6798=VERTEX_POINT('',#6796);
#6799=VERTEX_POINT('',#6797);
#6800=CARTESIAN_POINT('',(2.09E0,-2.55E0,-3.85E0));
#6801=CARTESIAN_POINT('',(2.99E0,-2.55E0,-3.85E0));
#6802=VERTEX_POINT('',#6800);
#6803=VERTEX_POINT('',#6801);
#6804=CARTESIAN_POINT('',(7.17E0,-5.25E0,-4.35E0));
#6805=CARTESIAN_POINT('',(7.37E0,-6.25E0,-4.35E0));
#6806=VERTEX_POINT('',#6804);
#6807=VERTEX_POINT('',#6805);
#6808=CARTESIAN_POINT('',(7.87E0,-6.25E0,-4.35E0));
#6809=VERTEX_POINT('',#6808);
#6810=CARTESIAN_POINT('',(8.07E0,-5.25E0,-4.35E0));
#6811=VERTEX_POINT('',#6810);
#6812=CARTESIAN_POINT('',(7.17E0,-5.25E0,-3.85E0));
#6813=CARTESIAN_POINT('',(7.37E0,-6.25E0,-3.85E0));
#6814=VERTEX_POINT('',#6812);
#6815=VERTEX_POINT('',#6813);
#6816=CARTESIAN_POINT('',(7.87E0,-6.25E0,-3.85E0));
#6817=VERTEX_POINT('',#6816);
#6818=CARTESIAN_POINT('',(8.07E0,-5.25E0,-3.85E0));
#6819=VERTEX_POINT('',#6818);
#6820=CARTESIAN_POINT('',(7.17E0,-2.55E0,-4.35E0));
#6821=CARTESIAN_POINT('',(8.07E0,-2.55E0,-4.35E0));
#6822=VERTEX_POINT('',#6820);
#6823=VERTEX_POINT('',#6821);
#6824=CARTESIAN_POINT('',(7.17E0,-2.55E0,-3.85E0));
#6825=CARTESIAN_POINT('',(8.07E0,-2.55E0,-3.85E0));
#6826=VERTEX_POINT('',#6824);
#6827=VERTEX_POINT('',#6825);
#6828=CARTESIAN_POINT('',(1.225E1,-5.25E0,-4.35E0));
#6829=CARTESIAN_POINT('',(1.245E1,-6.25E0,-4.35E0));
#6830=VERTEX_POINT('',#6828);
#6831=VERTEX_POINT('',#6829);
#6832=CARTESIAN_POINT('',(1.295E1,-6.25E0,-4.35E0));
#6833=VERTEX_POINT('',#6832);
#6834=CARTESIAN_POINT('',(1.315E1,-5.25E0,-4.35E0));
#6835=VERTEX_POINT('',#6834);
#6836=CARTESIAN_POINT('',(1.225E1,-5.25E0,-3.85E0));
#6837=CARTESIAN_POINT('',(1.245E1,-6.25E0,-3.85E0));
#6838=VERTEX_POINT('',#6836);
#6839=VERTEX_POINT('',#6837);
#6840=CARTESIAN_POINT('',(1.295E1,-6.25E0,-3.85E0));
#6841=VERTEX_POINT('',#6840);
#6842=CARTESIAN_POINT('',(1.315E1,-5.25E0,-3.85E0));
#6843=VERTEX_POINT('',#6842);
#6844=CARTESIAN_POINT('',(1.225E1,-2.55E0,-4.35E0));
#6845=CARTESIAN_POINT('',(1.315E1,-2.55E0,-4.35E0));
#6846=VERTEX_POINT('',#6844);
#6847=VERTEX_POINT('',#6845);
#6848=CARTESIAN_POINT('',(1.225E1,-2.55E0,-3.85E0));
#6849=CARTESIAN_POINT('',(1.315E1,-2.55E0,-3.85E0));
#6850=VERTEX_POINT('',#6848);
#6851=VERTEX_POINT('',#6849);
#6852=CARTESIAN_POINT('',(1.733E1,-5.25E0,-4.35E0));
#6853=CARTESIAN_POINT('',(1.753E1,-6.25E0,-4.35E0));
#6854=VERTEX_POINT('',#6852);
#6855=VERTEX_POINT('',#6853);
#6856=CARTESIAN_POINT('',(1.803E1,-6.25E0,-4.35E0));
#6857=VERTEX_POINT('',#6856);
#6858=CARTESIAN_POINT('',(1.823E1,-5.25E0,-4.35E0));
#6859=VERTEX_POINT('',#6858);
#6860=CARTESIAN_POINT('',(1.733E1,-5.25E0,-3.85E0));
#6861=CARTESIAN_POINT('',(1.753E1,-6.25E0,-3.85E0));
#6862=VERTEX_POINT('',#6860);
#6863=VERTEX_POINT('',#6861);
#6864=CARTESIAN_POINT('',(1.803E1,-6.25E0,-3.85E0));
#6865=VERTEX_POINT('',#6864);
#6866=CARTESIAN_POINT('',(1.823E1,-5.25E0,-3.85E0));
#6867=VERTEX_POINT('',#6866);
#6868=CARTESIAN_POINT('',(1.733E1,-2.55E0,-4.35E0));
#6869=CARTESIAN_POINT('',(1.823E1,-2.55E0,-4.35E0));
#6870=VERTEX_POINT('',#6868);
#6871=VERTEX_POINT('',#6869);
#6872=CARTESIAN_POINT('',(1.733E1,-2.55E0,-3.85E0));
#6873=CARTESIAN_POINT('',(1.823E1,-2.55E0,-3.85E0));
#6874=VERTEX_POINT('',#6872);
#6875=VERTEX_POINT('',#6873);
#6876=CARTESIAN_POINT('',(2.241E1,-5.25E0,-4.35E0));
#6877=CARTESIAN_POINT('',(2.261E1,-6.25E0,-4.35E0));
#6878=VERTEX_POINT('',#6876);
#6879=VERTEX_POINT('',#6877);
#6880=CARTESIAN_POINT('',(2.311E1,-6.25E0,-4.35E0));
#6881=VERTEX_POINT('',#6880);
#6882=CARTESIAN_POINT('',(2.331E1,-5.25E0,-4.35E0));
#6883=VERTEX_POINT('',#6882);
#6884=CARTESIAN_POINT('',(2.241E1,-5.25E0,-3.85E0));
#6885=CARTESIAN_POINT('',(2.261E1,-6.25E0,-3.85E0));
#6886=VERTEX_POINT('',#6884);
#6887=VERTEX_POINT('',#6885);
#6888=CARTESIAN_POINT('',(2.311E1,-6.25E0,-3.85E0));
#6889=VERTEX_POINT('',#6888);
#6890=CARTESIAN_POINT('',(2.331E1,-5.25E0,-3.85E0));
#6891=VERTEX_POINT('',#6890);
#6892=CARTESIAN_POINT('',(2.241E1,-2.55E0,-4.35E0));
#6893=CARTESIAN_POINT('',(2.331E1,-2.55E0,-4.35E0));
#6894=VERTEX_POINT('',#6892);
#6895=VERTEX_POINT('',#6893);
#6896=CARTESIAN_POINT('',(2.241E1,-2.55E0,-3.85E0));
#6897=CARTESIAN_POINT('',(2.331E1,-2.55E0,-3.85E0));
#6898=VERTEX_POINT('',#6896);
#6899=VERTEX_POINT('',#6897);
#6900=CARTESIAN_POINT('',(2.749E1,-5.25E0,-4.35E0));
#6901=CARTESIAN_POINT('',(2.769E1,-6.25E0,-4.35E0));
#6902=VERTEX_POINT('',#6900);
#6903=VERTEX_POINT('',#6901);
#6904=CARTESIAN_POINT('',(2.819E1,-6.25E0,-4.35E0));
#6905=VERTEX_POINT('',#6904);
#6906=CARTESIAN_POINT('',(2.839E1,-5.25E0,-4.35E0));
#6907=VERTEX_POINT('',#6906);
#6908=CARTESIAN_POINT('',(2.749E1,-5.25E0,-3.85E0));
#6909=CARTESIAN_POINT('',(2.769E1,-6.25E0,-3.85E0));
#6910=VERTEX_POINT('',#6908);
#6911=VERTEX_POINT('',#6909);
#6912=CARTESIAN_POINT('',(2.819E1,-6.25E0,-3.85E0));
#6913=VERTEX_POINT('',#6912);
#6914=CARTESIAN_POINT('',(2.839E1,-5.25E0,-3.85E0));
#6915=VERTEX_POINT('',#6914);
#6916=CARTESIAN_POINT('',(2.749E1,-2.55E0,-4.35E0));
#6917=CARTESIAN_POINT('',(2.839E1,-2.55E0,-4.35E0));
#6918=VERTEX_POINT('',#6916);
#6919=VERTEX_POINT('',#6917);
#6920=CARTESIAN_POINT('',(2.749E1,-2.55E0,-3.85E0));
#6921=CARTESIAN_POINT('',(2.839E1,-2.55E0,-3.85E0));
#6922=VERTEX_POINT('',#6920);
#6923=VERTEX_POINT('',#6921);
#6924=CARTESIAN_POINT('',(3.257E1,-5.25E0,-4.35E0));
#6925=CARTESIAN_POINT('',(3.277E1,-6.25E0,-4.35E0));
#6926=VERTEX_POINT('',#6924);
#6927=VERTEX_POINT('',#6925);
#6928=CARTESIAN_POINT('',(3.327E1,-6.25E0,-4.35E0));
#6929=VERTEX_POINT('',#6928);
#6930=CARTESIAN_POINT('',(3.347E1,-5.25E0,-4.35E0));
#6931=VERTEX_POINT('',#6930);
#6932=CARTESIAN_POINT('',(3.257E1,-5.25E0,-3.85E0));
#6933=CARTESIAN_POINT('',(3.277E1,-6.25E0,-3.85E0));
#6934=VERTEX_POINT('',#6932);
#6935=VERTEX_POINT('',#6933);
#6936=CARTESIAN_POINT('',(3.327E1,-6.25E0,-3.85E0));
#6937=VERTEX_POINT('',#6936);
#6938=CARTESIAN_POINT('',(3.347E1,-5.25E0,-3.85E0));
#6939=VERTEX_POINT('',#6938);
#6940=CARTESIAN_POINT('',(3.257E1,-2.55E0,-4.35E0));
#6941=CARTESIAN_POINT('',(3.347E1,-2.55E0,-4.35E0));
#6942=VERTEX_POINT('',#6940);
#6943=VERTEX_POINT('',#6941);
#6944=CARTESIAN_POINT('',(3.257E1,-2.55E0,-3.85E0));
#6945=CARTESIAN_POINT('',(3.347E1,-2.55E0,-3.85E0));
#6946=VERTEX_POINT('',#6944);
#6947=VERTEX_POINT('',#6945);
#6948=CARTESIAN_POINT('',(1.59E0,-6.5E-1,-7.98E0));
#6949=CARTESIAN_POINT('',(1.59E0,-6.5E-1,-7.3E0));
#6950=VERTEX_POINT('',#6948);
#6951=VERTEX_POINT('',#6949);
#6952=CARTESIAN_POINT('',(1.59E0,1.05E0,-7.3E0));
#6953=VERTEX_POINT('',#6952);
#6954=CARTESIAN_POINT('',(1.59E0,1.05E0,-7.4E0));
#6955=VERTEX_POINT('',#6954);
#6956=CARTESIAN_POINT('',(3.49E0,-6.5E-1,-7.98E0));
#6957=CARTESIAN_POINT('',(3.49E0,-6.5E-1,-7.3E0));
#6958=VERTEX_POINT('',#6956);
#6959=VERTEX_POINT('',#6957);
#6960=CARTESIAN_POINT('',(3.49E0,1.05E0,-7.3E0));
#6961=VERTEX_POINT('',#6960);
#6962=CARTESIAN_POINT('',(3.49E0,1.05E0,-7.4E0));
#6963=VERTEX_POINT('',#6962);
#6964=CARTESIAN_POINT('',(1.59E0,-5.5E-1,-8.2E0));
#6965=CARTESIAN_POINT('',(1.59E0,-1.55E0,-8.2E0));
#6966=VERTEX_POINT('',#6964);
#6967=VERTEX_POINT('',#6965);
#6968=CARTESIAN_POINT('',(3.49E0,-5.5E-1,-8.2E0));
#6969=CARTESIAN_POINT('',(3.49E0,-1.55E0,-8.2E0));
#6970=VERTEX_POINT('',#6968);
#6971=VERTEX_POINT('',#6969);
#6972=CARTESIAN_POINT('',(1.59E0,2.57E0,-7.4E0));
#6973=VERTEX_POINT('',#6972);
#6974=CARTESIAN_POINT('',(3.49E0,2.57E0,-7.4E0));
#6975=VERTEX_POINT('',#6974);
#6976=CARTESIAN_POINT('',(1.165E0,1.05E0,-1.9E0));
#6977=CARTESIAN_POINT('',(1.165E0,-1.05E0,-1.9E0));
#6978=VERTEX_POINT('',#6976);
#6979=VERTEX_POINT('',#6977);
#6980=CARTESIAN_POINT('',(3.915E0,-1.05E0,-1.9E0));
#6981=VERTEX_POINT('',#6980);
#6982=CARTESIAN_POINT('',(3.915E0,1.05E0,-1.9E0));
#6983=VERTEX_POINT('',#6982);
#6984=CARTESIAN_POINT('',(7.9E-1,-1.85E0,0.E0));
#6985=CARTESIAN_POINT('',(4.29E0,-1.85E0,0.E0));
#6986=VERTEX_POINT('',#6984);
#6987=VERTEX_POINT('',#6985);
#6988=CARTESIAN_POINT('',(6.67E0,-6.5E-1,-7.98E0));
#6989=CARTESIAN_POINT('',(6.67E0,-6.5E-1,-7.3E0));
#6990=VERTEX_POINT('',#6988);
#6991=VERTEX_POINT('',#6989);
#6992=CARTESIAN_POINT('',(6.67E0,1.05E0,-7.3E0));
#6993=VERTEX_POINT('',#6992);
#6994=CARTESIAN_POINT('',(6.67E0,1.05E0,-7.4E0));
#6995=VERTEX_POINT('',#6994);
#6996=CARTESIAN_POINT('',(8.57E0,-6.5E-1,-7.98E0));
#6997=CARTESIAN_POINT('',(8.57E0,-6.5E-1,-7.3E0));
#6998=VERTEX_POINT('',#6996);
#6999=VERTEX_POINT('',#6997);
#7000=CARTESIAN_POINT('',(8.57E0,1.05E0,-7.3E0));
#7001=VERTEX_POINT('',#7000);
#7002=CARTESIAN_POINT('',(8.57E0,1.05E0,-7.4E0));
#7003=VERTEX_POINT('',#7002);
#7004=CARTESIAN_POINT('',(6.67E0,-5.5E-1,-8.2E0));
#7005=CARTESIAN_POINT('',(6.67E0,-1.55E0,-8.2E0));
#7006=VERTEX_POINT('',#7004);
#7007=VERTEX_POINT('',#7005);
#7008=CARTESIAN_POINT('',(8.57E0,-5.5E-1,-8.2E0));
#7009=CARTESIAN_POINT('',(8.57E0,-1.55E0,-8.2E0));
#7010=VERTEX_POINT('',#7008);
#7011=VERTEX_POINT('',#7009);
#7012=CARTESIAN_POINT('',(6.67E0,2.57E0,-7.4E0));
#7013=VERTEX_POINT('',#7012);
#7014=CARTESIAN_POINT('',(8.57E0,2.57E0,-7.4E0));
#7015=VERTEX_POINT('',#7014);
#7016=CARTESIAN_POINT('',(6.245E0,1.05E0,-1.9E0));
#7017=CARTESIAN_POINT('',(6.245E0,-1.05E0,-1.9E0));
#7018=VERTEX_POINT('',#7016);
#7019=VERTEX_POINT('',#7017);
#7020=CARTESIAN_POINT('',(8.995E0,-1.05E0,-1.9E0));
#7021=VERTEX_POINT('',#7020);
#7022=CARTESIAN_POINT('',(8.995E0,1.05E0,-1.9E0));
#7023=VERTEX_POINT('',#7022);
#7024=CARTESIAN_POINT('',(5.87E0,-1.85E0,0.E0));
#7025=CARTESIAN_POINT('',(9.37E0,-1.85E0,0.E0));
#7026=VERTEX_POINT('',#7024);
#7027=VERTEX_POINT('',#7025);
#7028=CARTESIAN_POINT('',(1.175E1,-6.5E-1,-7.98E0));
#7029=CARTESIAN_POINT('',(1.175E1,-6.5E-1,-7.3E0));
#7030=VERTEX_POINT('',#7028);
#7031=VERTEX_POINT('',#7029);
#7032=CARTESIAN_POINT('',(1.175E1,1.05E0,-7.3E0));
#7033=VERTEX_POINT('',#7032);
#7034=CARTESIAN_POINT('',(1.175E1,1.05E0,-7.4E0));
#7035=VERTEX_POINT('',#7034);
#7036=CARTESIAN_POINT('',(1.365E1,-6.5E-1,-7.98E0));
#7037=CARTESIAN_POINT('',(1.365E1,-6.5E-1,-7.3E0));
#7038=VERTEX_POINT('',#7036);
#7039=VERTEX_POINT('',#7037);
#7040=CARTESIAN_POINT('',(1.365E1,1.05E0,-7.3E0));
#7041=VERTEX_POINT('',#7040);
#7042=CARTESIAN_POINT('',(1.365E1,1.05E0,-7.4E0));
#7043=VERTEX_POINT('',#7042);
#7044=CARTESIAN_POINT('',(1.175E1,-5.5E-1,-8.2E0));
#7045=CARTESIAN_POINT('',(1.175E1,-1.55E0,-8.2E0));
#7046=VERTEX_POINT('',#7044);
#7047=VERTEX_POINT('',#7045);
#7048=CARTESIAN_POINT('',(1.365E1,-5.5E-1,-8.2E0));
#7049=CARTESIAN_POINT('',(1.365E1,-1.55E0,-8.2E0));
#7050=VERTEX_POINT('',#7048);
#7051=VERTEX_POINT('',#7049);
#7052=CARTESIAN_POINT('',(1.175E1,2.57E0,-7.4E0));
#7053=VERTEX_POINT('',#7052);
#7054=CARTESIAN_POINT('',(1.365E1,2.57E0,-7.4E0));
#7055=VERTEX_POINT('',#7054);
#7056=CARTESIAN_POINT('',(1.1325E1,1.05E0,-1.9E0));
#7057=CARTESIAN_POINT('',(1.1325E1,-1.05E0,-1.9E0));
#7058=VERTEX_POINT('',#7056);
#7059=VERTEX_POINT('',#7057);
#7060=CARTESIAN_POINT('',(1.4075E1,-1.05E0,-1.9E0));
#7061=VERTEX_POINT('',#7060);
#7062=CARTESIAN_POINT('',(1.4075E1,1.05E0,-1.9E0));
#7063=VERTEX_POINT('',#7062);
#7064=CARTESIAN_POINT('',(1.095E1,-1.85E0,0.E0));
#7065=CARTESIAN_POINT('',(1.445E1,-1.85E0,0.E0));
#7066=VERTEX_POINT('',#7064);
#7067=VERTEX_POINT('',#7065);
#7068=CARTESIAN_POINT('',(1.683E1,-6.5E-1,-7.98E0));
#7069=CARTESIAN_POINT('',(1.683E1,-6.5E-1,-7.3E0));
#7070=VERTEX_POINT('',#7068);
#7071=VERTEX_POINT('',#7069);
#7072=CARTESIAN_POINT('',(1.683E1,1.05E0,-7.3E0));
#7073=VERTEX_POINT('',#7072);
#7074=CARTESIAN_POINT('',(1.683E1,1.05E0,-7.4E0));
#7075=VERTEX_POINT('',#7074);
#7076=CARTESIAN_POINT('',(1.873E1,-6.5E-1,-7.98E0));
#7077=CARTESIAN_POINT('',(1.873E1,-6.5E-1,-7.3E0));
#7078=VERTEX_POINT('',#7076);
#7079=VERTEX_POINT('',#7077);
#7080=CARTESIAN_POINT('',(1.873E1,1.05E0,-7.3E0));
#7081=VERTEX_POINT('',#7080);
#7082=CARTESIAN_POINT('',(1.873E1,1.05E0,-7.4E0));
#7083=VERTEX_POINT('',#7082);
#7084=CARTESIAN_POINT('',(1.683E1,-5.5E-1,-8.2E0));
#7085=CARTESIAN_POINT('',(1.683E1,-1.55E0,-8.2E0));
#7086=VERTEX_POINT('',#7084);
#7087=VERTEX_POINT('',#7085);
#7088=CARTESIAN_POINT('',(1.873E1,-5.5E-1,-8.2E0));
#7089=CARTESIAN_POINT('',(1.873E1,-1.55E0,-8.2E0));
#7090=VERTEX_POINT('',#7088);
#7091=VERTEX_POINT('',#7089);
#7092=CARTESIAN_POINT('',(1.683E1,2.57E0,-7.4E0));
#7093=VERTEX_POINT('',#7092);
#7094=CARTESIAN_POINT('',(1.873E1,2.57E0,-7.4E0));
#7095=VERTEX_POINT('',#7094);
#7096=CARTESIAN_POINT('',(1.6405E1,1.05E0,-1.9E0));
#7097=CARTESIAN_POINT('',(1.6405E1,-1.05E0,-1.9E0));
#7098=VERTEX_POINT('',#7096);
#7099=VERTEX_POINT('',#7097);
#7100=CARTESIAN_POINT('',(1.9155E1,-1.05E0,-1.9E0));
#7101=VERTEX_POINT('',#7100);
#7102=CARTESIAN_POINT('',(1.9155E1,1.05E0,-1.9E0));
#7103=VERTEX_POINT('',#7102);
#7104=CARTESIAN_POINT('',(1.603E1,-1.85E0,0.E0));
#7105=CARTESIAN_POINT('',(1.953E1,-1.85E0,0.E0));
#7106=VERTEX_POINT('',#7104);
#7107=VERTEX_POINT('',#7105);
#7108=CARTESIAN_POINT('',(2.191E1,-6.5E-1,-7.98E0));
#7109=CARTESIAN_POINT('',(2.191E1,-6.5E-1,-7.3E0));
#7110=VERTEX_POINT('',#7108);
#7111=VERTEX_POINT('',#7109);
#7112=CARTESIAN_POINT('',(2.191E1,1.05E0,-7.3E0));
#7113=VERTEX_POINT('',#7112);
#7114=CARTESIAN_POINT('',(2.191E1,1.05E0,-7.4E0));
#7115=VERTEX_POINT('',#7114);
#7116=CARTESIAN_POINT('',(2.381E1,-6.5E-1,-7.98E0));
#7117=CARTESIAN_POINT('',(2.381E1,-6.5E-1,-7.3E0));
#7118=VERTEX_POINT('',#7116);
#7119=VERTEX_POINT('',#7117);
#7120=CARTESIAN_POINT('',(2.381E1,1.05E0,-7.3E0));
#7121=VERTEX_POINT('',#7120);
#7122=CARTESIAN_POINT('',(2.381E1,1.05E0,-7.4E0));
#7123=VERTEX_POINT('',#7122);
#7124=CARTESIAN_POINT('',(2.191E1,-5.5E-1,-8.2E0));
#7125=CARTESIAN_POINT('',(2.191E1,-1.55E0,-8.2E0));
#7126=VERTEX_POINT('',#7124);
#7127=VERTEX_POINT('',#7125);
#7128=CARTESIAN_POINT('',(2.381E1,-5.5E-1,-8.2E0));
#7129=CARTESIAN_POINT('',(2.381E1,-1.55E0,-8.2E0));
#7130=VERTEX_POINT('',#7128);
#7131=VERTEX_POINT('',#7129);
#7132=CARTESIAN_POINT('',(2.191E1,2.57E0,-7.4E0));
#7133=VERTEX_POINT('',#7132);
#7134=CARTESIAN_POINT('',(2.381E1,2.57E0,-7.4E0));
#7135=VERTEX_POINT('',#7134);
#7136=CARTESIAN_POINT('',(2.1485E1,1.05E0,-1.9E0));
#7137=CARTESIAN_POINT('',(2.1485E1,-1.05E0,-1.9E0));
#7138=VERTEX_POINT('',#7136);
#7139=VERTEX_POINT('',#7137);
#7140=CARTESIAN_POINT('',(2.4235E1,-1.05E0,-1.9E0));
#7141=VERTEX_POINT('',#7140);
#7142=CARTESIAN_POINT('',(2.4235E1,1.05E0,-1.9E0));
#7143=VERTEX_POINT('',#7142);
#7144=CARTESIAN_POINT('',(2.111E1,-1.85E0,0.E0));
#7145=CARTESIAN_POINT('',(2.461E1,-1.85E0,0.E0));
#7146=VERTEX_POINT('',#7144);
#7147=VERTEX_POINT('',#7145);
#7148=CARTESIAN_POINT('',(2.699E1,-6.5E-1,-7.98E0));
#7149=CARTESIAN_POINT('',(2.699E1,-6.5E-1,-7.3E0));
#7150=VERTEX_POINT('',#7148);
#7151=VERTEX_POINT('',#7149);
#7152=CARTESIAN_POINT('',(2.699E1,1.05E0,-7.3E0));
#7153=VERTEX_POINT('',#7152);
#7154=CARTESIAN_POINT('',(2.699E1,1.05E0,-7.4E0));
#7155=VERTEX_POINT('',#7154);
#7156=CARTESIAN_POINT('',(2.889E1,-6.5E-1,-7.98E0));
#7157=CARTESIAN_POINT('',(2.889E1,-6.5E-1,-7.3E0));
#7158=VERTEX_POINT('',#7156);
#7159=VERTEX_POINT('',#7157);
#7160=CARTESIAN_POINT('',(2.889E1,1.05E0,-7.3E0));
#7161=VERTEX_POINT('',#7160);
#7162=CARTESIAN_POINT('',(2.889E1,1.05E0,-7.4E0));
#7163=VERTEX_POINT('',#7162);
#7164=CARTESIAN_POINT('',(2.699E1,-5.5E-1,-8.2E0));
#7165=CARTESIAN_POINT('',(2.699E1,-1.55E0,-8.2E0));
#7166=VERTEX_POINT('',#7164);
#7167=VERTEX_POINT('',#7165);
#7168=CARTESIAN_POINT('',(2.889E1,-5.5E-1,-8.2E0));
#7169=CARTESIAN_POINT('',(2.889E1,-1.55E0,-8.2E0));
#7170=VERTEX_POINT('',#7168);
#7171=VERTEX_POINT('',#7169);
#7172=CARTESIAN_POINT('',(2.699E1,2.57E0,-7.4E0));
#7173=VERTEX_POINT('',#7172);
#7174=CARTESIAN_POINT('',(2.889E1,2.57E0,-7.4E0));
#7175=VERTEX_POINT('',#7174);
#7176=CARTESIAN_POINT('',(2.6565E1,1.05E0,-1.9E0));
#7177=CARTESIAN_POINT('',(2.6565E1,-1.05E0,-1.9E0));
#7178=VERTEX_POINT('',#7176);
#7179=VERTEX_POINT('',#7177);
#7180=CARTESIAN_POINT('',(2.9315E1,-1.05E0,-1.9E0));
#7181=VERTEX_POINT('',#7180);
#7182=CARTESIAN_POINT('',(2.9315E1,1.05E0,-1.9E0));
#7183=VERTEX_POINT('',#7182);
#7184=CARTESIAN_POINT('',(2.619E1,-1.85E0,0.E0));
#7185=CARTESIAN_POINT('',(2.969E1,-1.85E0,0.E0));
#7186=VERTEX_POINT('',#7184);
#7187=VERTEX_POINT('',#7185);
#7188=CARTESIAN_POINT('',(3.207E1,-6.5E-1,-7.98E0));
#7189=CARTESIAN_POINT('',(3.207E1,-6.5E-1,-7.3E0));
#7190=VERTEX_POINT('',#7188);
#7191=VERTEX_POINT('',#7189);
#7192=CARTESIAN_POINT('',(3.207E1,1.05E0,-7.3E0));
#7193=VERTEX_POINT('',#7192);
#7194=CARTESIAN_POINT('',(3.207E1,1.05E0,-7.4E0));
#7195=VERTEX_POINT('',#7194);
#7196=CARTESIAN_POINT('',(3.397E1,-6.5E-1,-7.98E0));
#7197=CARTESIAN_POINT('',(3.397E1,-6.5E-1,-7.3E0));
#7198=VERTEX_POINT('',#7196);
#7199=VERTEX_POINT('',#7197);
#7200=CARTESIAN_POINT('',(3.397E1,1.05E0,-7.3E0));
#7201=VERTEX_POINT('',#7200);
#7202=CARTESIAN_POINT('',(3.397E1,1.05E0,-7.4E0));
#7203=VERTEX_POINT('',#7202);
#7204=CARTESIAN_POINT('',(3.207E1,-5.5E-1,-8.2E0));
#7205=CARTESIAN_POINT('',(3.207E1,-1.55E0,-8.2E0));
#7206=VERTEX_POINT('',#7204);
#7207=VERTEX_POINT('',#7205);
#7208=CARTESIAN_POINT('',(3.397E1,-5.5E-1,-8.2E0));
#7209=CARTESIAN_POINT('',(3.397E1,-1.55E0,-8.2E0));
#7210=VERTEX_POINT('',#7208);
#7211=VERTEX_POINT('',#7209);
#7212=CARTESIAN_POINT('',(3.207E1,2.57E0,-7.4E0));
#7213=VERTEX_POINT('',#7212);
#7214=CARTESIAN_POINT('',(3.397E1,2.57E0,-7.4E0));
#7215=VERTEX_POINT('',#7214);
#7216=CARTESIAN_POINT('',(3.1645E1,1.05E0,-1.9E0));
#7217=CARTESIAN_POINT('',(3.1645E1,-1.05E0,-1.9E0));
#7218=VERTEX_POINT('',#7216);
#7219=VERTEX_POINT('',#7217);
#7220=CARTESIAN_POINT('',(3.4395E1,-1.05E0,-1.9E0));
#7221=VERTEX_POINT('',#7220);
#7222=CARTESIAN_POINT('',(3.4395E1,1.05E0,-1.9E0));
#7223=VERTEX_POINT('',#7222);
#7224=CARTESIAN_POINT('',(3.127E1,-1.85E0,0.E0));
#7225=CARTESIAN_POINT('',(3.477E1,-1.85E0,0.E0));
#7226=VERTEX_POINT('',#7224);
#7227=VERTEX_POINT('',#7225);
#7228=CARTESIAN_POINT('',(7.9E-1,2.25E0,0.E0));
#7229=CARTESIAN_POINT('',(9.281578947368E-1,2.25E0,-7.E-1));
#7230=VERTEX_POINT('',#7228);
#7231=VERTEX_POINT('',#7229);
#7232=CARTESIAN_POINT('',(4.29E0,2.25E0,0.E0));
#7233=CARTESIAN_POINT('',(4.151842105263E0,2.25E0,-7.E-1));
#7234=VERTEX_POINT('',#7232);
#7235=VERTEX_POINT('',#7233);
#7236=CARTESIAN_POINT('',(5.87E0,2.25E0,0.E0));
#7237=CARTESIAN_POINT('',(6.008157894737E0,2.25E0,-7.E-1));
#7238=VERTEX_POINT('',#7236);
#7239=VERTEX_POINT('',#7237);
#7240=CARTESIAN_POINT('',(9.37E0,2.25E0,0.E0));
#7241=CARTESIAN_POINT('',(9.231842105263E0,2.25E0,-7.E-1));
#7242=VERTEX_POINT('',#7240);
#7243=VERTEX_POINT('',#7241);
#7244=CARTESIAN_POINT('',(1.095E1,2.25E0,0.E0));
#7245=CARTESIAN_POINT('',(1.108815789474E1,2.25E0,-7.E-1));
#7246=VERTEX_POINT('',#7244);
#7247=VERTEX_POINT('',#7245);
#7248=CARTESIAN_POINT('',(1.445E1,2.25E0,0.E0));
#7249=CARTESIAN_POINT('',(1.431184210526E1,2.25E0,-7.E-1));
#7250=VERTEX_POINT('',#7248);
#7251=VERTEX_POINT('',#7249);
#7252=CARTESIAN_POINT('',(1.603E1,2.25E0,0.E0));
#7253=CARTESIAN_POINT('',(1.616815789474E1,2.25E0,-7.E-1));
#7254=VERTEX_POINT('',#7252);
#7255=VERTEX_POINT('',#7253);
#7256=CARTESIAN_POINT('',(1.953E1,2.25E0,0.E0));
#7257=CARTESIAN_POINT('',(1.939184210526E1,2.25E0,-7.E-1));
#7258=VERTEX_POINT('',#7256);
#7259=VERTEX_POINT('',#7257);
#7260=CARTESIAN_POINT('',(2.111E1,2.25E0,0.E0));
#7261=CARTESIAN_POINT('',(2.124815789474E1,2.25E0,-7.E-1));
#7262=VERTEX_POINT('',#7260);
#7263=VERTEX_POINT('',#7261);
#7264=CARTESIAN_POINT('',(2.461E1,2.25E0,0.E0));
#7265=CARTESIAN_POINT('',(2.447184210526E1,2.25E0,-7.E-1));
#7266=VERTEX_POINT('',#7264);
#7267=VERTEX_POINT('',#7265);
#7268=CARTESIAN_POINT('',(2.619E1,2.25E0,0.E0));
#7269=CARTESIAN_POINT('',(2.632815789474E1,2.25E0,-7.E-1));
#7270=VERTEX_POINT('',#7268);
#7271=VERTEX_POINT('',#7269);
#7272=CARTESIAN_POINT('',(2.969E1,2.25E0,0.E0));
#7273=CARTESIAN_POINT('',(2.955184210526E1,2.25E0,-7.E-1));
#7274=VERTEX_POINT('',#7272);
#7275=VERTEX_POINT('',#7273);
#7276=CARTESIAN_POINT('',(3.127E1,2.25E0,0.E0));
#7277=CARTESIAN_POINT('',(3.140815789474E1,2.25E0,-7.E-1));
#7278=VERTEX_POINT('',#7276);
#7279=VERTEX_POINT('',#7277);
#7280=CARTESIAN_POINT('',(3.477E1,2.25E0,0.E0));
#7281=CARTESIAN_POINT('',(3.463184210526E1,2.25E0,-7.E-1));
#7282=VERTEX_POINT('',#7280);
#7283=VERTEX_POINT('',#7281);
#7284=CARTESIAN_POINT('',(5.E-1,6.25E0,-5.2E0));
#7285=CARTESIAN_POINT('',(-5.E-1,6.25E0,-5.2E0));
#7286=VERTEX_POINT('',#7284);
#7287=VERTEX_POINT('',#7285);
#7288=CARTESIAN_POINT('',(5.E-1,7.25E0,-5.2E0));
#7289=CARTESIAN_POINT('',(-5.E-1,7.25E0,-5.2E0));
#7290=VERTEX_POINT('',#7288);
#7291=VERTEX_POINT('',#7289);
#7292=CARTESIAN_POINT('',(5.58E0,6.25E0,-5.2E0));
#7293=CARTESIAN_POINT('',(4.58E0,6.25E0,-5.2E0));
#7294=VERTEX_POINT('',#7292);
#7295=VERTEX_POINT('',#7293);
#7296=CARTESIAN_POINT('',(5.58E0,7.25E0,-5.2E0));
#7297=CARTESIAN_POINT('',(4.58E0,7.25E0,-5.2E0));
#7298=VERTEX_POINT('',#7296);
#7299=VERTEX_POINT('',#7297);
#7300=CARTESIAN_POINT('',(1.066E1,6.25E0,-5.2E0));
#7301=CARTESIAN_POINT('',(9.66E0,6.25E0,-5.2E0));
#7302=VERTEX_POINT('',#7300);
#7303=VERTEX_POINT('',#7301);
#7304=CARTESIAN_POINT('',(1.066E1,7.25E0,-5.2E0));
#7305=CARTESIAN_POINT('',(9.66E0,7.25E0,-5.2E0));
#7306=VERTEX_POINT('',#7304);
#7307=VERTEX_POINT('',#7305);
#7308=CARTESIAN_POINT('',(1.574E1,6.25E0,-5.2E0));
#7309=CARTESIAN_POINT('',(1.474E1,6.25E0,-5.2E0));
#7310=VERTEX_POINT('',#7308);
#7311=VERTEX_POINT('',#7309);
#7312=CARTESIAN_POINT('',(1.574E1,7.25E0,-5.2E0));
#7313=CARTESIAN_POINT('',(1.474E1,7.25E0,-5.2E0));
#7314=VERTEX_POINT('',#7312);
#7315=VERTEX_POINT('',#7313);
#7316=CARTESIAN_POINT('',(2.082E1,6.25E0,-5.2E0));
#7317=CARTESIAN_POINT('',(1.982E1,6.25E0,-5.2E0));
#7318=VERTEX_POINT('',#7316);
#7319=VERTEX_POINT('',#7317);
#7320=CARTESIAN_POINT('',(2.082E1,7.25E0,-5.2E0));
#7321=CARTESIAN_POINT('',(1.982E1,7.25E0,-5.2E0));
#7322=VERTEX_POINT('',#7320);
#7323=VERTEX_POINT('',#7321);
#7324=CARTESIAN_POINT('',(2.59E1,6.25E0,-5.2E0));
#7325=CARTESIAN_POINT('',(2.49E1,6.25E0,-5.2E0));
#7326=VERTEX_POINT('',#7324);
#7327=VERTEX_POINT('',#7325);
#7328=CARTESIAN_POINT('',(2.59E1,7.25E0,-5.2E0));
#7329=CARTESIAN_POINT('',(2.49E1,7.25E0,-5.2E0));
#7330=VERTEX_POINT('',#7328);
#7331=VERTEX_POINT('',#7329);
#7332=CARTESIAN_POINT('',(3.098E1,6.25E0,-5.2E0));
#7333=CARTESIAN_POINT('',(2.998E1,6.25E0,-5.2E0));
#7334=VERTEX_POINT('',#7332);
#7335=VERTEX_POINT('',#7333);
#7336=CARTESIAN_POINT('',(3.098E1,7.25E0,-5.2E0));
#7337=CARTESIAN_POINT('',(2.998E1,7.25E0,-5.2E0));
#7338=VERTEX_POINT('',#7336);
#7339=VERTEX_POINT('',#7337);
#7340=CARTESIAN_POINT('',(-3.556E1,0.E0,0.E0));
#7341=DIRECTION('',(1.E0,0.E0,0.E0));
#7342=DIRECTION('',(0.E0,0.E0,-1.E0));
#7343=AXIS2_PLACEMENT_3D('',#7340,#7341,#7342);
#7344=PLANE('',#7343);
#7346=ORIENTED_EDGE('',*,*,#7345,.F.);
#7348=ORIENTED_EDGE('',*,*,#7347,.T.);
#7350=ORIENTED_EDGE('',*,*,#7349,.T.);
#7352=ORIENTED_EDGE('',*,*,#7351,.T.);
#7354=ORIENTED_EDGE('',*,*,#7353,.T.);
#7356=ORIENTED_EDGE('',*,*,#7355,.T.);
#7358=ORIENTED_EDGE('',*,*,#7357,.T.);
#7360=ORIENTED_EDGE('',*,*,#7359,.T.);
#7362=ORIENTED_EDGE('',*,*,#7361,.T.);
#7364=ORIENTED_EDGE('',*,*,#7363,.T.);
#7366=ORIENTED_EDGE('',*,*,#7365,.F.);
#7367=EDGE_LOOP('',(#7346,#7348,#7350,#7352,#7354,#7356,#7358,#7360,#7362,#7364,
#7366));
#7368=FACE_OUTER_BOUND('',#7367,.F.);
#7369=ADVANCED_FACE('',(#7368),#7344,.F.);
#7370=CARTESIAN_POINT('',(0.E0,2.25E0,0.E0));
#7371=DIRECTION('',(0.E0,-1.E0,0.E0));
#7372=DIRECTION('',(1.E0,0.E0,0.E0));
#7373=AXIS2_PLACEMENT_3D('',#7370,#7371,#7372);
#7374=PLANE('',#7373);
#7375=ORIENTED_EDGE('',*,*,#7345,.T.);
#7377=ORIENTED_EDGE('',*,*,#7376,.T.);
#7379=ORIENTED_EDGE('',*,*,#7378,.T.);
#7381=ORIENTED_EDGE('',*,*,#7380,.T.);
#7383=ORIENTED_EDGE('',*,*,#7382,.T.);
#7385=ORIENTED_EDGE('',*,*,#7384,.T.);
#7387=ORIENTED_EDGE('',*,*,#7386,.T.);
#7389=ORIENTED_EDGE('',*,*,#7388,.T.);
#7390=EDGE_LOOP('',(#7375,#7377,#7379,#7381,#7383,#7385,#7387,#7389));
#7391=FACE_OUTER_BOUND('',#7390,.F.);
#7392=ADVANCED_FACE('',(#7391),#7374,.F.);
#7393=CARTESIAN_POINT('',(-3.566E1,-2.75E0,-3.75E-1));
#7394=DIRECTION('',(0.E0,-1.E0,0.E0));
#7395=DIRECTION('',(1.E0,0.E0,0.E0));
#7396=AXIS2_PLACEMENT_3D('',#7393,#7394,#7395);
#7397=CYLINDRICAL_SURFACE('',#7396,1.E-1);
#7398=ORIENTED_EDGE('',*,*,#7365,.T.);
#7400=ORIENTED_EDGE('',*,*,#7399,.T.);
#7402=ORIENTED_EDGE('',*,*,#7401,.T.);
#7403=ORIENTED_EDGE('',*,*,#7376,.F.);
#7404=EDGE_LOOP('',(#7398,#7400,#7402,#7403));
#7405=FACE_OUTER_BOUND('',#7404,.F.);
#7406=ADVANCED_FACE('',(#7405),#7397,.F.);
#7407=CARTESIAN_POINT('',(-3.556E1,-2.75E0,0.E0));
#7408=DIRECTION('',(0.E0,-1.E0,0.E0));
#7409=DIRECTION('',(0.E0,0.E0,-1.E0));
#7410=AXIS2_PLACEMENT_3D('',#7407,#7408,#7409);
#7411=PLANE('',#7410);
#7413=ORIENTED_EDGE('',*,*,#7412,.T.);
#7415=ORIENTED_EDGE('',*,*,#7414,.F.);
#7416=ORIENTED_EDGE('',*,*,#7349,.F.);
#7418=ORIENTED_EDGE('',*,*,#7417,.F.);
#7420=ORIENTED_EDGE('',*,*,#7419,.F.);
#7422=ORIENTED_EDGE('',*,*,#7421,.F.);
#7424=ORIENTED_EDGE('',*,*,#7423,.F.);
#7426=ORIENTED_EDGE('',*,*,#7425,.F.);
#7428=ORIENTED_EDGE('',*,*,#7427,.F.);
#7429=ORIENTED_EDGE('',*,*,#7399,.F.);
#7430=ORIENTED_EDGE('',*,*,#7363,.F.);
#7432=ORIENTED_EDGE('',*,*,#7431,.T.);
#7433=EDGE_LOOP('',(#7413,#7415,#7416,#7418,#7420,#7422,#7424,#7426,#7428,#7429,
#7430,#7432));
#7434=FACE_OUTER_BOUND('',#7433,.F.);
#7435=ADVANCED_FACE('',(#7434),#7411,.T.);
#7436=CARTESIAN_POINT('',(-3.556E1,-2.75E0,0.E0));
#7437=DIRECTION('',(0.E0,-1.E0,0.E0));
#7438=DIRECTION('',(0.E0,0.E0,-1.E0));
#7439=AXIS2_PLACEMENT_3D('',#7436,#7437,#7438);
#7440=PLANE('',#7439);
#7442=ORIENTED_EDGE('',*,*,#7441,.T.);
#7444=ORIENTED_EDGE('',*,*,#7443,.F.);
#7446=ORIENTED_EDGE('',*,*,#7445,.F.);
#7448=ORIENTED_EDGE('',*,*,#7447,.T.);
#7449=EDGE_LOOP('',(#7442,#7444,#7446,#7448));
#7450=FACE_OUTER_BOUND('',#7449,.F.);
#7451=ADVANCED_FACE('',(#7450),#7440,.T.);
#7452=CARTESIAN_POINT('',(-3.556E1,-2.75E0,0.E0));
#7453=DIRECTION('',(0.E0,-1.E0,0.E0));
#7454=DIRECTION('',(0.E0,0.E0,-1.E0));
#7455=AXIS2_PLACEMENT_3D('',#7452,#7453,#7454);
#7456=PLANE('',#7455);
#7458=ORIENTED_EDGE('',*,*,#7457,.T.);
#7460=ORIENTED_EDGE('',*,*,#7459,.F.);
#7462=ORIENTED_EDGE('',*,*,#7461,.F.);
#7464=ORIENTED_EDGE('',*,*,#7463,.T.);
#7465=EDGE_LOOP('',(#7458,#7460,#7462,#7464));
#7466=FACE_OUTER_BOUND('',#7465,.F.);
#7467=ADVANCED_FACE('',(#7466),#7456,.T.);
#7468=CARTESIAN_POINT('',(-3.556E1,-2.75E0,0.E0));
#7469=DIRECTION('',(0.E0,-1.E0,0.E0));
#7470=DIRECTION('',(0.E0,0.E0,-1.E0));
#7471=AXIS2_PLACEMENT_3D('',#7468,#7469,#7470);
#7472=PLANE('',#7471);
#7474=ORIENTED_EDGE('',*,*,#7473,.T.);
#7476=ORIENTED_EDGE('',*,*,#7475,.F.);
#7478=ORIENTED_EDGE('',*,*,#7477,.F.);
#7480=ORIENTED_EDGE('',*,*,#7479,.T.);
#7481=EDGE_LOOP('',(#7474,#7476,#7478,#7480));
#7482=FACE_OUTER_BOUND('',#7481,.F.);
#7483=ADVANCED_FACE('',(#7482),#7472,.T.);
#7484=CARTESIAN_POINT('',(-3.556E1,-2.75E0,0.E0));
#7485=DIRECTION('',(0.E0,-1.E0,0.E0));
#7486=DIRECTION('',(0.E0,0.E0,-1.E0));
#7487=AXIS2_PLACEMENT_3D('',#7484,#7485,#7486);
#7488=PLANE('',#7487);
#7490=ORIENTED_EDGE('',*,*,#7489,.T.);
#7492=ORIENTED_EDGE('',*,*,#7491,.F.);
#7494=ORIENTED_EDGE('',*,*,#7493,.F.);
#7496=ORIENTED_EDGE('',*,*,#7495,.T.);
#7497=EDGE_LOOP('',(#7490,#7492,#7494,#7496));
#7498=FACE_OUTER_BOUND('',#7497,.F.);
#7499=ADVANCED_FACE('',(#7498),#7488,.T.);
#7500=CARTESIAN_POINT('',(-3.556E1,-2.75E0,0.E0));
#7501=DIRECTION('',(0.E0,-1.E0,0.E0));
#7502=DIRECTION('',(0.E0,0.E0,-1.E0));
#7503=AXIS2_PLACEMENT_3D('',#7500,#7501,#7502);
#7504=PLANE('',#7503);
#7506=ORIENTED_EDGE('',*,*,#7505,.T.);
#7508=ORIENTED_EDGE('',*,*,#7507,.F.);
#7510=ORIENTED_EDGE('',*,*,#7509,.F.);
#7512=ORIENTED_EDGE('',*,*,#7511,.T.);
#7513=EDGE_LOOP('',(#7506,#7508,#7510,#7512));
#7514=FACE_OUTER_BOUND('',#7513,.F.);
#7515=ADVANCED_FACE('',(#7514),#7504,.T.);
#7516=CARTESIAN_POINT('',(-3.556E1,-2.75E0,0.E0));
#7517=DIRECTION('',(0.E0,-1.E0,0.E0));
#7518=DIRECTION('',(0.E0,0.E0,-1.E0));
#7519=AXIS2_PLACEMENT_3D('',#7516,#7517,#7518);
#7520=PLANE('',#7519);
#7522=ORIENTED_EDGE('',*,*,#7521,.T.);
#7524=ORIENTED_EDGE('',*,*,#7523,.F.);
#7526=ORIENTED_EDGE('',*,*,#7525,.F.);
#7528=ORIENTED_EDGE('',*,*,#7527,.T.);
#7529=EDGE_LOOP('',(#7522,#7524,#7526,#7528));
#7530=FACE_OUTER_BOUND('',#7529,.F.);
#7531=ADVANCED_FACE('',(#7530),#7520,.T.);
#7532=CARTESIAN_POINT('',(-3.556E1,-2.75E0,0.E0));
#7533=DIRECTION('',(0.E0,-1.E0,0.E0));
#7534=DIRECTION('',(0.E0,0.E0,-1.E0));
#7535=AXIS2_PLACEMENT_3D('',#7532,#7533,#7534);
#7536=PLANE('',#7535);
#7538=ORIENTED_EDGE('',*,*,#7537,.T.);
#7540=ORIENTED_EDGE('',*,*,#7539,.F.);
#7542=ORIENTED_EDGE('',*,*,#7541,.F.);
#7544=ORIENTED_EDGE('',*,*,#7543,.T.);
#7545=EDGE_LOOP('',(#7538,#7540,#7542,#7544));
#7546=FACE_OUTER_BOUND('',#7545,.F.);
#7547=ADVANCED_FACE('',(#7546),#7536,.T.);
#7548=CARTESIAN_POINT('',(-3.556E1,-2.75E0,0.E0));
#7549=DIRECTION('',(0.E0,-1.E0,0.E0));
#7550=DIRECTION('',(0.E0,0.E0,-1.E0));
#7551=AXIS2_PLACEMENT_3D('',#7548,#7549,#7550);
#7552=PLANE('',#7551);
#7554=ORIENTED_EDGE('',*,*,#7553,.T.);
#7556=ORIENTED_EDGE('',*,*,#7555,.F.);
#7558=ORIENTED_EDGE('',*,*,#7557,.F.);
#7560=ORIENTED_EDGE('',*,*,#7559,.T.);
#7561=EDGE_LOOP('',(#7554,#7556,#7558,#7560));
#7562=FACE_OUTER_BOUND('',#7561,.F.);
#7563=ADVANCED_FACE('',(#7562),#7552,.T.);
#7564=CARTESIAN_POINT('',(-3.556E1,-2.75E0,0.E0));
#7565=DIRECTION('',(0.E0,-1.E0,0.E0));
#7566=DIRECTION('',(0.E0,0.E0,-1.E0));
#7567=AXIS2_PLACEMENT_3D('',#7564,#7565,#7566);
#7568=PLANE('',#7567);
#7570=ORIENTED_EDGE('',*,*,#7569,.T.);
#7572=ORIENTED_EDGE('',*,*,#7571,.F.);
#7574=ORIENTED_EDGE('',*,*,#7573,.F.);
#7576=ORIENTED_EDGE('',*,*,#7575,.T.);
#7577=EDGE_LOOP('',(#7570,#7572,#7574,#7576));
#7578=FACE_OUTER_BOUND('',#7577,.F.);
#7579=ADVANCED_FACE('',(#7578),#7568,.T.);
#7580=CARTESIAN_POINT('',(-3.556E1,-2.75E0,0.E0));
#7581=DIRECTION('',(0.E0,-1.E0,0.E0));
#7582=DIRECTION('',(0.E0,0.E0,-1.E0));
#7583=AXIS2_PLACEMENT_3D('',#7580,#7581,#7582);
#7584=PLANE('',#7583);
#7586=ORIENTED_EDGE('',*,*,#7585,.T.);
#7588=ORIENTED_EDGE('',*,*,#7587,.F.);
#7590=ORIENTED_EDGE('',*,*,#7589,.F.);
#7592=ORIENTED_EDGE('',*,*,#7591,.T.);
#7593=EDGE_LOOP('',(#7586,#7588,#7590,#7592));
#7594=FACE_OUTER_BOUND('',#7593,.F.);
#7595=ADVANCED_FACE('',(#7594),#7584,.T.);
#7596=CARTESIAN_POINT('',(-3.556E1,-2.75E0,0.E0));
#7597=DIRECTION('',(0.E0,-1.E0,0.E0));
#7598=DIRECTION('',(0.E0,0.E0,-1.E0));
#7599=AXIS2_PLACEMENT_3D('',#7596,#7597,#7598);
#7600=PLANE('',#7599);
#7602=ORIENTED_EDGE('',*,*,#7601,.T.);
#7604=ORIENTED_EDGE('',*,*,#7603,.F.);
#7606=ORIENTED_EDGE('',*,*,#7605,.F.);
#7608=ORIENTED_EDGE('',*,*,#7607,.T.);
#7609=EDGE_LOOP('',(#7602,#7604,#7606,#7608));
#7610=FACE_OUTER_BOUND('',#7609,.F.);
#7611=ADVANCED_FACE('',(#7610),#7600,.T.);
#7612=CARTESIAN_POINT('',(-3.556E1,-2.75E0,0.E0));
#7613=DIRECTION('',(0.E0,-1.E0,0.E0));
#7614=DIRECTION('',(0.E0,0.E0,-1.E0));
#7615=AXIS2_PLACEMENT_3D('',#7612,#7613,#7614);
#7616=PLANE('',#7615);
#7618=ORIENTED_EDGE('',*,*,#7617,.T.);
#7620=ORIENTED_EDGE('',*,*,#7619,.F.);
#7622=ORIENTED_EDGE('',*,*,#7621,.F.);
#7624=ORIENTED_EDGE('',*,*,#7623,.T.);
#7625=EDGE_LOOP('',(#7618,#7620,#7622,#7624));
#7626=FACE_OUTER_BOUND('',#7625,.F.);
#7627=ADVANCED_FACE('',(#7626),#7616,.T.);
#7628=CARTESIAN_POINT('',(-3.556E1,-2.75E0,0.E0));
#7629=DIRECTION('',(0.E0,-1.E0,0.E0));
#7630=DIRECTION('',(0.E0,0.E0,-1.E0));
#7631=AXIS2_PLACEMENT_3D('',#7628,#7629,#7630);
#7632=PLANE('',#7631);
#7634=ORIENTED_EDGE('',*,*,#7633,.F.);
#7636=ORIENTED_EDGE('',*,*,#7635,.T.);
#7638=ORIENTED_EDGE('',*,*,#7637,.T.);
#7640=ORIENTED_EDGE('',*,*,#7639,.F.);
#7642=ORIENTED_EDGE('',*,*,#7641,.T.);
#7643=EDGE_LOOP('',(#7634,#7636,#7638,#7640,#7642));
#7644=FACE_OUTER_BOUND('',#7643,.F.);
#7645=ADVANCED_FACE('',(#7644),#7632,.T.);
#7646=CARTESIAN_POINT('',(-3.556E1,-2.75E0,0.E0));
#7647=DIRECTION('',(0.E0,-1.E0,0.E0));
#7648=DIRECTION('',(0.E0,0.E0,-1.E0));
#7649=AXIS2_PLACEMENT_3D('',#7646,#7647,#7648);
#7650=PLANE('',#7649);
#7652=ORIENTED_EDGE('',*,*,#7651,.T.);
#7654=ORIENTED_EDGE('',*,*,#7653,.F.);
#7656=ORIENTED_EDGE('',*,*,#7655,.F.);
#7658=ORIENTED_EDGE('',*,*,#7657,.T.);
#7659=EDGE_LOOP('',(#7652,#7654,#7656,#7658));
#7660=FACE_OUTER_BOUND('',#7659,.F.);
#7661=ADVANCED_FACE('',(#7660),#7650,.T.);
#7662=CARTESIAN_POINT('',(-3.556E1,-2.75E0,0.E0));
#7663=DIRECTION('',(0.E0,-1.E0,0.E0));
#7664=DIRECTION('',(0.E0,0.E0,-1.E0));
#7665=AXIS2_PLACEMENT_3D('',#7662,#7663,#7664);
#7666=PLANE('',#7665);
#7668=ORIENTED_EDGE('',*,*,#7667,.F.);
#7670=ORIENTED_EDGE('',*,*,#7669,.F.);
#7672=ORIENTED_EDGE('',*,*,#7671,.T.);
#7674=ORIENTED_EDGE('',*,*,#7673,.F.);
#7676=ORIENTED_EDGE('',*,*,#7675,.T.);
#7677=EDGE_LOOP('',(#7668,#7670,#7672,#7674,#7676));
#7678=FACE_OUTER_BOUND('',#7677,.F.);
#7679=ADVANCED_FACE('',(#7678),#7666,.T.);
#7680=CARTESIAN_POINT('',(-3.512E1,-2.55E0,0.E0));
#7681=DIRECTION('',(-1.E0,0.E0,0.E0));
#7682=DIRECTION('',(0.E0,-1.E0,0.E0));
#7683=AXIS2_PLACEMENT_3D('',#7680,#7681,#7682);
#7684=PLANE('',#7683);
#7685=ORIENTED_EDGE('',*,*,#7412,.F.);
#7687=ORIENTED_EDGE('',*,*,#7686,.T.);
#7689=ORIENTED_EDGE('',*,*,#7688,.T.);
#7691=ORIENTED_EDGE('',*,*,#7690,.F.);
#7692=EDGE_LOOP('',(#7685,#7687,#7689,#7691));
#7693=FACE_OUTER_BOUND('',#7692,.F.);
#7694=ADVANCED_FACE('',(#7693),#7684,.F.);
#7695=CARTESIAN_POINT('',(-3.556E1,2.95E0,0.E0));
#7696=DIRECTION('',(0.E0,0.E0,1.E0));
#7697=DIRECTION('',(0.E0,-1.E0,0.E0));
#7698=AXIS2_PLACEMENT_3D('',#7695,#7696,#7697);
#7699=PLANE('',#7698);
#7701=ORIENTED_EDGE('',*,*,#7700,.T.);
#7703=ORIENTED_EDGE('',*,*,#7702,.T.);
#7704=ORIENTED_EDGE('',*,*,#7635,.F.);
#7706=ORIENTED_EDGE('',*,*,#7705,.T.);
#7708=ORIENTED_EDGE('',*,*,#7707,.T.);
#7710=ORIENTED_EDGE('',*,*,#7709,.F.);
#7711=ORIENTED_EDGE('',*,*,#7657,.F.);
#7713=ORIENTED_EDGE('',*,*,#7712,.T.);
#7715=ORIENTED_EDGE('',*,*,#7714,.T.);
#7717=ORIENTED_EDGE('',*,*,#7716,.F.);
#7718=ORIENTED_EDGE('',*,*,#7623,.F.);
#7720=ORIENTED_EDGE('',*,*,#7719,.T.);
#7722=ORIENTED_EDGE('',*,*,#7721,.T.);
#7724=ORIENTED_EDGE('',*,*,#7723,.F.);
#7725=ORIENTED_EDGE('',*,*,#7607,.F.);
#7727=ORIENTED_EDGE('',*,*,#7726,.T.);
#7729=ORIENTED_EDGE('',*,*,#7728,.T.);
#7731=ORIENTED_EDGE('',*,*,#7730,.F.);
#7732=ORIENTED_EDGE('',*,*,#7591,.F.);
#7734=ORIENTED_EDGE('',*,*,#7733,.T.);
#7736=ORIENTED_EDGE('',*,*,#7735,.T.);
#7738=ORIENTED_EDGE('',*,*,#7737,.F.);
#7739=ORIENTED_EDGE('',*,*,#7575,.F.);
#7741=ORIENTED_EDGE('',*,*,#7740,.T.);
#7743=ORIENTED_EDGE('',*,*,#7742,.T.);
#7745=ORIENTED_EDGE('',*,*,#7744,.F.);
#7746=ORIENTED_EDGE('',*,*,#7559,.F.);
#7748=ORIENTED_EDGE('',*,*,#7747,.T.);
#7750=ORIENTED_EDGE('',*,*,#7749,.T.);
#7752=ORIENTED_EDGE('',*,*,#7751,.F.);
#7753=ORIENTED_EDGE('',*,*,#7543,.F.);
#7755=ORIENTED_EDGE('',*,*,#7754,.T.);
#7757=ORIENTED_EDGE('',*,*,#7756,.T.);
#7759=ORIENTED_EDGE('',*,*,#7758,.F.);
#7760=ORIENTED_EDGE('',*,*,#7527,.F.);
#7762=ORIENTED_EDGE('',*,*,#7761,.T.);
#7764=ORIENTED_EDGE('',*,*,#7763,.T.);
#7766=ORIENTED_EDGE('',*,*,#7765,.F.);
#7767=ORIENTED_EDGE('',*,*,#7511,.F.);
#7769=ORIENTED_EDGE('',*,*,#7768,.T.);
#7771=ORIENTED_EDGE('',*,*,#7770,.T.);
#7773=ORIENTED_EDGE('',*,*,#7772,.F.);
#7774=ORIENTED_EDGE('',*,*,#7495,.F.);
#7776=ORIENTED_EDGE('',*,*,#7775,.T.);
#7778=ORIENTED_EDGE('',*,*,#7777,.T.);
#7780=ORIENTED_EDGE('',*,*,#7779,.F.);
#7781=ORIENTED_EDGE('',*,*,#7479,.F.);
#7783=ORIENTED_EDGE('',*,*,#7782,.T.);
#7785=ORIENTED_EDGE('',*,*,#7784,.T.);
#7787=ORIENTED_EDGE('',*,*,#7786,.F.);
#7788=ORIENTED_EDGE('',*,*,#7463,.F.);
#7790=ORIENTED_EDGE('',*,*,#7789,.T.);
#7792=ORIENTED_EDGE('',*,*,#7791,.T.);
#7794=ORIENTED_EDGE('',*,*,#7793,.F.);
#7795=ORIENTED_EDGE('',*,*,#7447,.F.);
#7797=ORIENTED_EDGE('',*,*,#7796,.T.);
#7799=ORIENTED_EDGE('',*,*,#7798,.T.);
#7800=ORIENTED_EDGE('',*,*,#7686,.F.);
#7801=ORIENTED_EDGE('',*,*,#7431,.F.);
#7802=ORIENTED_EDGE('',*,*,#7361,.F.);
#7803=EDGE_LOOP('',(#7701,#7703,#7704,#7706,#7708,#7710,#7711,#7713,#7715,#7717,
#7718,#7720,#7722,#7724,#7725,#7727,#7729,#7731,#7732,#7734,#7736,#7738,#7739,
#7741,#7743,#7745,#7746,#7748,#7750,#7752,#7753,#7755,#7757,#7759,#7760,#7762,
#7764,#7766,#7767,#7769,#7771,#7773,#7774,#7776,#7778,#7780,#7781,#7783,#7785,
#7787,#7788,#7790,#7792,#7794,#7795,#7797,#7799,#7800,#7801,#7802));
#7804=FACE_OUTER_BOUND('',#7803,.F.);
#7806=ORIENTED_EDGE('',*,*,#7805,.T.);
#7808=ORIENTED_EDGE('',*,*,#7807,.F.);
#7810=ORIENTED_EDGE('',*,*,#7809,.T.);
#7812=ORIENTED_EDGE('',*,*,#7811,.T.);
#7813=EDGE_LOOP('',(#7806,#7808,#7810,#7812));
#7814=FACE_BOUND('',#7813,.F.);
#7816=ORIENTED_EDGE('',*,*,#7815,.F.);
#7818=ORIENTED_EDGE('',*,*,#7817,.F.);
#7820=ORIENTED_EDGE('',*,*,#7819,.T.);
#7822=ORIENTED_EDGE('',*,*,#7821,.T.);
#7823=EDGE_LOOP('',(#7816,#7818,#7820,#7822));
#7824=FACE_BOUND('',#7823,.F.);
#7826=ORIENTED_EDGE('',*,*,#7825,.F.);
#7828=ORIENTED_EDGE('',*,*,#7827,.F.);
#7830=ORIENTED_EDGE('',*,*,#7829,.T.);
#7832=ORIENTED_EDGE('',*,*,#7831,.T.);
#7833=EDGE_LOOP('',(#7826,#7828,#7830,#7832));
#7834=FACE_BOUND('',#7833,.F.);
#7836=ORIENTED_EDGE('',*,*,#7835,.F.);
#7838=ORIENTED_EDGE('',*,*,#7837,.F.);
#7840=ORIENTED_EDGE('',*,*,#7839,.T.);
#7842=ORIENTED_EDGE('',*,*,#7841,.T.);
#7843=EDGE_LOOP('',(#7836,#7838,#7840,#7842));
#7844=FACE_BOUND('',#7843,.F.);
#7846=ORIENTED_EDGE('',*,*,#7845,.F.);
#7848=ORIENTED_EDGE('',*,*,#7847,.F.);
#7850=ORIENTED_EDGE('',*,*,#7849,.T.);
#7852=ORIENTED_EDGE('',*,*,#7851,.T.);
#7853=EDGE_LOOP('',(#7846,#7848,#7850,#7852));
#7854=FACE_BOUND('',#7853,.F.);
#7856=ORIENTED_EDGE('',*,*,#7855,.F.);
#7858=ORIENTED_EDGE('',*,*,#7857,.F.);
#7860=ORIENTED_EDGE('',*,*,#7859,.T.);
#7862=ORIENTED_EDGE('',*,*,#7861,.T.);
#7863=EDGE_LOOP('',(#7856,#7858,#7860,#7862));
#7864=FACE_BOUND('',#7863,.F.);
#7866=ORIENTED_EDGE('',*,*,#7865,.F.);
#7868=ORIENTED_EDGE('',*,*,#7867,.F.);
#7870=ORIENTED_EDGE('',*,*,#7869,.T.);
#7872=ORIENTED_EDGE('',*,*,#7871,.T.);
#7873=EDGE_LOOP('',(#7866,#7868,#7870,#7872));
#7874=FACE_BOUND('',#7873,.F.);
#7876=ORIENTED_EDGE('',*,*,#7875,.F.);
#7878=ORIENTED_EDGE('',*,*,#7877,.F.);
#7880=ORIENTED_EDGE('',*,*,#7879,.T.);
#7882=ORIENTED_EDGE('',*,*,#7881,.T.);
#7883=EDGE_LOOP('',(#7876,#7878,#7880,#7882));
#7884=FACE_BOUND('',#7883,.F.);
#7886=ORIENTED_EDGE('',*,*,#7885,.F.);
#7888=ORIENTED_EDGE('',*,*,#7887,.F.);
#7890=ORIENTED_EDGE('',*,*,#7889,.T.);
#7892=ORIENTED_EDGE('',*,*,#7891,.T.);
#7893=EDGE_LOOP('',(#7886,#7888,#7890,#7892));
#7894=FACE_BOUND('',#7893,.F.);
#7896=ORIENTED_EDGE('',*,*,#7895,.F.);
#7898=ORIENTED_EDGE('',*,*,#7897,.F.);
#7900=ORIENTED_EDGE('',*,*,#7899,.T.);
#7902=ORIENTED_EDGE('',*,*,#7901,.T.);
#7903=EDGE_LOOP('',(#7896,#7898,#7900,#7902));
#7904=FACE_BOUND('',#7903,.F.);
#7906=ORIENTED_EDGE('',*,*,#7905,.F.);
#7908=ORIENTED_EDGE('',*,*,#7907,.F.);
#7910=ORIENTED_EDGE('',*,*,#7909,.T.);
#7912=ORIENTED_EDGE('',*,*,#7911,.T.);
#7913=EDGE_LOOP('',(#7906,#7908,#7910,#7912));
#7914=FACE_BOUND('',#7913,.F.);
#7916=ORIENTED_EDGE('',*,*,#7915,.F.);
#7918=ORIENTED_EDGE('',*,*,#7917,.F.);
#7920=ORIENTED_EDGE('',*,*,#7919,.T.);
#7922=ORIENTED_EDGE('',*,*,#7921,.T.);
#7923=EDGE_LOOP('',(#7916,#7918,#7920,#7922));
#7924=FACE_BOUND('',#7923,.F.);
#7926=ORIENTED_EDGE('',*,*,#7925,.F.);
#7928=ORIENTED_EDGE('',*,*,#7927,.F.);
#7930=ORIENTED_EDGE('',*,*,#7929,.T.);
#7932=ORIENTED_EDGE('',*,*,#7931,.T.);
#7933=EDGE_LOOP('',(#7926,#7928,#7930,#7932));
#7934=FACE_BOUND('',#7933,.F.);
#7936=ORIENTED_EDGE('',*,*,#7935,.F.);
#7938=ORIENTED_EDGE('',*,*,#7937,.F.);
#7940=ORIENTED_EDGE('',*,*,#7939,.T.);
#7942=ORIENTED_EDGE('',*,*,#7941,.T.);
#7943=EDGE_LOOP('',(#7936,#7938,#7940,#7942));
#7944=FACE_BOUND('',#7943,.F.);
#7945=ADVANCED_FACE('',(#7804,#7814,#7824,#7834,#7844,#7854,#7864,#7874,#7884,
#7894,#7904,#7914,#7924,#7934,#7944),#7699,.T.);
#7946=CARTESIAN_POINT('',(-3.556E1,2.95E0,-8.E-1));
#7947=DIRECTION('',(0.E0,1.E0,0.E0));
#7948=DIRECTION('',(0.E0,0.E0,1.E0));
#7949=AXIS2_PLACEMENT_3D('',#7946,#7947,#7948);
#7950=PLANE('',#7949);
#7951=ORIENTED_EDGE('',*,*,#7700,.F.);
#7952=ORIENTED_EDGE('',*,*,#7359,.F.);
#7954=ORIENTED_EDGE('',*,*,#7953,.T.);
#7956=ORIENTED_EDGE('',*,*,#7955,.T.);
#7957=EDGE_LOOP('',(#7951,#7952,#7954,#7956));
#7958=FACE_OUTER_BOUND('',#7957,.F.);
#7959=ADVANCED_FACE('',(#7958),#7950,.T.);
#7960=CARTESIAN_POINT('',(-3.556E1,7.25E0,-1.4E0));
#7961=DIRECTION('',(0.E0,1.381960319115E-1,9.904048953655E-1));
#7962=DIRECTION('',(0.E0,-9.904048953655E-1,1.381960319115E-1));
#7963=AXIS2_PLACEMENT_3D('',#7960,#7961,#7962);
#7964=PLANE('',#7963);
#7965=ORIENTED_EDGE('',*,*,#7357,.F.);
#7967=ORIENTED_EDGE('',*,*,#7966,.T.);
#7969=ORIENTED_EDGE('',*,*,#7968,.T.);
#7970=ORIENTED_EDGE('',*,*,#7953,.F.);
#7971=EDGE_LOOP('',(#7965,#7967,#7969,#7970));
#7972=FACE_OUTER_BOUND('',#7971,.F.);
#7973=ADVANCED_FACE('',(#7972),#7964,.T.);
#7974=CARTESIAN_POINT('',(-3.556E1,7.25E0,-6.2E0));
#7975=DIRECTION('',(0.E0,1.E0,0.E0));
#7976=DIRECTION('',(0.E0,0.E0,1.E0));
#7977=AXIS2_PLACEMENT_3D('',#7974,#7975,#7976);
#7978=PLANE('',#7977);
#7979=ORIENTED_EDGE('',*,*,#7355,.F.);
#7981=ORIENTED_EDGE('',*,*,#7980,.T.);
#7983=ORIENTED_EDGE('',*,*,#7982,.T.);
#7984=ORIENTED_EDGE('',*,*,#7966,.F.);
#7985=EDGE_LOOP('',(#7979,#7981,#7983,#7984));
#7986=FACE_OUTER_BOUND('',#7985,.F.);
#7988=ORIENTED_EDGE('',*,*,#7987,.T.);
#7990=ORIENTED_EDGE('',*,*,#7989,.T.);
#7991=EDGE_LOOP('',(#7988,#7990));
#7992=FACE_BOUND('',#7991,.F.);
#7994=ORIENTED_EDGE('',*,*,#7993,.T.);
#7996=ORIENTED_EDGE('',*,*,#7995,.T.);
#7997=EDGE_LOOP('',(#7994,#7996));
#7998=FACE_BOUND('',#7997,.F.);
#8000=ORIENTED_EDGE('',*,*,#7999,.T.);
#8002=ORIENTED_EDGE('',*,*,#8001,.T.);
#8003=EDGE_LOOP('',(#8000,#8002));
#8004=FACE_BOUND('',#8003,.F.);
#8006=ORIENTED_EDGE('',*,*,#8005,.T.);
#8008=ORIENTED_EDGE('',*,*,#8007,.T.);
#8009=EDGE_LOOP('',(#8006,#8008));
#8010=FACE_BOUND('',#8009,.F.);
#8012=ORIENTED_EDGE('',*,*,#8011,.T.);
#8014=ORIENTED_EDGE('',*,*,#8013,.T.);
#8015=EDGE_LOOP('',(#8012,#8014));
#8016=FACE_BOUND('',#8015,.F.);
#8018=ORIENTED_EDGE('',*,*,#8017,.T.);
#8020=ORIENTED_EDGE('',*,*,#8019,.T.);
#8021=EDGE_LOOP('',(#8018,#8020));
#8022=FACE_BOUND('',#8021,.F.);
#8024=ORIENTED_EDGE('',*,*,#8023,.T.);
#8026=ORIENTED_EDGE('',*,*,#8025,.T.);
#8027=EDGE_LOOP('',(#8024,#8026));
#8028=FACE_BOUND('',#8027,.F.);
#8030=ORIENTED_EDGE('',*,*,#8029,.T.);
#8032=ORIENTED_EDGE('',*,*,#8031,.T.);
#8033=EDGE_LOOP('',(#8030,#8032));
#8034=FACE_BOUND('',#8033,.F.);
#8036=ORIENTED_EDGE('',*,*,#8035,.T.);
#8038=ORIENTED_EDGE('',*,*,#8037,.T.);
#8039=EDGE_LOOP('',(#8036,#8038));
#8040=FACE_BOUND('',#8039,.F.);
#8042=ORIENTED_EDGE('',*,*,#8041,.T.);
#8044=ORIENTED_EDGE('',*,*,#8043,.T.);
#8045=EDGE_LOOP('',(#8042,#8044));
#8046=FACE_BOUND('',#8045,.F.);
#8048=ORIENTED_EDGE('',*,*,#8047,.T.);
#8050=ORIENTED_EDGE('',*,*,#8049,.T.);
#8051=EDGE_LOOP('',(#8048,#8050));
#8052=FACE_BOUND('',#8051,.F.);
#8054=ORIENTED_EDGE('',*,*,#8053,.T.);
#8056=ORIENTED_EDGE('',*,*,#8055,.T.);
#8057=EDGE_LOOP('',(#8054,#8056));
#8058=FACE_BOUND('',#8057,.F.);
#8060=ORIENTED_EDGE('',*,*,#8059,.T.);
#8062=ORIENTED_EDGE('',*,*,#8061,.T.);
#8063=EDGE_LOOP('',(#8060,#8062));
#8064=FACE_BOUND('',#8063,.F.);
#8066=ORIENTED_EDGE('',*,*,#8065,.T.);
#8068=ORIENTED_EDGE('',*,*,#8067,.T.);
#8069=EDGE_LOOP('',(#8066,#8068));
#8070=FACE_BOUND('',#8069,.F.);
#8072=ORIENTED_EDGE('',*,*,#8071,.T.);
#8074=ORIENTED_EDGE('',*,*,#8073,.T.);
#8075=EDGE_LOOP('',(#8072,#8074));
#8076=FACE_BOUND('',#8075,.F.);
#8078=ORIENTED_EDGE('',*,*,#8077,.T.);
#8080=ORIENTED_EDGE('',*,*,#8079,.T.);
#8081=EDGE_LOOP('',(#8078,#8080));
#8082=FACE_BOUND('',#8081,.F.);
#8084=ORIENTED_EDGE('',*,*,#8083,.T.);
#8086=ORIENTED_EDGE('',*,*,#8085,.T.);
#8087=EDGE_LOOP('',(#8084,#8086));
#8088=FACE_BOUND('',#8087,.F.);
#8090=ORIENTED_EDGE('',*,*,#8089,.T.);
#8092=ORIENTED_EDGE('',*,*,#8091,.T.);
#8093=EDGE_LOOP('',(#8090,#8092));
#8094=FACE_BOUND('',#8093,.F.);
#8096=ORIENTED_EDGE('',*,*,#8095,.T.);
#8098=ORIENTED_EDGE('',*,*,#8097,.T.);
#8099=EDGE_LOOP('',(#8096,#8098));
#8100=FACE_BOUND('',#8099,.F.);
#8102=ORIENTED_EDGE('',*,*,#8101,.T.);
#8104=ORIENTED_EDGE('',*,*,#8103,.T.);
#8105=EDGE_LOOP('',(#8102,#8104));
#8106=FACE_BOUND('',#8105,.F.);
#8108=ORIENTED_EDGE('',*,*,#8107,.T.);
#8110=ORIENTED_EDGE('',*,*,#8109,.T.);
#8111=EDGE_LOOP('',(#8108,#8110));
#8112=FACE_BOUND('',#8111,.F.);
#8114=ORIENTED_EDGE('',*,*,#8113,.T.);
#8116=ORIENTED_EDGE('',*,*,#8115,.T.);
#8117=EDGE_LOOP('',(#8114,#8116));
#8118=FACE_BOUND('',#8117,.F.);
#8120=ORIENTED_EDGE('',*,*,#8119,.T.);
#8122=ORIENTED_EDGE('',*,*,#8121,.T.);
#8123=EDGE_LOOP('',(#8120,#8122));
#8124=FACE_BOUND('',#8123,.F.);
#8126=ORIENTED_EDGE('',*,*,#8125,.T.);
#8128=ORIENTED_EDGE('',*,*,#8127,.T.);
#8129=EDGE_LOOP('',(#8126,#8128));
#8130=FACE_BOUND('',#8129,.F.);
#8132=ORIENTED_EDGE('',*,*,#8131,.T.);
#8134=ORIENTED_EDGE('',*,*,#8133,.T.);
#8135=EDGE_LOOP('',(#8132,#8134));
#8136=FACE_BOUND('',#8135,.F.);
#8138=ORIENTED_EDGE('',*,*,#8137,.T.);
#8140=ORIENTED_EDGE('',*,*,#8139,.T.);
#8141=EDGE_LOOP('',(#8138,#8140));
#8142=FACE_BOUND('',#8141,.F.);
#8144=ORIENTED_EDGE('',*,*,#8143,.T.);
#8146=ORIENTED_EDGE('',*,*,#8145,.T.);
#8147=EDGE_LOOP('',(#8144,#8146));
#8148=FACE_BOUND('',#8147,.F.);
#8149=ADVANCED_FACE('',(#7986,#7992,#7998,#8004,#8010,#8016,#8022,#8028,#8034,
#8040,#8046,#8052,#8058,#8064,#8070,#8076,#8082,#8088,#8094,#8100,#8106,#8112,
#8118,#8124,#8130,#8136,#8142,#8148),#7978,.T.);
#8150=CARTESIAN_POINT('',(-3.556E1,-5.5E-1,-8.2E0));
#8151=DIRECTION('',(0.E0,2.483753502677E-1,-9.686638660440E-1));
#8152=DIRECTION('',(0.E0,9.686638660440E-1,2.483753502677E-1));
#8153=AXIS2_PLACEMENT_3D('',#8150,#8151,#8152);
#8154=PLANE('',#8153);
#8156=ORIENTED_EDGE('',*,*,#8155,.T.);
#8158=ORIENTED_EDGE('',*,*,#8157,.F.);
#8160=ORIENTED_EDGE('',*,*,#8159,.F.);
#8162=ORIENTED_EDGE('',*,*,#8161,.T.);
#8164=ORIENTED_EDGE('',*,*,#8163,.T.);
#8165=ORIENTED_EDGE('',*,*,#7980,.F.);
#8166=ORIENTED_EDGE('',*,*,#7353,.F.);
#8168=ORIENTED_EDGE('',*,*,#8167,.T.);
#8170=ORIENTED_EDGE('',*,*,#8169,.T.);
#8172=ORIENTED_EDGE('',*,*,#8171,.F.);
#8174=ORIENTED_EDGE('',*,*,#8173,.F.);
#8176=ORIENTED_EDGE('',*,*,#8175,.T.);
#8178=ORIENTED_EDGE('',*,*,#8177,.T.);
#8180=ORIENTED_EDGE('',*,*,#8179,.F.);
#8182=ORIENTED_EDGE('',*,*,#8181,.F.);
#8184=ORIENTED_EDGE('',*,*,#8183,.T.);
#8186=ORIENTED_EDGE('',*,*,#8185,.T.);
#8188=ORIENTED_EDGE('',*,*,#8187,.F.);
#8190=ORIENTED_EDGE('',*,*,#8189,.F.);
#8192=ORIENTED_EDGE('',*,*,#8191,.T.);
#8194=ORIENTED_EDGE('',*,*,#8193,.T.);
#8196=ORIENTED_EDGE('',*,*,#8195,.F.);
#8198=ORIENTED_EDGE('',*,*,#8197,.F.);
#8200=ORIENTED_EDGE('',*,*,#8199,.T.);
#8202=ORIENTED_EDGE('',*,*,#8201,.T.);
#8204=ORIENTED_EDGE('',*,*,#8203,.F.);
#8206=ORIENTED_EDGE('',*,*,#8205,.F.);
#8208=ORIENTED_EDGE('',*,*,#8207,.T.);
#8210=ORIENTED_EDGE('',*,*,#8209,.T.);
#8212=ORIENTED_EDGE('',*,*,#8211,.F.);
#8214=ORIENTED_EDGE('',*,*,#8213,.F.);
#8216=ORIENTED_EDGE('',*,*,#8215,.T.);
#8218=ORIENTED_EDGE('',*,*,#8217,.T.);
#8220=ORIENTED_EDGE('',*,*,#8219,.F.);
#8222=ORIENTED_EDGE('',*,*,#8221,.F.);
#8224=ORIENTED_EDGE('',*,*,#8223,.T.);
#8226=ORIENTED_EDGE('',*,*,#8225,.T.);
#8228=ORIENTED_EDGE('',*,*,#8227,.F.);
#8230=ORIENTED_EDGE('',*,*,#8229,.F.);
#8232=ORIENTED_EDGE('',*,*,#8231,.T.);
#8234=ORIENTED_EDGE('',*,*,#8233,.T.);
#8236=ORIENTED_EDGE('',*,*,#8235,.F.);
#8238=ORIENTED_EDGE('',*,*,#8237,.F.);
#8240=ORIENTED_EDGE('',*,*,#8239,.T.);
#8242=ORIENTED_EDGE('',*,*,#8241,.T.);
#8244=ORIENTED_EDGE('',*,*,#8243,.F.);
#8246=ORIENTED_EDGE('',*,*,#8245,.F.);
#8248=ORIENTED_EDGE('',*,*,#8247,.T.);
#8250=ORIENTED_EDGE('',*,*,#8249,.T.);
#8252=ORIENTED_EDGE('',*,*,#8251,.F.);
#8254=ORIENTED_EDGE('',*,*,#8253,.F.);
#8256=ORIENTED_EDGE('',*,*,#8255,.T.);
#8258=ORIENTED_EDGE('',*,*,#8257,.T.);
#8260=ORIENTED_EDGE('',*,*,#8259,.F.);
#8262=ORIENTED_EDGE('',*,*,#8261,.F.);
#8264=ORIENTED_EDGE('',*,*,#8263,.T.);
#8266=ORIENTED_EDGE('',*,*,#8265,.T.);
#8268=ORIENTED_EDGE('',*,*,#8267,.F.);
#8270=ORIENTED_EDGE('',*,*,#8269,.F.);
#8272=ORIENTED_EDGE('',*,*,#8271,.T.);
#8273=EDGE_LOOP('',(#8156,#8158,#8160,#8162,#8164,#8165,#8166,#8168,#8170,#8172,
#8174,#8176,#8178,#8180,#8182,#8184,#8186,#8188,#8190,#8192,#8194,#8196,#8198,
#8200,#8202,#8204,#8206,#8208,#8210,#8212,#8214,#8216,#8218,#8220,#8222,#8224,
#8226,#8228,#8230,#8232,#8234,#8236,#8238,#8240,#8242,#8244,#8246,#8248,#8250,
#8252,#8254,#8256,#8258,#8260,#8262,#8264,#8266,#8268,#8270,#8272));
#8274=FACE_OUTER_BOUND('',#8273,.F.);
#8275=ADVANCED_FACE('',(#8274),#8154,.T.);
#8276=CARTESIAN_POINT('',(3.207E1,0.E0,-3.85E0));
#8277=DIRECTION('',(-1.E0,0.E0,0.E0));
#8278=DIRECTION('',(0.E0,0.E0,1.E0));
#8279=AXIS2_PLACEMENT_3D('',#8276,#8277,#8278);
#8280=PLANE('',#8279);
#8282=ORIENTED_EDGE('',*,*,#8281,.T.);
#8284=ORIENTED_EDGE('',*,*,#8283,.T.);
#8286=ORIENTED_EDGE('',*,*,#8285,.T.);
#8288=ORIENTED_EDGE('',*,*,#8287,.T.);
#8290=ORIENTED_EDGE('',*,*,#8289,.T.);
#8292=ORIENTED_EDGE('',*,*,#8291,.T.);
#8293=ORIENTED_EDGE('',*,*,#8155,.F.);
#8294=EDGE_LOOP('',(#8282,#8284,#8286,#8288,#8290,#8292,#8293));
#8295=FACE_OUTER_BOUND('',#8294,.F.);
#8296=ADVANCED_FACE('',(#8295),#8280,.F.);
#8297=CARTESIAN_POINT('',(-3.556E1,-2.75E0,-8.2E0));
#8298=DIRECTION('',(0.E0,0.E0,-1.E0));
#8299=DIRECTION('',(0.E0,1.E0,0.E0));
#8300=AXIS2_PLACEMENT_3D('',#8297,#8298,#8299);
#8301=PLANE('',#8300);
#8302=ORIENTED_EDGE('',*,*,#8281,.F.);
#8303=ORIENTED_EDGE('',*,*,#8271,.F.);
#8305=ORIENTED_EDGE('',*,*,#8304,.T.);
#8307=ORIENTED_EDGE('',*,*,#8306,.T.);
#8309=ORIENTED_EDGE('',*,*,#8308,.F.);
#8310=ORIENTED_EDGE('',*,*,#8263,.F.);
#8312=ORIENTED_EDGE('',*,*,#8311,.T.);
#8314=ORIENTED_EDGE('',*,*,#8313,.T.);
#8316=ORIENTED_EDGE('',*,*,#8315,.F.);
#8317=ORIENTED_EDGE('',*,*,#8255,.F.);
#8319=ORIENTED_EDGE('',*,*,#8318,.T.);
#8321=ORIENTED_EDGE('',*,*,#8320,.T.);
#8323=ORIENTED_EDGE('',*,*,#8322,.F.);
#8324=ORIENTED_EDGE('',*,*,#8247,.F.);
#8326=ORIENTED_EDGE('',*,*,#8325,.T.);
#8328=ORIENTED_EDGE('',*,*,#8327,.T.);
#8330=ORIENTED_EDGE('',*,*,#8329,.F.);
#8331=ORIENTED_EDGE('',*,*,#8239,.F.);
#8333=ORIENTED_EDGE('',*,*,#8332,.T.);
#8335=ORIENTED_EDGE('',*,*,#8334,.T.);
#8337=ORIENTED_EDGE('',*,*,#8336,.F.);
#8338=ORIENTED_EDGE('',*,*,#8231,.F.);
#8340=ORIENTED_EDGE('',*,*,#8339,.T.);
#8342=ORIENTED_EDGE('',*,*,#8341,.T.);
#8344=ORIENTED_EDGE('',*,*,#8343,.F.);
#8345=ORIENTED_EDGE('',*,*,#8223,.F.);
#8347=ORIENTED_EDGE('',*,*,#8346,.T.);
#8349=ORIENTED_EDGE('',*,*,#8348,.T.);
#8351=ORIENTED_EDGE('',*,*,#8350,.F.);
#8352=ORIENTED_EDGE('',*,*,#8215,.F.);
#8354=ORIENTED_EDGE('',*,*,#8353,.T.);
#8356=ORIENTED_EDGE('',*,*,#8355,.T.);
#8358=ORIENTED_EDGE('',*,*,#8357,.F.);
#8359=ORIENTED_EDGE('',*,*,#8207,.F.);
#8361=ORIENTED_EDGE('',*,*,#8360,.T.);
#8363=ORIENTED_EDGE('',*,*,#8362,.T.);
#8365=ORIENTED_EDGE('',*,*,#8364,.F.);
#8366=ORIENTED_EDGE('',*,*,#8199,.F.);
#8368=ORIENTED_EDGE('',*,*,#8367,.T.);
#8370=ORIENTED_EDGE('',*,*,#8369,.T.);
#8372=ORIENTED_EDGE('',*,*,#8371,.F.);
#8373=ORIENTED_EDGE('',*,*,#8191,.F.);
#8375=ORIENTED_EDGE('',*,*,#8374,.T.);
#8377=ORIENTED_EDGE('',*,*,#8376,.T.);
#8379=ORIENTED_EDGE('',*,*,#8378,.F.);
#8380=ORIENTED_EDGE('',*,*,#8183,.F.);
#8382=ORIENTED_EDGE('',*,*,#8381,.T.);
#8384=ORIENTED_EDGE('',*,*,#8383,.T.);
#8386=ORIENTED_EDGE('',*,*,#8385,.F.);
#8387=ORIENTED_EDGE('',*,*,#8175,.F.);
#8389=ORIENTED_EDGE('',*,*,#8388,.T.);
#8391=ORIENTED_EDGE('',*,*,#8390,.T.);
#8393=ORIENTED_EDGE('',*,*,#8392,.F.);
#8394=ORIENTED_EDGE('',*,*,#8167,.F.);
#8395=ORIENTED_EDGE('',*,*,#7351,.F.);
#8396=ORIENTED_EDGE('',*,*,#7414,.T.);
#8397=ORIENTED_EDGE('',*,*,#7690,.T.);
#8399=ORIENTED_EDGE('',*,*,#8398,.F.);
#8401=ORIENTED_EDGE('',*,*,#8400,.F.);
#8402=ORIENTED_EDGE('',*,*,#7443,.T.);
#8404=ORIENTED_EDGE('',*,*,#8403,.T.);
#8406=ORIENTED_EDGE('',*,*,#8405,.F.);
#8408=ORIENTED_EDGE('',*,*,#8407,.F.);
#8409=ORIENTED_EDGE('',*,*,#7459,.T.);
#8411=ORIENTED_EDGE('',*,*,#8410,.T.);
#8413=ORIENTED_EDGE('',*,*,#8412,.F.);
#8415=ORIENTED_EDGE('',*,*,#8414,.F.);
#8416=ORIENTED_EDGE('',*,*,#7475,.T.);
#8418=ORIENTED_EDGE('',*,*,#8417,.T.);
#8420=ORIENTED_EDGE('',*,*,#8419,.F.);
#8422=ORIENTED_EDGE('',*,*,#8421,.F.);
#8423=ORIENTED_EDGE('',*,*,#7491,.T.);
#8425=ORIENTED_EDGE('',*,*,#8424,.T.);
#8427=ORIENTED_EDGE('',*,*,#8426,.F.);
#8429=ORIENTED_EDGE('',*,*,#8428,.F.);
#8430=ORIENTED_EDGE('',*,*,#7507,.T.);
#8432=ORIENTED_EDGE('',*,*,#8431,.T.);
#8434=ORIENTED_EDGE('',*,*,#8433,.F.);
#8436=ORIENTED_EDGE('',*,*,#8435,.F.);
#8437=ORIENTED_EDGE('',*,*,#7523,.T.);
#8439=ORIENTED_EDGE('',*,*,#8438,.T.);
#8441=ORIENTED_EDGE('',*,*,#8440,.F.);
#8443=ORIENTED_EDGE('',*,*,#8442,.F.);
#8444=ORIENTED_EDGE('',*,*,#7539,.T.);
#8446=ORIENTED_EDGE('',*,*,#8445,.T.);
#8448=ORIENTED_EDGE('',*,*,#8447,.F.);
#8450=ORIENTED_EDGE('',*,*,#8449,.F.);
#8451=ORIENTED_EDGE('',*,*,#7555,.T.);
#8453=ORIENTED_EDGE('',*,*,#8452,.T.);
#8455=ORIENTED_EDGE('',*,*,#8454,.F.);
#8457=ORIENTED_EDGE('',*,*,#8456,.F.);
#8458=ORIENTED_EDGE('',*,*,#7571,.T.);
#8460=ORIENTED_EDGE('',*,*,#8459,.T.);
#8462=ORIENTED_EDGE('',*,*,#8461,.F.);
#8464=ORIENTED_EDGE('',*,*,#8463,.F.);
#8465=ORIENTED_EDGE('',*,*,#7587,.T.);
#8467=ORIENTED_EDGE('',*,*,#8466,.T.);
#8469=ORIENTED_EDGE('',*,*,#8468,.F.);
#8471=ORIENTED_EDGE('',*,*,#8470,.F.);
#8472=ORIENTED_EDGE('',*,*,#7603,.T.);
#8474=ORIENTED_EDGE('',*,*,#8473,.T.);
#8476=ORIENTED_EDGE('',*,*,#8475,.F.);
#8478=ORIENTED_EDGE('',*,*,#8477,.F.);
#8479=ORIENTED_EDGE('',*,*,#7619,.T.);
#8481=ORIENTED_EDGE('',*,*,#8480,.T.);
#8483=ORIENTED_EDGE('',*,*,#8482,.F.);
#8485=ORIENTED_EDGE('',*,*,#8484,.F.);
#8486=ORIENTED_EDGE('',*,*,#7653,.T.);
#8488=ORIENTED_EDGE('',*,*,#8487,.T.);
#8490=ORIENTED_EDGE('',*,*,#8489,.F.);
#8492=ORIENTED_EDGE('',*,*,#8491,.F.);
#8493=ORIENTED_EDGE('',*,*,#7667,.T.);
#8495=ORIENTED_EDGE('',*,*,#8494,.T.);
#8496=ORIENTED_EDGE('',*,*,#8161,.F.);
#8498=ORIENTED_EDGE('',*,*,#8497,.T.);
#8500=ORIENTED_EDGE('',*,*,#8499,.T.);
#8501=EDGE_LOOP('',(#8302,#8303,#8305,#8307,#8309,#8310,#8312,#8314,#8316,#8317,
#8319,#8321,#8323,#8324,#8326,#8328,#8330,#8331,#8333,#8335,#8337,#8338,#8340,
#8342,#8344,#8345,#8347,#8349,#8351,#8352,#8354,#8356,#8358,#8359,#8361,#8363,
#8365,#8366,#8368,#8370,#8372,#8373,#8375,#8377,#8379,#8380,#8382,#8384,#8386,
#8387,#8389,#8391,#8393,#8394,#8395,#8396,#8397,#8399,#8401,#8402,#8404,#8406,
#8408,#8409,#8411,#8413,#8415,#8416,#8418,#8420,#8422,#8423,#8425,#8427,#8429,
#8430,#8432,#8434,#8436,#8437,#8439,#8441,#8443,#8444,#8446,#8448,#8450,#8451,
#8453,#8455,#8457,#8458,#8460,#8462,#8464,#8465,#8467,#8469,#8471,#8472,#8474,
#8476,#8478,#8479,#8481,#8483,#8485,#8486,#8488,#8490,#8492,#8493,#8495,#8496,
#8498,#8500));
#8502=FACE_OUTER_BOUND('',#8501,.F.);
#8503=ADVANCED_FACE('',(#8502),#8301,.T.);
#8504=CARTESIAN_POINT('',(2.889E1,0.E0,-3.85E0));
#8505=DIRECTION('',(-1.E0,0.E0,0.E0));
#8506=DIRECTION('',(0.E0,0.E0,1.E0));
#8507=AXIS2_PLACEMENT_3D('',#8504,#8505,#8506);
#8508=PLANE('',#8507);
#8509=ORIENTED_EDGE('',*,*,#8304,.F.);
#8510=ORIENTED_EDGE('',*,*,#8269,.T.);
#8512=ORIENTED_EDGE('',*,*,#8511,.F.);
#8514=ORIENTED_EDGE('',*,*,#8513,.F.);
#8516=ORIENTED_EDGE('',*,*,#8515,.F.);
#8518=ORIENTED_EDGE('',*,*,#8517,.F.);
#8520=ORIENTED_EDGE('',*,*,#8519,.F.);
#8521=EDGE_LOOP('',(#8509,#8510,#8512,#8514,#8516,#8518,#8520));
#8522=FACE_OUTER_BOUND('',#8521,.F.);
#8523=ADVANCED_FACE('',(#8522),#8508,.T.);
#8524=CARTESIAN_POINT('',(2.699E1,1.05E0,-7.4E0));
#8525=DIRECTION('',(0.E0,0.E0,1.E0));
#8526=DIRECTION('',(0.E0,1.E0,0.E0));
#8527=AXIS2_PLACEMENT_3D('',#8524,#8525,#8526);
#8528=PLANE('',#8527);
#8529=ORIENTED_EDGE('',*,*,#8267,.T.);
#8531=ORIENTED_EDGE('',*,*,#8530,.F.);
#8533=ORIENTED_EDGE('',*,*,#8532,.T.);
#8534=ORIENTED_EDGE('',*,*,#8511,.T.);
#8535=EDGE_LOOP('',(#8529,#8531,#8533,#8534));
#8536=FACE_OUTER_BOUND('',#8535,.F.);
#8537=ADVANCED_FACE('',(#8536),#8528,.F.);
#8538=CARTESIAN_POINT('',(2.699E1,0.E0,-3.85E0));
#8539=DIRECTION('',(-1.E0,0.E0,0.E0));
#8540=DIRECTION('',(0.E0,0.E0,1.E0));
#8541=AXIS2_PLACEMENT_3D('',#8538,#8539,#8540);
#8542=PLANE('',#8541);
#8543=ORIENTED_EDGE('',*,*,#8308,.T.);
#8545=ORIENTED_EDGE('',*,*,#8544,.T.);
#8547=ORIENTED_EDGE('',*,*,#8546,.T.);
#8549=ORIENTED_EDGE('',*,*,#8548,.T.);
#8551=ORIENTED_EDGE('',*,*,#8550,.T.);
#8552=ORIENTED_EDGE('',*,*,#8530,.T.);
#8553=ORIENTED_EDGE('',*,*,#8265,.F.);
#8554=EDGE_LOOP('',(#8543,#8545,#8547,#8549,#8551,#8552,#8553));
#8555=FACE_OUTER_BOUND('',#8554,.F.);
#8556=ADVANCED_FACE('',(#8555),#8542,.F.);
#8557=CARTESIAN_POINT('',(2.699E1,-1.55E0,-8.2E0));
#8558=DIRECTION('',(0.E0,-2.374530904770E-1,9.713990064968E-1));
#8559=DIRECTION('',(0.E0,9.713990064968E-1,2.374530904770E-1));
#8560=AXIS2_PLACEMENT_3D('',#8557,#8558,#8559);
#8561=PLANE('',#8560);
#8562=ORIENTED_EDGE('',*,*,#8306,.F.);
#8563=ORIENTED_EDGE('',*,*,#8519,.T.);
#8565=ORIENTED_EDGE('',*,*,#8564,.F.);
#8566=ORIENTED_EDGE('',*,*,#8544,.F.);
#8567=EDGE_LOOP('',(#8562,#8563,#8565,#8566));
#8568=FACE_OUTER_BOUND('',#8567,.F.);
#8569=ADVANCED_FACE('',(#8568),#8561,.F.);
#8570=CARTESIAN_POINT('',(2.699E1,-6.5E-1,-7.98E0));
#8571=DIRECTION('',(0.E0,-1.E0,0.E0));
#8572=DIRECTION('',(0.E0,0.E0,1.E0));
#8573=AXIS2_PLACEMENT_3D('',#8570,#8571,#8572);
#8574=PLANE('',#8573);
#8575=ORIENTED_EDGE('',*,*,#8546,.F.);
#8576=ORIENTED_EDGE('',*,*,#8564,.T.);
#8577=ORIENTED_EDGE('',*,*,#8517,.T.);
#8579=ORIENTED_EDGE('',*,*,#8578,.F.);
#8580=EDGE_LOOP('',(#8575,#8576,#8577,#8579));
#8581=FACE_OUTER_BOUND('',#8580,.F.);
#8582=ADVANCED_FACE('',(#8581),#8574,.F.);
#8583=CARTESIAN_POINT('',(2.699E1,-6.5E-1,-7.3E0));
#8584=DIRECTION('',(0.E0,0.E0,1.E0));
#8585=DIRECTION('',(0.E0,1.E0,0.E0));
#8586=AXIS2_PLACEMENT_3D('',#8583,#8584,#8585);
#8587=PLANE('',#8586);
#8588=ORIENTED_EDGE('',*,*,#8548,.F.);
#8589=ORIENTED_EDGE('',*,*,#8578,.T.);
#8590=ORIENTED_EDGE('',*,*,#8515,.T.);
#8592=ORIENTED_EDGE('',*,*,#8591,.F.);
#8593=EDGE_LOOP('',(#8588,#8589,#8590,#8592));
#8594=FACE_OUTER_BOUND('',#8593,.F.);
#8595=ADVANCED_FACE('',(#8594),#8587,.F.);
#8596=CARTESIAN_POINT('',(2.699E1,1.05E0,-7.3E0));
#8597=DIRECTION('',(0.E0,1.E0,0.E0));
#8598=DIRECTION('',(0.E0,0.E0,-1.E0));
#8599=AXIS2_PLACEMENT_3D('',#8596,#8597,#8598);
#8600=PLANE('',#8599);
#8601=ORIENTED_EDGE('',*,*,#8550,.F.);
#8602=ORIENTED_EDGE('',*,*,#8591,.T.);
#8603=ORIENTED_EDGE('',*,*,#8513,.T.);
#8604=ORIENTED_EDGE('',*,*,#8532,.F.);
#8605=EDGE_LOOP('',(#8601,#8602,#8603,#8604));
#8606=FACE_OUTER_BOUND('',#8605,.F.);
#8607=ADVANCED_FACE('',(#8606),#8600,.F.);
#8608=CARTESIAN_POINT('',(2.381E1,0.E0,-3.85E0));
#8609=DIRECTION('',(-1.E0,0.E0,0.E0));
#8610=DIRECTION('',(0.E0,0.E0,1.E0));
#8611=AXIS2_PLACEMENT_3D('',#8608,#8609,#8610);
#8612=PLANE('',#8611);
#8613=ORIENTED_EDGE('',*,*,#8311,.F.);
#8614=ORIENTED_EDGE('',*,*,#8261,.T.);
#8616=ORIENTED_EDGE('',*,*,#8615,.F.);
#8618=ORIENTED_EDGE('',*,*,#8617,.F.);
#8620=ORIENTED_EDGE('',*,*,#8619,.F.);
#8622=ORIENTED_EDGE('',*,*,#8621,.F.);
#8624=ORIENTED_EDGE('',*,*,#8623,.F.);
#8625=EDGE_LOOP('',(#8613,#8614,#8616,#8618,#8620,#8622,#8624));
#8626=FACE_OUTER_BOUND('',#8625,.F.);
#8627=ADVANCED_FACE('',(#8626),#8612,.T.);
#8628=CARTESIAN_POINT('',(2.191E1,1.05E0,-7.4E0));
#8629=DIRECTION('',(0.E0,0.E0,1.E0));
#8630=DIRECTION('',(0.E0,1.E0,0.E0));
#8631=AXIS2_PLACEMENT_3D('',#8628,#8629,#8630);
#8632=PLANE('',#8631);
#8633=ORIENTED_EDGE('',*,*,#8259,.T.);
#8635=ORIENTED_EDGE('',*,*,#8634,.F.);
#8637=ORIENTED_EDGE('',*,*,#8636,.T.);
#8638=ORIENTED_EDGE('',*,*,#8615,.T.);
#8639=EDGE_LOOP('',(#8633,#8635,#8637,#8638));
#8640=FACE_OUTER_BOUND('',#8639,.F.);
#8641=ADVANCED_FACE('',(#8640),#8632,.F.);
#8642=CARTESIAN_POINT('',(2.191E1,0.E0,-3.85E0));
#8643=DIRECTION('',(-1.E0,0.E0,0.E0));
#8644=DIRECTION('',(0.E0,0.E0,1.E0));
#8645=AXIS2_PLACEMENT_3D('',#8642,#8643,#8644);
#8646=PLANE('',#8645);
#8647=ORIENTED_EDGE('',*,*,#8315,.T.);
#8649=ORIENTED_EDGE('',*,*,#8648,.T.);
#8651=ORIENTED_EDGE('',*,*,#8650,.T.);
#8653=ORIENTED_EDGE('',*,*,#8652,.T.);
#8655=ORIENTED_EDGE('',*,*,#8654,.T.);
#8656=ORIENTED_EDGE('',*,*,#8634,.T.);
#8657=ORIENTED_EDGE('',*,*,#8257,.F.);
#8658=EDGE_LOOP('',(#8647,#8649,#8651,#8653,#8655,#8656,#8657));
#8659=FACE_OUTER_BOUND('',#8658,.F.);
#8660=ADVANCED_FACE('',(#8659),#8646,.F.);
#8661=CARTESIAN_POINT('',(2.191E1,-1.55E0,-8.2E0));
#8662=DIRECTION('',(0.E0,-2.374530904770E-1,9.713990064968E-1));
#8663=DIRECTION('',(0.E0,9.713990064968E-1,2.374530904770E-1));
#8664=AXIS2_PLACEMENT_3D('',#8661,#8662,#8663);
#8665=PLANE('',#8664);
#8666=ORIENTED_EDGE('',*,*,#8313,.F.);
#8667=ORIENTED_EDGE('',*,*,#8623,.T.);
#8669=ORIENTED_EDGE('',*,*,#8668,.F.);
#8670=ORIENTED_EDGE('',*,*,#8648,.F.);
#8671=EDGE_LOOP('',(#8666,#8667,#8669,#8670));
#8672=FACE_OUTER_BOUND('',#8671,.F.);
#8673=ADVANCED_FACE('',(#8672),#8665,.F.);
#8674=CARTESIAN_POINT('',(2.191E1,-6.5E-1,-7.98E0));
#8675=DIRECTION('',(0.E0,-1.E0,0.E0));
#8676=DIRECTION('',(0.E0,0.E0,1.E0));
#8677=AXIS2_PLACEMENT_3D('',#8674,#8675,#8676);
#8678=PLANE('',#8677);
#8679=ORIENTED_EDGE('',*,*,#8650,.F.);
#8680=ORIENTED_EDGE('',*,*,#8668,.T.);
#8681=ORIENTED_EDGE('',*,*,#8621,.T.);
#8683=ORIENTED_EDGE('',*,*,#8682,.F.);
#8684=EDGE_LOOP('',(#8679,#8680,#8681,#8683));
#8685=FACE_OUTER_BOUND('',#8684,.F.);
#8686=ADVANCED_FACE('',(#8685),#8678,.F.);
#8687=CARTESIAN_POINT('',(2.191E1,-6.5E-1,-7.3E0));
#8688=DIRECTION('',(0.E0,0.E0,1.E0));
#8689=DIRECTION('',(0.E0,1.E0,0.E0));
#8690=AXIS2_PLACEMENT_3D('',#8687,#8688,#8689);
#8691=PLANE('',#8690);
#8692=ORIENTED_EDGE('',*,*,#8652,.F.);
#8693=ORIENTED_EDGE('',*,*,#8682,.T.);
#8694=ORIENTED_EDGE('',*,*,#8619,.T.);
#8696=ORIENTED_EDGE('',*,*,#8695,.F.);
#8697=EDGE_LOOP('',(#8692,#8693,#8694,#8696));
#8698=FACE_OUTER_BOUND('',#8697,.F.);
#8699=ADVANCED_FACE('',(#8698),#8691,.F.);
#8700=CARTESIAN_POINT('',(2.191E1,1.05E0,-7.3E0));
#8701=DIRECTION('',(0.E0,1.E0,0.E0));
#8702=DIRECTION('',(0.E0,0.E0,-1.E0));
#8703=AXIS2_PLACEMENT_3D('',#8700,#8701,#8702);
#8704=PLANE('',#8703);
#8705=ORIENTED_EDGE('',*,*,#8654,.F.);
#8706=ORIENTED_EDGE('',*,*,#8695,.T.);
#8707=ORIENTED_EDGE('',*,*,#8617,.T.);
#8708=ORIENTED_EDGE('',*,*,#8636,.F.);
#8709=EDGE_LOOP('',(#8705,#8706,#8707,#8708));
#8710=FACE_OUTER_BOUND('',#8709,.F.);
#8711=ADVANCED_FACE('',(#8710),#8704,.F.);
#8712=CARTESIAN_POINT('',(1.873E1,0.E0,-3.85E0));
#8713=DIRECTION('',(-1.E0,0.E0,0.E0));
#8714=DIRECTION('',(0.E0,0.E0,1.E0));
#8715=AXIS2_PLACEMENT_3D('',#8712,#8713,#8714);
#8716=PLANE('',#8715);
#8717=ORIENTED_EDGE('',*,*,#8318,.F.);
#8718=ORIENTED_EDGE('',*,*,#8253,.T.);
#8720=ORIENTED_EDGE('',*,*,#8719,.F.);
#8722=ORIENTED_EDGE('',*,*,#8721,.F.);
#8724=ORIENTED_EDGE('',*,*,#8723,.F.);
#8726=ORIENTED_EDGE('',*,*,#8725,.F.);
#8728=ORIENTED_EDGE('',*,*,#8727,.F.);
#8729=EDGE_LOOP('',(#8717,#8718,#8720,#8722,#8724,#8726,#8728));
#8730=FACE_OUTER_BOUND('',#8729,.F.);
#8731=ADVANCED_FACE('',(#8730),#8716,.T.);
#8732=CARTESIAN_POINT('',(1.683E1,1.05E0,-7.4E0));
#8733=DIRECTION('',(0.E0,0.E0,1.E0));
#8734=DIRECTION('',(0.E0,1.E0,0.E0));
#8735=AXIS2_PLACEMENT_3D('',#8732,#8733,#8734);
#8736=PLANE('',#8735);
#8737=ORIENTED_EDGE('',*,*,#8251,.T.);
#8739=ORIENTED_EDGE('',*,*,#8738,.F.);
#8741=ORIENTED_EDGE('',*,*,#8740,.T.);
#8742=ORIENTED_EDGE('',*,*,#8719,.T.);
#8743=EDGE_LOOP('',(#8737,#8739,#8741,#8742));
#8744=FACE_OUTER_BOUND('',#8743,.F.);
#8745=ADVANCED_FACE('',(#8744),#8736,.F.);
#8746=CARTESIAN_POINT('',(1.683E1,0.E0,-3.85E0));
#8747=DIRECTION('',(-1.E0,0.E0,0.E0));
#8748=DIRECTION('',(0.E0,0.E0,1.E0));
#8749=AXIS2_PLACEMENT_3D('',#8746,#8747,#8748);
#8750=PLANE('',#8749);
#8751=ORIENTED_EDGE('',*,*,#8322,.T.);
#8753=ORIENTED_EDGE('',*,*,#8752,.T.);
#8755=ORIENTED_EDGE('',*,*,#8754,.T.);
#8757=ORIENTED_EDGE('',*,*,#8756,.T.);
#8759=ORIENTED_EDGE('',*,*,#8758,.T.);
#8760=ORIENTED_EDGE('',*,*,#8738,.T.);
#8761=ORIENTED_EDGE('',*,*,#8249,.F.);
#8762=EDGE_LOOP('',(#8751,#8753,#8755,#8757,#8759,#8760,#8761));
#8763=FACE_OUTER_BOUND('',#8762,.F.);
#8764=ADVANCED_FACE('',(#8763),#8750,.F.);
#8765=CARTESIAN_POINT('',(1.683E1,-1.55E0,-8.2E0));
#8766=DIRECTION('',(0.E0,-2.374530904770E-1,9.713990064968E-1));
#8767=DIRECTION('',(0.E0,9.713990064968E-1,2.374530904770E-1));
#8768=AXIS2_PLACEMENT_3D('',#8765,#8766,#8767);
#8769=PLANE('',#8768);
#8770=ORIENTED_EDGE('',*,*,#8320,.F.);
#8771=ORIENTED_EDGE('',*,*,#8727,.T.);
#8773=ORIENTED_EDGE('',*,*,#8772,.F.);
#8774=ORIENTED_EDGE('',*,*,#8752,.F.);
#8775=EDGE_LOOP('',(#8770,#8771,#8773,#8774));
#8776=FACE_OUTER_BOUND('',#8775,.F.);
#8777=ADVANCED_FACE('',(#8776),#8769,.F.);
#8778=CARTESIAN_POINT('',(1.683E1,-6.5E-1,-7.98E0));
#8779=DIRECTION('',(0.E0,-1.E0,0.E0));
#8780=DIRECTION('',(0.E0,0.E0,1.E0));
#8781=AXIS2_PLACEMENT_3D('',#8778,#8779,#8780);
#8782=PLANE('',#8781);
#8783=ORIENTED_EDGE('',*,*,#8754,.F.);
#8784=ORIENTED_EDGE('',*,*,#8772,.T.);
#8785=ORIENTED_EDGE('',*,*,#8725,.T.);
#8787=ORIENTED_EDGE('',*,*,#8786,.F.);
#8788=EDGE_LOOP('',(#8783,#8784,#8785,#8787));
#8789=FACE_OUTER_BOUND('',#8788,.F.);
#8790=ADVANCED_FACE('',(#8789),#8782,.F.);
#8791=CARTESIAN_POINT('',(1.683E1,-6.5E-1,-7.3E0));
#8792=DIRECTION('',(0.E0,0.E0,1.E0));
#8793=DIRECTION('',(0.E0,1.E0,0.E0));
#8794=AXIS2_PLACEMENT_3D('',#8791,#8792,#8793);
#8795=PLANE('',#8794);
#8796=ORIENTED_EDGE('',*,*,#8756,.F.);
#8797=ORIENTED_EDGE('',*,*,#8786,.T.);
#8798=ORIENTED_EDGE('',*,*,#8723,.T.);
#8800=ORIENTED_EDGE('',*,*,#8799,.F.);
#8801=EDGE_LOOP('',(#8796,#8797,#8798,#8800));
#8802=FACE_OUTER_BOUND('',#8801,.F.);
#8803=ADVANCED_FACE('',(#8802),#8795,.F.);
#8804=CARTESIAN_POINT('',(1.683E1,1.05E0,-7.3E0));
#8805=DIRECTION('',(0.E0,1.E0,0.E0));
#8806=DIRECTION('',(0.E0,0.E0,-1.E0));
#8807=AXIS2_PLACEMENT_3D('',#8804,#8805,#8806);
#8808=PLANE('',#8807);
#8809=ORIENTED_EDGE('',*,*,#8758,.F.);
#8810=ORIENTED_EDGE('',*,*,#8799,.T.);
#8811=ORIENTED_EDGE('',*,*,#8721,.T.);
#8812=ORIENTED_EDGE('',*,*,#8740,.F.);
#8813=EDGE_LOOP('',(#8809,#8810,#8811,#8812));
#8814=FACE_OUTER_BOUND('',#8813,.F.);
#8815=ADVANCED_FACE('',(#8814),#8808,.F.);
#8816=CARTESIAN_POINT('',(1.365E1,0.E0,-3.85E0));
#8817=DIRECTION('',(-1.E0,0.E0,0.E0));
#8818=DIRECTION('',(0.E0,0.E0,1.E0));
#8819=AXIS2_PLACEMENT_3D('',#8816,#8817,#8818);
#8820=PLANE('',#8819);
#8821=ORIENTED_EDGE('',*,*,#8325,.F.);
#8822=ORIENTED_EDGE('',*,*,#8245,.T.);
#8824=ORIENTED_EDGE('',*,*,#8823,.F.);
#8826=ORIENTED_EDGE('',*,*,#8825,.F.);
#8828=ORIENTED_EDGE('',*,*,#8827,.F.);
#8830=ORIENTED_EDGE('',*,*,#8829,.F.);
#8832=ORIENTED_EDGE('',*,*,#8831,.F.);
#8833=EDGE_LOOP('',(#8821,#8822,#8824,#8826,#8828,#8830,#8832));
#8834=FACE_OUTER_BOUND('',#8833,.F.);
#8835=ADVANCED_FACE('',(#8834),#8820,.T.);
#8836=CARTESIAN_POINT('',(1.175E1,1.05E0,-7.4E0));
#8837=DIRECTION('',(0.E0,0.E0,1.E0));
#8838=DIRECTION('',(0.E0,1.E0,0.E0));
#8839=AXIS2_PLACEMENT_3D('',#8836,#8837,#8838);
#8840=PLANE('',#8839);
#8841=ORIENTED_EDGE('',*,*,#8243,.T.);
#8843=ORIENTED_EDGE('',*,*,#8842,.F.);
#8845=ORIENTED_EDGE('',*,*,#8844,.T.);
#8846=ORIENTED_EDGE('',*,*,#8823,.T.);
#8847=EDGE_LOOP('',(#8841,#8843,#8845,#8846));
#8848=FACE_OUTER_BOUND('',#8847,.F.);
#8849=ADVANCED_FACE('',(#8848),#8840,.F.);
#8850=CARTESIAN_POINT('',(1.175E1,0.E0,-3.85E0));
#8851=DIRECTION('',(-1.E0,0.E0,0.E0));
#8852=DIRECTION('',(0.E0,0.E0,1.E0));
#8853=AXIS2_PLACEMENT_3D('',#8850,#8851,#8852);
#8854=PLANE('',#8853);
#8855=ORIENTED_EDGE('',*,*,#8329,.T.);
#8857=ORIENTED_EDGE('',*,*,#8856,.T.);
#8859=ORIENTED_EDGE('',*,*,#8858,.T.);
#8861=ORIENTED_EDGE('',*,*,#8860,.T.);
#8863=ORIENTED_EDGE('',*,*,#8862,.T.);
#8864=ORIENTED_EDGE('',*,*,#8842,.T.);
#8865=ORIENTED_EDGE('',*,*,#8241,.F.);
#8866=EDGE_LOOP('',(#8855,#8857,#8859,#8861,#8863,#8864,#8865));
#8867=FACE_OUTER_BOUND('',#8866,.F.);
#8868=ADVANCED_FACE('',(#8867),#8854,.F.);
#8869=CARTESIAN_POINT('',(1.175E1,-1.55E0,-8.2E0));
#8870=DIRECTION('',(0.E0,-2.374530904770E-1,9.713990064968E-1));
#8871=DIRECTION('',(0.E0,9.713990064968E-1,2.374530904770E-1));
#8872=AXIS2_PLACEMENT_3D('',#8869,#8870,#8871);
#8873=PLANE('',#8872);
#8874=ORIENTED_EDGE('',*,*,#8327,.F.);
#8875=ORIENTED_EDGE('',*,*,#8831,.T.);
#8877=ORIENTED_EDGE('',*,*,#8876,.F.);
#8878=ORIENTED_EDGE('',*,*,#8856,.F.);
#8879=EDGE_LOOP('',(#8874,#8875,#8877,#8878));
#8880=FACE_OUTER_BOUND('',#8879,.F.);
#8881=ADVANCED_FACE('',(#8880),#8873,.F.);
#8882=CARTESIAN_POINT('',(1.175E1,-6.5E-1,-7.98E0));
#8883=DIRECTION('',(0.E0,-1.E0,0.E0));
#8884=DIRECTION('',(0.E0,0.E0,1.E0));
#8885=AXIS2_PLACEMENT_3D('',#8882,#8883,#8884);
#8886=PLANE('',#8885);
#8887=ORIENTED_EDGE('',*,*,#8858,.F.);
#8888=ORIENTED_EDGE('',*,*,#8876,.T.);
#8889=ORIENTED_EDGE('',*,*,#8829,.T.);
#8891=ORIENTED_EDGE('',*,*,#8890,.F.);
#8892=EDGE_LOOP('',(#8887,#8888,#8889,#8891));
#8893=FACE_OUTER_BOUND('',#8892,.F.);
#8894=ADVANCED_FACE('',(#8893),#8886,.F.);
#8895=CARTESIAN_POINT('',(1.175E1,-6.5E-1,-7.3E0));
#8896=DIRECTION('',(0.E0,0.E0,1.E0));
#8897=DIRECTION('',(0.E0,1.E0,0.E0));
#8898=AXIS2_PLACEMENT_3D('',#8895,#8896,#8897);
#8899=PLANE('',#8898);
#8900=ORIENTED_EDGE('',*,*,#8860,.F.);
#8901=ORIENTED_EDGE('',*,*,#8890,.T.);
#8902=ORIENTED_EDGE('',*,*,#8827,.T.);
#8904=ORIENTED_EDGE('',*,*,#8903,.F.);
#8905=EDGE_LOOP('',(#8900,#8901,#8902,#8904));
#8906=FACE_OUTER_BOUND('',#8905,.F.);
#8907=ADVANCED_FACE('',(#8906),#8899,.F.);
#8908=CARTESIAN_POINT('',(1.175E1,1.05E0,-7.3E0));
#8909=DIRECTION('',(0.E0,1.E0,0.E0));
#8910=DIRECTION('',(0.E0,0.E0,-1.E0));
#8911=AXIS2_PLACEMENT_3D('',#8908,#8909,#8910);
#8912=PLANE('',#8911);
#8913=ORIENTED_EDGE('',*,*,#8862,.F.);
#8914=ORIENTED_EDGE('',*,*,#8903,.T.);
#8915=ORIENTED_EDGE('',*,*,#8825,.T.);
#8916=ORIENTED_EDGE('',*,*,#8844,.F.);
#8917=EDGE_LOOP('',(#8913,#8914,#8915,#8916));
#8918=FACE_OUTER_BOUND('',#8917,.F.);
#8919=ADVANCED_FACE('',(#8918),#8912,.F.);
#8920=CARTESIAN_POINT('',(8.57E0,0.E0,-3.85E0));
#8921=DIRECTION('',(-1.E0,0.E0,0.E0));
#8922=DIRECTION('',(0.E0,0.E0,1.E0));
#8923=AXIS2_PLACEMENT_3D('',#8920,#8921,#8922);
#8924=PLANE('',#8923);
#8925=ORIENTED_EDGE('',*,*,#8332,.F.);
#8926=ORIENTED_EDGE('',*,*,#8237,.T.);
#8928=ORIENTED_EDGE('',*,*,#8927,.F.);
#8930=ORIENTED_EDGE('',*,*,#8929,.F.);
#8932=ORIENTED_EDGE('',*,*,#8931,.F.);
#8934=ORIENTED_EDGE('',*,*,#8933,.F.);
#8936=ORIENTED_EDGE('',*,*,#8935,.F.);
#8937=EDGE_LOOP('',(#8925,#8926,#8928,#8930,#8932,#8934,#8936));
#8938=FACE_OUTER_BOUND('',#8937,.F.);
#8939=ADVANCED_FACE('',(#8938),#8924,.T.);
#8940=CARTESIAN_POINT('',(6.67E0,1.05E0,-7.4E0));
#8941=DIRECTION('',(0.E0,0.E0,1.E0));
#8942=DIRECTION('',(0.E0,1.E0,0.E0));
#8943=AXIS2_PLACEMENT_3D('',#8940,#8941,#8942);
#8944=PLANE('',#8943);
#8945=ORIENTED_EDGE('',*,*,#8235,.T.);
#8947=ORIENTED_EDGE('',*,*,#8946,.F.);
#8949=ORIENTED_EDGE('',*,*,#8948,.T.);
#8950=ORIENTED_EDGE('',*,*,#8927,.T.);
#8951=EDGE_LOOP('',(#8945,#8947,#8949,#8950));
#8952=FACE_OUTER_BOUND('',#8951,.F.);
#8953=ADVANCED_FACE('',(#8952),#8944,.F.);
#8954=CARTESIAN_POINT('',(6.67E0,0.E0,-3.85E0));
#8955=DIRECTION('',(-1.E0,0.E0,0.E0));
#8956=DIRECTION('',(0.E0,0.E0,1.E0));
#8957=AXIS2_PLACEMENT_3D('',#8954,#8955,#8956);
#8958=PLANE('',#8957);
#8959=ORIENTED_EDGE('',*,*,#8336,.T.);
#8961=ORIENTED_EDGE('',*,*,#8960,.T.);
#8963=ORIENTED_EDGE('',*,*,#8962,.T.);
#8965=ORIENTED_EDGE('',*,*,#8964,.T.);
#8967=ORIENTED_EDGE('',*,*,#8966,.T.);
#8968=ORIENTED_EDGE('',*,*,#8946,.T.);
#8969=ORIENTED_EDGE('',*,*,#8233,.F.);
#8970=EDGE_LOOP('',(#8959,#8961,#8963,#8965,#8967,#8968,#8969));
#8971=FACE_OUTER_BOUND('',#8970,.F.);
#8972=ADVANCED_FACE('',(#8971),#8958,.F.);
#8973=CARTESIAN_POINT('',(6.67E0,-1.55E0,-8.2E0));
#8974=DIRECTION('',(0.E0,-2.374530904770E-1,9.713990064968E-1));
#8975=DIRECTION('',(0.E0,9.713990064968E-1,2.374530904770E-1));
#8976=AXIS2_PLACEMENT_3D('',#8973,#8974,#8975);
#8977=PLANE('',#8976);
#8978=ORIENTED_EDGE('',*,*,#8334,.F.);
#8979=ORIENTED_EDGE('',*,*,#8935,.T.);
#8981=ORIENTED_EDGE('',*,*,#8980,.F.);
#8982=ORIENTED_EDGE('',*,*,#8960,.F.);
#8983=EDGE_LOOP('',(#8978,#8979,#8981,#8982));
#8984=FACE_OUTER_BOUND('',#8983,.F.);
#8985=ADVANCED_FACE('',(#8984),#8977,.F.);
#8986=CARTESIAN_POINT('',(6.67E0,-6.5E-1,-7.98E0));
#8987=DIRECTION('',(0.E0,-1.E0,0.E0));
#8988=DIRECTION('',(0.E0,0.E0,1.E0));
#8989=AXIS2_PLACEMENT_3D('',#8986,#8987,#8988);
#8990=PLANE('',#8989);
#8991=ORIENTED_EDGE('',*,*,#8962,.F.);
#8992=ORIENTED_EDGE('',*,*,#8980,.T.);
#8993=ORIENTED_EDGE('',*,*,#8933,.T.);
#8995=ORIENTED_EDGE('',*,*,#8994,.F.);
#8996=EDGE_LOOP('',(#8991,#8992,#8993,#8995));
#8997=FACE_OUTER_BOUND('',#8996,.F.);
#8998=ADVANCED_FACE('',(#8997),#8990,.F.);
#8999=CARTESIAN_POINT('',(6.67E0,-6.5E-1,-7.3E0));
#9000=DIRECTION('',(0.E0,0.E0,1.E0));
#9001=DIRECTION('',(0.E0,1.E0,0.E0));
#9002=AXIS2_PLACEMENT_3D('',#8999,#9000,#9001);
#9003=PLANE('',#9002);
#9004=ORIENTED_EDGE('',*,*,#8964,.F.);
#9005=ORIENTED_EDGE('',*,*,#8994,.T.);
#9006=ORIENTED_EDGE('',*,*,#8931,.T.);
#9008=ORIENTED_EDGE('',*,*,#9007,.F.);
#9009=EDGE_LOOP('',(#9004,#9005,#9006,#9008));
#9010=FACE_OUTER_BOUND('',#9009,.F.);
#9011=ADVANCED_FACE('',(#9010),#9003,.F.);
#9012=CARTESIAN_POINT('',(6.67E0,1.05E0,-7.3E0));
#9013=DIRECTION('',(0.E0,1.E0,0.E0));
#9014=DIRECTION('',(0.E0,0.E0,-1.E0));
#9015=AXIS2_PLACEMENT_3D('',#9012,#9013,#9014);
#9016=PLANE('',#9015);
#9017=ORIENTED_EDGE('',*,*,#8966,.F.);
#9018=ORIENTED_EDGE('',*,*,#9007,.T.);
#9019=ORIENTED_EDGE('',*,*,#8929,.T.);
#9020=ORIENTED_EDGE('',*,*,#8948,.F.);
#9021=EDGE_LOOP('',(#9017,#9018,#9019,#9020));
#9022=FACE_OUTER_BOUND('',#9021,.F.);
#9023=ADVANCED_FACE('',(#9022),#9016,.F.);
#9024=CARTESIAN_POINT('',(3.49E0,0.E0,-3.85E0));
#9025=DIRECTION('',(-1.E0,0.E0,0.E0));
#9026=DIRECTION('',(0.E0,0.E0,1.E0));
#9027=AXIS2_PLACEMENT_3D('',#9024,#9025,#9026);
#9028=PLANE('',#9027);
#9029=ORIENTED_EDGE('',*,*,#8339,.F.);
#9030=ORIENTED_EDGE('',*,*,#8229,.T.);
#9032=ORIENTED_EDGE('',*,*,#9031,.F.);
#9034=ORIENTED_EDGE('',*,*,#9033,.F.);
#9036=ORIENTED_EDGE('',*,*,#9035,.F.);
#9038=ORIENTED_EDGE('',*,*,#9037,.F.);
#9040=ORIENTED_EDGE('',*,*,#9039,.F.);
#9041=EDGE_LOOP('',(#9029,#9030,#9032,#9034,#9036,#9038,#9040));
#9042=FACE_OUTER_BOUND('',#9041,.F.);
#9043=ADVANCED_FACE('',(#9042),#9028,.T.);
#9044=CARTESIAN_POINT('',(1.59E0,1.05E0,-7.4E0));
#9045=DIRECTION('',(0.E0,0.E0,1.E0));
#9046=DIRECTION('',(0.E0,1.E0,0.E0));
#9047=AXIS2_PLACEMENT_3D('',#9044,#9045,#9046);
#9048=PLANE('',#9047);
#9049=ORIENTED_EDGE('',*,*,#8227,.T.);
#9051=ORIENTED_EDGE('',*,*,#9050,.F.);
#9053=ORIENTED_EDGE('',*,*,#9052,.T.);
#9054=ORIENTED_EDGE('',*,*,#9031,.T.);
#9055=EDGE_LOOP('',(#9049,#9051,#9053,#9054));
#9056=FACE_OUTER_BOUND('',#9055,.F.);
#9057=ADVANCED_FACE('',(#9056),#9048,.F.);
#9058=CARTESIAN_POINT('',(1.59E0,0.E0,-3.85E0));
#9059=DIRECTION('',(-1.E0,0.E0,0.E0));
#9060=DIRECTION('',(0.E0,0.E0,1.E0));
#9061=AXIS2_PLACEMENT_3D('',#9058,#9059,#9060);
#9062=PLANE('',#9061);
#9063=ORIENTED_EDGE('',*,*,#8343,.T.);
#9065=ORIENTED_EDGE('',*,*,#9064,.T.);
#9067=ORIENTED_EDGE('',*,*,#9066,.T.);
#9069=ORIENTED_EDGE('',*,*,#9068,.T.);
#9071=ORIENTED_EDGE('',*,*,#9070,.T.);
#9072=ORIENTED_EDGE('',*,*,#9050,.T.);
#9073=ORIENTED_EDGE('',*,*,#8225,.F.);
#9074=EDGE_LOOP('',(#9063,#9065,#9067,#9069,#9071,#9072,#9073));
#9075=FACE_OUTER_BOUND('',#9074,.F.);
#9076=ADVANCED_FACE('',(#9075),#9062,.F.);
#9077=CARTESIAN_POINT('',(1.59E0,-1.55E0,-8.2E0));
#9078=DIRECTION('',(0.E0,-2.374530904770E-1,9.713990064968E-1));
#9079=DIRECTION('',(0.E0,9.713990064968E-1,2.374530904770E-1));
#9080=AXIS2_PLACEMENT_3D('',#9077,#9078,#9079);
#9081=PLANE('',#9080);
#9082=ORIENTED_EDGE('',*,*,#8341,.F.);
#9083=ORIENTED_EDGE('',*,*,#9039,.T.);
#9085=ORIENTED_EDGE('',*,*,#9084,.F.);
#9086=ORIENTED_EDGE('',*,*,#9064,.F.);
#9087=EDGE_LOOP('',(#9082,#9083,#9085,#9086));
#9088=FACE_OUTER_BOUND('',#9087,.F.);
#9089=ADVANCED_FACE('',(#9088),#9081,.F.);
#9090=CARTESIAN_POINT('',(1.59E0,-6.5E-1,-7.98E0));
#9091=DIRECTION('',(0.E0,-1.E0,0.E0));
#9092=DIRECTION('',(0.E0,0.E0,1.E0));
#9093=AXIS2_PLACEMENT_3D('',#9090,#9091,#9092);
#9094=PLANE('',#9093);
#9095=ORIENTED_EDGE('',*,*,#9066,.F.);
#9096=ORIENTED_EDGE('',*,*,#9084,.T.);
#9097=ORIENTED_EDGE('',*,*,#9037,.T.);
#9099=ORIENTED_EDGE('',*,*,#9098,.F.);
#9100=EDGE_LOOP('',(#9095,#9096,#9097,#9099));
#9101=FACE_OUTER_BOUND('',#9100,.F.);
#9102=ADVANCED_FACE('',(#9101),#9094,.F.);
#9103=CARTESIAN_POINT('',(1.59E0,-6.5E-1,-7.3E0));
#9104=DIRECTION('',(0.E0,0.E0,1.E0));
#9105=DIRECTION('',(0.E0,1.E0,0.E0));
#9106=AXIS2_PLACEMENT_3D('',#9103,#9104,#9105);
#9107=PLANE('',#9106);
#9108=ORIENTED_EDGE('',*,*,#9068,.F.);
#9109=ORIENTED_EDGE('',*,*,#9098,.T.);
#9110=ORIENTED_EDGE('',*,*,#9035,.T.);
#9112=ORIENTED_EDGE('',*,*,#9111,.F.);
#9113=EDGE_LOOP('',(#9108,#9109,#9110,#9112));
#9114=FACE_OUTER_BOUND('',#9113,.F.);
#9115=ADVANCED_FACE('',(#9114),#9107,.F.);
#9116=CARTESIAN_POINT('',(1.59E0,1.05E0,-7.3E0));
#9117=DIRECTION('',(0.E0,1.E0,0.E0));
#9118=DIRECTION('',(0.E0,0.E0,-1.E0));
#9119=AXIS2_PLACEMENT_3D('',#9116,#9117,#9118);
#9120=PLANE('',#9119);
#9121=ORIENTED_EDGE('',*,*,#9070,.F.);
#9122=ORIENTED_EDGE('',*,*,#9111,.T.);
#9123=ORIENTED_EDGE('',*,*,#9033,.T.);
#9124=ORIENTED_EDGE('',*,*,#9052,.F.);
#9125=EDGE_LOOP('',(#9121,#9122,#9123,#9124));
#9126=FACE_OUTER_BOUND('',#9125,.F.);
#9127=ADVANCED_FACE('',(#9126),#9120,.F.);
#9128=CARTESIAN_POINT('',(-1.59E0,0.E0,-3.85E0));
#9129=DIRECTION('',(-1.E0,0.E0,0.E0));
#9130=DIRECTION('',(0.E0,0.E0,1.E0));
#9131=AXIS2_PLACEMENT_3D('',#9128,#9129,#9130);
#9132=PLANE('',#9131);
#9133=ORIENTED_EDGE('',*,*,#8346,.F.);
#9134=ORIENTED_EDGE('',*,*,#8221,.T.);
#9136=ORIENTED_EDGE('',*,*,#9135,.F.);
#9138=ORIENTED_EDGE('',*,*,#9137,.F.);
#9140=ORIENTED_EDGE('',*,*,#9139,.F.);
#9142=ORIENTED_EDGE('',*,*,#9141,.F.);
#9144=ORIENTED_EDGE('',*,*,#9143,.F.);
#9145=EDGE_LOOP('',(#9133,#9134,#9136,#9138,#9140,#9142,#9144));
#9146=FACE_OUTER_BOUND('',#9145,.F.);
#9147=ADVANCED_FACE('',(#9146),#9132,.T.);
#9148=CARTESIAN_POINT('',(-3.49E0,1.05E0,-7.4E0));
#9149=DIRECTION('',(0.E0,0.E0,1.E0));
#9150=DIRECTION('',(0.E0,1.E0,0.E0));
#9151=AXIS2_PLACEMENT_3D('',#9148,#9149,#9150);
#9152=PLANE('',#9151);
#9153=ORIENTED_EDGE('',*,*,#8219,.T.);
#9155=ORIENTED_EDGE('',*,*,#9154,.F.);
#9157=ORIENTED_EDGE('',*,*,#9156,.T.);
#9158=ORIENTED_EDGE('',*,*,#9135,.T.);
#9159=EDGE_LOOP('',(#9153,#9155,#9157,#9158));
#9160=FACE_OUTER_BOUND('',#9159,.F.);
#9161=ADVANCED_FACE('',(#9160),#9152,.F.);
#9162=CARTESIAN_POINT('',(-3.49E0,0.E0,-3.85E0));
#9163=DIRECTION('',(-1.E0,0.E0,0.E0));
#9164=DIRECTION('',(0.E0,0.E0,1.E0));
#9165=AXIS2_PLACEMENT_3D('',#9162,#9163,#9164);
#9166=PLANE('',#9165);
#9167=ORIENTED_EDGE('',*,*,#8350,.T.);
#9169=ORIENTED_EDGE('',*,*,#9168,.T.);
#9171=ORIENTED_EDGE('',*,*,#9170,.T.);
#9173=ORIENTED_EDGE('',*,*,#9172,.T.);
#9175=ORIENTED_EDGE('',*,*,#9174,.T.);
#9176=ORIENTED_EDGE('',*,*,#9154,.T.);
#9177=ORIENTED_EDGE('',*,*,#8217,.F.);
#9178=EDGE_LOOP('',(#9167,#9169,#9171,#9173,#9175,#9176,#9177));
#9179=FACE_OUTER_BOUND('',#9178,.F.);
#9180=ADVANCED_FACE('',(#9179),#9166,.F.);
#9181=CARTESIAN_POINT('',(-3.49E0,-1.55E0,-8.2E0));
#9182=DIRECTION('',(0.E0,-2.374530904770E-1,9.713990064968E-1));
#9183=DIRECTION('',(0.E0,9.713990064968E-1,2.374530904770E-1));
#9184=AXIS2_PLACEMENT_3D('',#9181,#9182,#9183);
#9185=PLANE('',#9184);
#9186=ORIENTED_EDGE('',*,*,#8348,.F.);
#9187=ORIENTED_EDGE('',*,*,#9143,.T.);
#9189=ORIENTED_EDGE('',*,*,#9188,.F.);
#9190=ORIENTED_EDGE('',*,*,#9168,.F.);
#9191=EDGE_LOOP('',(#9186,#9187,#9189,#9190));
#9192=FACE_OUTER_BOUND('',#9191,.F.);
#9193=ADVANCED_FACE('',(#9192),#9185,.F.);
#9194=CARTESIAN_POINT('',(-3.49E0,-6.5E-1,-7.98E0));
#9195=DIRECTION('',(0.E0,-1.E0,0.E0));
#9196=DIRECTION('',(0.E0,0.E0,1.E0));
#9197=AXIS2_PLACEMENT_3D('',#9194,#9195,#9196);
#9198=PLANE('',#9197);
#9199=ORIENTED_EDGE('',*,*,#9170,.F.);
#9200=ORIENTED_EDGE('',*,*,#9188,.T.);
#9201=ORIENTED_EDGE('',*,*,#9141,.T.);
#9203=ORIENTED_EDGE('',*,*,#9202,.F.);
#9204=EDGE_LOOP('',(#9199,#9200,#9201,#9203));
#9205=FACE_OUTER_BOUND('',#9204,.F.);
#9206=ADVANCED_FACE('',(#9205),#9198,.F.);
#9207=CARTESIAN_POINT('',(-3.49E0,-6.5E-1,-7.3E0));
#9208=DIRECTION('',(0.E0,0.E0,1.E0));
#9209=DIRECTION('',(0.E0,1.E0,0.E0));
#9210=AXIS2_PLACEMENT_3D('',#9207,#9208,#9209);
#9211=PLANE('',#9210);
#9212=ORIENTED_EDGE('',*,*,#9172,.F.);
#9213=ORIENTED_EDGE('',*,*,#9202,.T.);
#9214=ORIENTED_EDGE('',*,*,#9139,.T.);
#9216=ORIENTED_EDGE('',*,*,#9215,.F.);
#9217=EDGE_LOOP('',(#9212,#9213,#9214,#9216));
#9218=FACE_OUTER_BOUND('',#9217,.F.);
#9219=ADVANCED_FACE('',(#9218),#9211,.F.);
#9220=CARTESIAN_POINT('',(-3.49E0,1.05E0,-7.3E0));
#9221=DIRECTION('',(0.E0,1.E0,0.E0));
#9222=DIRECTION('',(0.E0,0.E0,-1.E0));
#9223=AXIS2_PLACEMENT_3D('',#9220,#9221,#9222);
#9224=PLANE('',#9223);
#9225=ORIENTED_EDGE('',*,*,#9174,.F.);
#9226=ORIENTED_EDGE('',*,*,#9215,.T.);
#9227=ORIENTED_EDGE('',*,*,#9137,.T.);
#9228=ORIENTED_EDGE('',*,*,#9156,.F.);
#9229=EDGE_LOOP('',(#9225,#9226,#9227,#9228));
#9230=FACE_OUTER_BOUND('',#9229,.F.);
#9231=ADVANCED_FACE('',(#9230),#9224,.F.);
#9232=CARTESIAN_POINT('',(-6.67E0,0.E0,-3.85E0));
#9233=DIRECTION('',(-1.E0,0.E0,0.E0));
#9234=DIRECTION('',(0.E0,0.E0,1.E0));
#9235=AXIS2_PLACEMENT_3D('',#9232,#9233,#9234);
#9236=PLANE('',#9235);
#9237=ORIENTED_EDGE('',*,*,#8353,.F.);
#9238=ORIENTED_EDGE('',*,*,#8213,.T.);
#9240=ORIENTED_EDGE('',*,*,#9239,.F.);
#9242=ORIENTED_EDGE('',*,*,#9241,.F.);
#9244=ORIENTED_EDGE('',*,*,#9243,.F.);
#9246=ORIENTED_EDGE('',*,*,#9245,.F.);
#9248=ORIENTED_EDGE('',*,*,#9247,.F.);
#9249=EDGE_LOOP('',(#9237,#9238,#9240,#9242,#9244,#9246,#9248));
#9250=FACE_OUTER_BOUND('',#9249,.F.);
#9251=ADVANCED_FACE('',(#9250),#9236,.T.);
#9252=CARTESIAN_POINT('',(-8.57E0,1.05E0,-7.4E0));
#9253=DIRECTION('',(0.E0,0.E0,1.E0));
#9254=DIRECTION('',(0.E0,1.E0,0.E0));
#9255=AXIS2_PLACEMENT_3D('',#9252,#9253,#9254);
#9256=PLANE('',#9255);
#9257=ORIENTED_EDGE('',*,*,#8211,.T.);
#9259=ORIENTED_EDGE('',*,*,#9258,.F.);
#9261=ORIENTED_EDGE('',*,*,#9260,.T.);
#9262=ORIENTED_EDGE('',*,*,#9239,.T.);
#9263=EDGE_LOOP('',(#9257,#9259,#9261,#9262));
#9264=FACE_OUTER_BOUND('',#9263,.F.);
#9265=ADVANCED_FACE('',(#9264),#9256,.F.);
#9266=CARTESIAN_POINT('',(-8.57E0,0.E0,-3.85E0));
#9267=DIRECTION('',(-1.E0,0.E0,0.E0));
#9268=DIRECTION('',(0.E0,0.E0,1.E0));
#9269=AXIS2_PLACEMENT_3D('',#9266,#9267,#9268);
#9270=PLANE('',#9269);
#9271=ORIENTED_EDGE('',*,*,#8357,.T.);
#9273=ORIENTED_EDGE('',*,*,#9272,.T.);
#9275=ORIENTED_EDGE('',*,*,#9274,.T.);
#9277=ORIENTED_EDGE('',*,*,#9276,.T.);
#9279=ORIENTED_EDGE('',*,*,#9278,.T.);
#9280=ORIENTED_EDGE('',*,*,#9258,.T.);
#9281=ORIENTED_EDGE('',*,*,#8209,.F.);
#9282=EDGE_LOOP('',(#9271,#9273,#9275,#9277,#9279,#9280,#9281));
#9283=FACE_OUTER_BOUND('',#9282,.F.);
#9284=ADVANCED_FACE('',(#9283),#9270,.F.);
#9285=CARTESIAN_POINT('',(-8.57E0,-1.55E0,-8.2E0));
#9286=DIRECTION('',(0.E0,-2.374530904770E-1,9.713990064968E-1));
#9287=DIRECTION('',(0.E0,9.713990064968E-1,2.374530904770E-1));
#9288=AXIS2_PLACEMENT_3D('',#9285,#9286,#9287);
#9289=PLANE('',#9288);
#9290=ORIENTED_EDGE('',*,*,#8355,.F.);
#9291=ORIENTED_EDGE('',*,*,#9247,.T.);
#9293=ORIENTED_EDGE('',*,*,#9292,.F.);
#9294=ORIENTED_EDGE('',*,*,#9272,.F.);
#9295=EDGE_LOOP('',(#9290,#9291,#9293,#9294));
#9296=FACE_OUTER_BOUND('',#9295,.F.);
#9297=ADVANCED_FACE('',(#9296),#9289,.F.);
#9298=CARTESIAN_POINT('',(-8.57E0,-6.5E-1,-7.98E0));
#9299=DIRECTION('',(0.E0,-1.E0,0.E0));
#9300=DIRECTION('',(0.E0,0.E0,1.E0));
#9301=AXIS2_PLACEMENT_3D('',#9298,#9299,#9300);
#9302=PLANE('',#9301);
#9303=ORIENTED_EDGE('',*,*,#9274,.F.);
#9304=ORIENTED_EDGE('',*,*,#9292,.T.);
#9305=ORIENTED_EDGE('',*,*,#9245,.T.);
#9307=ORIENTED_EDGE('',*,*,#9306,.F.);
#9308=EDGE_LOOP('',(#9303,#9304,#9305,#9307));
#9309=FACE_OUTER_BOUND('',#9308,.F.);
#9310=ADVANCED_FACE('',(#9309),#9302,.F.);
#9311=CARTESIAN_POINT('',(-8.57E0,-6.5E-1,-7.3E0));
#9312=DIRECTION('',(0.E0,0.E0,1.E0));
#9313=DIRECTION('',(0.E0,1.E0,0.E0));
#9314=AXIS2_PLACEMENT_3D('',#9311,#9312,#9313);
#9315=PLANE('',#9314);
#9316=ORIENTED_EDGE('',*,*,#9276,.F.);
#9317=ORIENTED_EDGE('',*,*,#9306,.T.);
#9318=ORIENTED_EDGE('',*,*,#9243,.T.);
#9320=ORIENTED_EDGE('',*,*,#9319,.F.);
#9321=EDGE_LOOP('',(#9316,#9317,#9318,#9320));
#9322=FACE_OUTER_BOUND('',#9321,.F.);
#9323=ADVANCED_FACE('',(#9322),#9315,.F.);
#9324=CARTESIAN_POINT('',(-8.57E0,1.05E0,-7.3E0));
#9325=DIRECTION('',(0.E0,1.E0,0.E0));
#9326=DIRECTION('',(0.E0,0.E0,-1.E0));
#9327=AXIS2_PLACEMENT_3D('',#9324,#9325,#9326);
#9328=PLANE('',#9327);
#9329=ORIENTED_EDGE('',*,*,#9278,.F.);
#9330=ORIENTED_EDGE('',*,*,#9319,.T.);
#9331=ORIENTED_EDGE('',*,*,#9241,.T.);
#9332=ORIENTED_EDGE('',*,*,#9260,.F.);
#9333=EDGE_LOOP('',(#9329,#9330,#9331,#9332));
#9334=FACE_OUTER_BOUND('',#9333,.F.);
#9335=ADVANCED_FACE('',(#9334),#9328,.F.);
#9336=CARTESIAN_POINT('',(-1.175E1,0.E0,-3.85E0));
#9337=DIRECTION('',(-1.E0,0.E0,0.E0));
#9338=DIRECTION('',(0.E0,0.E0,1.E0));
#9339=AXIS2_PLACEMENT_3D('',#9336,#9337,#9338);
#9340=PLANE('',#9339);
#9341=ORIENTED_EDGE('',*,*,#8360,.F.);
#9342=ORIENTED_EDGE('',*,*,#8205,.T.);
#9344=ORIENTED_EDGE('',*,*,#9343,.F.);
#9346=ORIENTED_EDGE('',*,*,#9345,.F.);
#9348=ORIENTED_EDGE('',*,*,#9347,.F.);
#9350=ORIENTED_EDGE('',*,*,#9349,.F.);
#9352=ORIENTED_EDGE('',*,*,#9351,.F.);
#9353=EDGE_LOOP('',(#9341,#9342,#9344,#9346,#9348,#9350,#9352));
#9354=FACE_OUTER_BOUND('',#9353,.F.);
#9355=ADVANCED_FACE('',(#9354),#9340,.T.);
#9356=CARTESIAN_POINT('',(-1.365E1,1.05E0,-7.4E0));
#9357=DIRECTION('',(0.E0,0.E0,1.E0));
#9358=DIRECTION('',(0.E0,1.E0,0.E0));
#9359=AXIS2_PLACEMENT_3D('',#9356,#9357,#9358);
#9360=PLANE('',#9359);
#9361=ORIENTED_EDGE('',*,*,#8203,.T.);
#9363=ORIENTED_EDGE('',*,*,#9362,.F.);
#9365=ORIENTED_EDGE('',*,*,#9364,.T.);
#9366=ORIENTED_EDGE('',*,*,#9343,.T.);
#9367=EDGE_LOOP('',(#9361,#9363,#9365,#9366));
#9368=FACE_OUTER_BOUND('',#9367,.F.);
#9369=ADVANCED_FACE('',(#9368),#9360,.F.);
#9370=CARTESIAN_POINT('',(-1.365E1,0.E0,-3.85E0));
#9371=DIRECTION('',(-1.E0,0.E0,0.E0));
#9372=DIRECTION('',(0.E0,0.E0,1.E0));
#9373=AXIS2_PLACEMENT_3D('',#9370,#9371,#9372);
#9374=PLANE('',#9373);
#9375=ORIENTED_EDGE('',*,*,#8364,.T.);
#9377=ORIENTED_EDGE('',*,*,#9376,.T.);
#9379=ORIENTED_EDGE('',*,*,#9378,.T.);
#9381=ORIENTED_EDGE('',*,*,#9380,.T.);
#9383=ORIENTED_EDGE('',*,*,#9382,.T.);
#9384=ORIENTED_EDGE('',*,*,#9362,.T.);
#9385=ORIENTED_EDGE('',*,*,#8201,.F.);
#9386=EDGE_LOOP('',(#9375,#9377,#9379,#9381,#9383,#9384,#9385));
#9387=FACE_OUTER_BOUND('',#9386,.F.);
#9388=ADVANCED_FACE('',(#9387),#9374,.F.);
#9389=CARTESIAN_POINT('',(-1.365E1,-1.55E0,-8.2E0));
#9390=DIRECTION('',(0.E0,-2.374530904770E-1,9.713990064968E-1));
#9391=DIRECTION('',(0.E0,9.713990064968E-1,2.374530904770E-1));
#9392=AXIS2_PLACEMENT_3D('',#9389,#9390,#9391);
#9393=PLANE('',#9392);
#9394=ORIENTED_EDGE('',*,*,#8362,.F.);
#9395=ORIENTED_EDGE('',*,*,#9351,.T.);
#9397=ORIENTED_EDGE('',*,*,#9396,.F.);
#9398=ORIENTED_EDGE('',*,*,#9376,.F.);
#9399=EDGE_LOOP('',(#9394,#9395,#9397,#9398));
#9400=FACE_OUTER_BOUND('',#9399,.F.);
#9401=ADVANCED_FACE('',(#9400),#9393,.F.);
#9402=CARTESIAN_POINT('',(-1.365E1,-6.5E-1,-7.98E0));
#9403=DIRECTION('',(0.E0,-1.E0,0.E0));
#9404=DIRECTION('',(0.E0,0.E0,1.E0));
#9405=AXIS2_PLACEMENT_3D('',#9402,#9403,#9404);
#9406=PLANE('',#9405);
#9407=ORIENTED_EDGE('',*,*,#9378,.F.);
#9408=ORIENTED_EDGE('',*,*,#9396,.T.);
#9409=ORIENTED_EDGE('',*,*,#9349,.T.);
#9411=ORIENTED_EDGE('',*,*,#9410,.F.);
#9412=EDGE_LOOP('',(#9407,#9408,#9409,#9411));
#9413=FACE_OUTER_BOUND('',#9412,.F.);
#9414=ADVANCED_FACE('',(#9413),#9406,.F.);
#9415=CARTESIAN_POINT('',(-1.365E1,-6.5E-1,-7.3E0));
#9416=DIRECTION('',(0.E0,0.E0,1.E0));
#9417=DIRECTION('',(0.E0,1.E0,0.E0));
#9418=AXIS2_PLACEMENT_3D('',#9415,#9416,#9417);
#9419=PLANE('',#9418);
#9420=ORIENTED_EDGE('',*,*,#9380,.F.);
#9421=ORIENTED_EDGE('',*,*,#9410,.T.);
#9422=ORIENTED_EDGE('',*,*,#9347,.T.);
#9424=ORIENTED_EDGE('',*,*,#9423,.F.);
#9425=EDGE_LOOP('',(#9420,#9421,#9422,#9424));
#9426=FACE_OUTER_BOUND('',#9425,.F.);
#9427=ADVANCED_FACE('',(#9426),#9419,.F.);
#9428=CARTESIAN_POINT('',(-1.365E1,1.05E0,-7.3E0));
#9429=DIRECTION('',(0.E0,1.E0,0.E0));
#9430=DIRECTION('',(0.E0,0.E0,-1.E0));
#9431=AXIS2_PLACEMENT_3D('',#9428,#9429,#9430);
#9432=PLANE('',#9431);
#9433=ORIENTED_EDGE('',*,*,#9382,.F.);
#9434=ORIENTED_EDGE('',*,*,#9423,.T.);
#9435=ORIENTED_EDGE('',*,*,#9345,.T.);
#9436=ORIENTED_EDGE('',*,*,#9364,.F.);
#9437=EDGE_LOOP('',(#9433,#9434,#9435,#9436));
#9438=FACE_OUTER_BOUND('',#9437,.F.);
#9439=ADVANCED_FACE('',(#9438),#9432,.F.);
#9440=CARTESIAN_POINT('',(-1.683E1,0.E0,-3.85E0));
#9441=DIRECTION('',(-1.E0,0.E0,0.E0));
#9442=DIRECTION('',(0.E0,0.E0,1.E0));
#9443=AXIS2_PLACEMENT_3D('',#9440,#9441,#9442);
#9444=PLANE('',#9443);
#9445=ORIENTED_EDGE('',*,*,#8367,.F.);
#9446=ORIENTED_EDGE('',*,*,#8197,.T.);
#9448=ORIENTED_EDGE('',*,*,#9447,.F.);
#9450=ORIENTED_EDGE('',*,*,#9449,.F.);
#9452=ORIENTED_EDGE('',*,*,#9451,.F.);
#9454=ORIENTED_EDGE('',*,*,#9453,.F.);
#9456=ORIENTED_EDGE('',*,*,#9455,.F.);
#9457=EDGE_LOOP('',(#9445,#9446,#9448,#9450,#9452,#9454,#9456));
#9458=FACE_OUTER_BOUND('',#9457,.F.);
#9459=ADVANCED_FACE('',(#9458),#9444,.T.);
#9460=CARTESIAN_POINT('',(-1.873E1,1.05E0,-7.4E0));
#9461=DIRECTION('',(0.E0,0.E0,1.E0));
#9462=DIRECTION('',(0.E0,1.E0,0.E0));
#9463=AXIS2_PLACEMENT_3D('',#9460,#9461,#9462);
#9464=PLANE('',#9463);
#9465=ORIENTED_EDGE('',*,*,#8195,.T.);
#9467=ORIENTED_EDGE('',*,*,#9466,.F.);
#9469=ORIENTED_EDGE('',*,*,#9468,.T.);
#9470=ORIENTED_EDGE('',*,*,#9447,.T.);
#9471=EDGE_LOOP('',(#9465,#9467,#9469,#9470));
#9472=FACE_OUTER_BOUND('',#9471,.F.);
#9473=ADVANCED_FACE('',(#9472),#9464,.F.);
#9474=CARTESIAN_POINT('',(-1.873E1,0.E0,-3.85E0));
#9475=DIRECTION('',(-1.E0,0.E0,0.E0));
#9476=DIRECTION('',(0.E0,0.E0,1.E0));
#9477=AXIS2_PLACEMENT_3D('',#9474,#9475,#9476);
#9478=PLANE('',#9477);
#9479=ORIENTED_EDGE('',*,*,#8371,.T.);
#9481=ORIENTED_EDGE('',*,*,#9480,.T.);
#9483=ORIENTED_EDGE('',*,*,#9482,.T.);
#9485=ORIENTED_EDGE('',*,*,#9484,.T.);
#9487=ORIENTED_EDGE('',*,*,#9486,.T.);
#9488=ORIENTED_EDGE('',*,*,#9466,.T.);
#9489=ORIENTED_EDGE('',*,*,#8193,.F.);
#9490=EDGE_LOOP('',(#9479,#9481,#9483,#9485,#9487,#9488,#9489));
#9491=FACE_OUTER_BOUND('',#9490,.F.);
#9492=ADVANCED_FACE('',(#9491),#9478,.F.);
#9493=CARTESIAN_POINT('',(-1.873E1,-1.55E0,-8.2E0));
#9494=DIRECTION('',(0.E0,-2.374530904770E-1,9.713990064968E-1));
#9495=DIRECTION('',(0.E0,9.713990064968E-1,2.374530904770E-1));
#9496=AXIS2_PLACEMENT_3D('',#9493,#9494,#9495);
#9497=PLANE('',#9496);
#9498=ORIENTED_EDGE('',*,*,#8369,.F.);
#9499=ORIENTED_EDGE('',*,*,#9455,.T.);
#9501=ORIENTED_EDGE('',*,*,#9500,.F.);
#9502=ORIENTED_EDGE('',*,*,#9480,.F.);
#9503=EDGE_LOOP('',(#9498,#9499,#9501,#9502));
#9504=FACE_OUTER_BOUND('',#9503,.F.);
#9505=ADVANCED_FACE('',(#9504),#9497,.F.);
#9506=CARTESIAN_POINT('',(-1.873E1,-6.5E-1,-7.98E0));
#9507=DIRECTION('',(0.E0,-1.E0,0.E0));
#9508=DIRECTION('',(0.E0,0.E0,1.E0));
#9509=AXIS2_PLACEMENT_3D('',#9506,#9507,#9508);
#9510=PLANE('',#9509);
#9511=ORIENTED_EDGE('',*,*,#9482,.F.);
#9512=ORIENTED_EDGE('',*,*,#9500,.T.);
#9513=ORIENTED_EDGE('',*,*,#9453,.T.);
#9515=ORIENTED_EDGE('',*,*,#9514,.F.);
#9516=EDGE_LOOP('',(#9511,#9512,#9513,#9515));
#9517=FACE_OUTER_BOUND('',#9516,.F.);
#9518=ADVANCED_FACE('',(#9517),#9510,.F.);
#9519=CARTESIAN_POINT('',(-1.873E1,-6.5E-1,-7.3E0));
#9520=DIRECTION('',(0.E0,0.E0,1.E0));
#9521=DIRECTION('',(0.E0,1.E0,0.E0));
#9522=AXIS2_PLACEMENT_3D('',#9519,#9520,#9521);
#9523=PLANE('',#9522);
#9524=ORIENTED_EDGE('',*,*,#9484,.F.);
#9525=ORIENTED_EDGE('',*,*,#9514,.T.);
#9526=ORIENTED_EDGE('',*,*,#9451,.T.);
#9528=ORIENTED_EDGE('',*,*,#9527,.F.);
#9529=EDGE_LOOP('',(#9524,#9525,#9526,#9528));
#9530=FACE_OUTER_BOUND('',#9529,.F.);
#9531=ADVANCED_FACE('',(#9530),#9523,.F.);
#9532=CARTESIAN_POINT('',(-1.873E1,1.05E0,-7.3E0));
#9533=DIRECTION('',(0.E0,1.E0,0.E0));
#9534=DIRECTION('',(0.E0,0.E0,-1.E0));
#9535=AXIS2_PLACEMENT_3D('',#9532,#9533,#9534);
#9536=PLANE('',#9535);
#9537=ORIENTED_EDGE('',*,*,#9486,.F.);
#9538=ORIENTED_EDGE('',*,*,#9527,.T.);
#9539=ORIENTED_EDGE('',*,*,#9449,.T.);
#9540=ORIENTED_EDGE('',*,*,#9468,.F.);
#9541=EDGE_LOOP('',(#9537,#9538,#9539,#9540));
#9542=FACE_OUTER_BOUND('',#9541,.F.);
#9543=ADVANCED_FACE('',(#9542),#9536,.F.);
#9544=CARTESIAN_POINT('',(-2.191E1,0.E0,-3.85E0));
#9545=DIRECTION('',(-1.E0,0.E0,0.E0));
#9546=DIRECTION('',(0.E0,0.E0,1.E0));
#9547=AXIS2_PLACEMENT_3D('',#9544,#9545,#9546);
#9548=PLANE('',#9547);
#9549=ORIENTED_EDGE('',*,*,#8374,.F.);
#9550=ORIENTED_EDGE('',*,*,#8189,.T.);
#9552=ORIENTED_EDGE('',*,*,#9551,.F.);
#9554=ORIENTED_EDGE('',*,*,#9553,.F.);
#9556=ORIENTED_EDGE('',*,*,#9555,.F.);
#9558=ORIENTED_EDGE('',*,*,#9557,.F.);
#9560=ORIENTED_EDGE('',*,*,#9559,.F.);
#9561=EDGE_LOOP('',(#9549,#9550,#9552,#9554,#9556,#9558,#9560));
#9562=FACE_OUTER_BOUND('',#9561,.F.);
#9563=ADVANCED_FACE('',(#9562),#9548,.T.);
#9564=CARTESIAN_POINT('',(-2.381E1,1.05E0,-7.4E0));
#9565=DIRECTION('',(0.E0,0.E0,1.E0));
#9566=DIRECTION('',(0.E0,1.E0,0.E0));
#9567=AXIS2_PLACEMENT_3D('',#9564,#9565,#9566);
#9568=PLANE('',#9567);
#9569=ORIENTED_EDGE('',*,*,#8187,.T.);
#9571=ORIENTED_EDGE('',*,*,#9570,.F.);
#9573=ORIENTED_EDGE('',*,*,#9572,.T.);
#9574=ORIENTED_EDGE('',*,*,#9551,.T.);
#9575=EDGE_LOOP('',(#9569,#9571,#9573,#9574));
#9576=FACE_OUTER_BOUND('',#9575,.F.);
#9577=ADVANCED_FACE('',(#9576),#9568,.F.);
#9578=CARTESIAN_POINT('',(-2.381E1,0.E0,-3.85E0));
#9579=DIRECTION('',(-1.E0,0.E0,0.E0));
#9580=DIRECTION('',(0.E0,0.E0,1.E0));
#9581=AXIS2_PLACEMENT_3D('',#9578,#9579,#9580);
#9582=PLANE('',#9581);
#9583=ORIENTED_EDGE('',*,*,#8378,.T.);
#9585=ORIENTED_EDGE('',*,*,#9584,.T.);
#9587=ORIENTED_EDGE('',*,*,#9586,.T.);
#9589=ORIENTED_EDGE('',*,*,#9588,.T.);
#9591=ORIENTED_EDGE('',*,*,#9590,.T.);
#9592=ORIENTED_EDGE('',*,*,#9570,.T.);
#9593=ORIENTED_EDGE('',*,*,#8185,.F.);
#9594=EDGE_LOOP('',(#9583,#9585,#9587,#9589,#9591,#9592,#9593));
#9595=FACE_OUTER_BOUND('',#9594,.F.);
#9596=ADVANCED_FACE('',(#9595),#9582,.F.);
#9597=CARTESIAN_POINT('',(-2.381E1,-1.55E0,-8.2E0));
#9598=DIRECTION('',(0.E0,-2.374530904770E-1,9.713990064968E-1));
#9599=DIRECTION('',(0.E0,9.713990064968E-1,2.374530904770E-1));
#9600=AXIS2_PLACEMENT_3D('',#9597,#9598,#9599);
#9601=PLANE('',#9600);
#9602=ORIENTED_EDGE('',*,*,#8376,.F.);
#9603=ORIENTED_EDGE('',*,*,#9559,.T.);
#9605=ORIENTED_EDGE('',*,*,#9604,.F.);
#9606=ORIENTED_EDGE('',*,*,#9584,.F.);
#9607=EDGE_LOOP('',(#9602,#9603,#9605,#9606));
#9608=FACE_OUTER_BOUND('',#9607,.F.);
#9609=ADVANCED_FACE('',(#9608),#9601,.F.);
#9610=CARTESIAN_POINT('',(-2.381E1,-6.5E-1,-7.98E0));
#9611=DIRECTION('',(0.E0,-1.E0,0.E0));
#9612=DIRECTION('',(0.E0,0.E0,1.E0));
#9613=AXIS2_PLACEMENT_3D('',#9610,#9611,#9612);
#9614=PLANE('',#9613);
#9615=ORIENTED_EDGE('',*,*,#9586,.F.);
#9616=ORIENTED_EDGE('',*,*,#9604,.T.);
#9617=ORIENTED_EDGE('',*,*,#9557,.T.);
#9619=ORIENTED_EDGE('',*,*,#9618,.F.);
#9620=EDGE_LOOP('',(#9615,#9616,#9617,#9619));
#9621=FACE_OUTER_BOUND('',#9620,.F.);
#9622=ADVANCED_FACE('',(#9621),#9614,.F.);
#9623=CARTESIAN_POINT('',(-2.381E1,-6.5E-1,-7.3E0));
#9624=DIRECTION('',(0.E0,0.E0,1.E0));
#9625=DIRECTION('',(0.E0,1.E0,0.E0));
#9626=AXIS2_PLACEMENT_3D('',#9623,#9624,#9625);
#9627=PLANE('',#9626);
#9628=ORIENTED_EDGE('',*,*,#9588,.F.);
#9629=ORIENTED_EDGE('',*,*,#9618,.T.);
#9630=ORIENTED_EDGE('',*,*,#9555,.T.);
#9632=ORIENTED_EDGE('',*,*,#9631,.F.);
#9633=EDGE_LOOP('',(#9628,#9629,#9630,#9632));
#9634=FACE_OUTER_BOUND('',#9633,.F.);
#9635=ADVANCED_FACE('',(#9634),#9627,.F.);
#9636=CARTESIAN_POINT('',(-2.381E1,1.05E0,-7.3E0));
#9637=DIRECTION('',(0.E0,1.E0,0.E0));
#9638=DIRECTION('',(0.E0,0.E0,-1.E0));
#9639=AXIS2_PLACEMENT_3D('',#9636,#9637,#9638);
#9640=PLANE('',#9639);
#9641=ORIENTED_EDGE('',*,*,#9590,.F.);
#9642=ORIENTED_EDGE('',*,*,#9631,.T.);
#9643=ORIENTED_EDGE('',*,*,#9553,.T.);
#9644=ORIENTED_EDGE('',*,*,#9572,.F.);
#9645=EDGE_LOOP('',(#9641,#9642,#9643,#9644));
#9646=FACE_OUTER_BOUND('',#9645,.F.);
#9647=ADVANCED_FACE('',(#9646),#9640,.F.);
#9648=CARTESIAN_POINT('',(-2.699E1,0.E0,-3.85E0));
#9649=DIRECTION('',(-1.E0,0.E0,0.E0));
#9650=DIRECTION('',(0.E0,0.E0,1.E0));
#9651=AXIS2_PLACEMENT_3D('',#9648,#9649,#9650);
#9652=PLANE('',#9651);
#9653=ORIENTED_EDGE('',*,*,#8381,.F.);
#9654=ORIENTED_EDGE('',*,*,#8181,.T.);
#9656=ORIENTED_EDGE('',*,*,#9655,.F.);
#9658=ORIENTED_EDGE('',*,*,#9657,.F.);
#9660=ORIENTED_EDGE('',*,*,#9659,.F.);
#9662=ORIENTED_EDGE('',*,*,#9661,.F.);
#9664=ORIENTED_EDGE('',*,*,#9663,.F.);
#9665=EDGE_LOOP('',(#9653,#9654,#9656,#9658,#9660,#9662,#9664));
#9666=FACE_OUTER_BOUND('',#9665,.F.);
#9667=ADVANCED_FACE('',(#9666),#9652,.T.);
#9668=CARTESIAN_POINT('',(-2.889E1,1.05E0,-7.4E0));
#9669=DIRECTION('',(0.E0,0.E0,1.E0));
#9670=DIRECTION('',(0.E0,1.E0,0.E0));
#9671=AXIS2_PLACEMENT_3D('',#9668,#9669,#9670);
#9672=PLANE('',#9671);
#9673=ORIENTED_EDGE('',*,*,#8179,.T.);
#9675=ORIENTED_EDGE('',*,*,#9674,.F.);
#9677=ORIENTED_EDGE('',*,*,#9676,.T.);
#9678=ORIENTED_EDGE('',*,*,#9655,.T.);
#9679=EDGE_LOOP('',(#9673,#9675,#9677,#9678));
#9680=FACE_OUTER_BOUND('',#9679,.F.);
#9681=ADVANCED_FACE('',(#9680),#9672,.F.);
#9682=CARTESIAN_POINT('',(-2.889E1,0.E0,-3.85E0));
#9683=DIRECTION('',(-1.E0,0.E0,0.E0));
#9684=DIRECTION('',(0.E0,0.E0,1.E0));
#9685=AXIS2_PLACEMENT_3D('',#9682,#9683,#9684);
#9686=PLANE('',#9685);
#9687=ORIENTED_EDGE('',*,*,#8385,.T.);
#9689=ORIENTED_EDGE('',*,*,#9688,.T.);
#9691=ORIENTED_EDGE('',*,*,#9690,.T.);
#9693=ORIENTED_EDGE('',*,*,#9692,.T.);
#9695=ORIENTED_EDGE('',*,*,#9694,.T.);
#9696=ORIENTED_EDGE('',*,*,#9674,.T.);
#9697=ORIENTED_EDGE('',*,*,#8177,.F.);
#9698=EDGE_LOOP('',(#9687,#9689,#9691,#9693,#9695,#9696,#9697));
#9699=FACE_OUTER_BOUND('',#9698,.F.);
#9700=ADVANCED_FACE('',(#9699),#9686,.F.);
#9701=CARTESIAN_POINT('',(-2.889E1,-1.55E0,-8.2E0));
#9702=DIRECTION('',(0.E0,-2.374530904770E-1,9.713990064968E-1));
#9703=DIRECTION('',(0.E0,9.713990064968E-1,2.374530904770E-1));
#9704=AXIS2_PLACEMENT_3D('',#9701,#9702,#9703);
#9705=PLANE('',#9704);
#9706=ORIENTED_EDGE('',*,*,#8383,.F.);
#9707=ORIENTED_EDGE('',*,*,#9663,.T.);
#9709=ORIENTED_EDGE('',*,*,#9708,.F.);
#9710=ORIENTED_EDGE('',*,*,#9688,.F.);
#9711=EDGE_LOOP('',(#9706,#9707,#9709,#9710));
#9712=FACE_OUTER_BOUND('',#9711,.F.);
#9713=ADVANCED_FACE('',(#9712),#9705,.F.);
#9714=CARTESIAN_POINT('',(-2.889E1,-6.5E-1,-7.98E0));
#9715=DIRECTION('',(0.E0,-1.E0,0.E0));
#9716=DIRECTION('',(0.E0,0.E0,1.E0));
#9717=AXIS2_PLACEMENT_3D('',#9714,#9715,#9716);
#9718=PLANE('',#9717);
#9719=ORIENTED_EDGE('',*,*,#9690,.F.);
#9720=ORIENTED_EDGE('',*,*,#9708,.T.);
#9721=ORIENTED_EDGE('',*,*,#9661,.T.);
#9723=ORIENTED_EDGE('',*,*,#9722,.F.);
#9724=EDGE_LOOP('',(#9719,#9720,#9721,#9723));
#9725=FACE_OUTER_BOUND('',#9724,.F.);
#9726=ADVANCED_FACE('',(#9725),#9718,.F.);
#9727=CARTESIAN_POINT('',(-2.889E1,-6.5E-1,-7.3E0));
#9728=DIRECTION('',(0.E0,0.E0,1.E0));
#9729=DIRECTION('',(0.E0,1.E0,0.E0));
#9730=AXIS2_PLACEMENT_3D('',#9727,#9728,#9729);
#9731=PLANE('',#9730);
#9732=ORIENTED_EDGE('',*,*,#9692,.F.);
#9733=ORIENTED_EDGE('',*,*,#9722,.T.);
#9734=ORIENTED_EDGE('',*,*,#9659,.T.);
#9736=ORIENTED_EDGE('',*,*,#9735,.F.);
#9737=EDGE_LOOP('',(#9732,#9733,#9734,#9736));
#9738=FACE_OUTER_BOUND('',#9737,.F.);
#9739=ADVANCED_FACE('',(#9738),#9731,.F.);
#9740=CARTESIAN_POINT('',(-2.889E1,1.05E0,-7.3E0));
#9741=DIRECTION('',(0.E0,1.E0,0.E0));
#9742=DIRECTION('',(0.E0,0.E0,-1.E0));
#9743=AXIS2_PLACEMENT_3D('',#9740,#9741,#9742);
#9744=PLANE('',#9743);
#9745=ORIENTED_EDGE('',*,*,#9694,.F.);
#9746=ORIENTED_EDGE('',*,*,#9735,.T.);
#9747=ORIENTED_EDGE('',*,*,#9657,.T.);
#9748=ORIENTED_EDGE('',*,*,#9676,.F.);
#9749=EDGE_LOOP('',(#9745,#9746,#9747,#9748));
#9750=FACE_OUTER_BOUND('',#9749,.F.);
#9751=ADVANCED_FACE('',(#9750),#9744,.F.);
#9752=CARTESIAN_POINT('',(-3.207E1,0.E0,-3.85E0));
#9753=DIRECTION('',(-1.E0,0.E0,0.E0));
#9754=DIRECTION('',(0.E0,0.E0,1.E0));
#9755=AXIS2_PLACEMENT_3D('',#9752,#9753,#9754);
#9756=PLANE('',#9755);
#9757=ORIENTED_EDGE('',*,*,#8388,.F.);
#9758=ORIENTED_EDGE('',*,*,#8173,.T.);
#9760=ORIENTED_EDGE('',*,*,#9759,.F.);
#9762=ORIENTED_EDGE('',*,*,#9761,.F.);
#9764=ORIENTED_EDGE('',*,*,#9763,.F.);
#9766=ORIENTED_EDGE('',*,*,#9765,.F.);
#9768=ORIENTED_EDGE('',*,*,#9767,.F.);
#9769=EDGE_LOOP('',(#9757,#9758,#9760,#9762,#9764,#9766,#9768));
#9770=FACE_OUTER_BOUND('',#9769,.F.);
#9771=ADVANCED_FACE('',(#9770),#9756,.T.);
#9772=CARTESIAN_POINT('',(-3.397E1,1.05E0,-7.4E0));
#9773=DIRECTION('',(0.E0,0.E0,1.E0));
#9774=DIRECTION('',(0.E0,1.E0,0.E0));
#9775=AXIS2_PLACEMENT_3D('',#9772,#9773,#9774);
#9776=PLANE('',#9775);
#9777=ORIENTED_EDGE('',*,*,#8171,.T.);
#9779=ORIENTED_EDGE('',*,*,#9778,.F.);
#9781=ORIENTED_EDGE('',*,*,#9780,.T.);
#9782=ORIENTED_EDGE('',*,*,#9759,.T.);
#9783=EDGE_LOOP('',(#9777,#9779,#9781,#9782));
#9784=FACE_OUTER_BOUND('',#9783,.F.);
#9785=ADVANCED_FACE('',(#9784),#9776,.F.);
#9786=CARTESIAN_POINT('',(-3.397E1,0.E0,-3.85E0));
#9787=DIRECTION('',(-1.E0,0.E0,0.E0));
#9788=DIRECTION('',(0.E0,0.E0,1.E0));
#9789=AXIS2_PLACEMENT_3D('',#9786,#9787,#9788);
#9790=PLANE('',#9789);
#9791=ORIENTED_EDGE('',*,*,#8392,.T.);
#9793=ORIENTED_EDGE('',*,*,#9792,.T.);
#9795=ORIENTED_EDGE('',*,*,#9794,.T.);
#9797=ORIENTED_EDGE('',*,*,#9796,.T.);
#9799=ORIENTED_EDGE('',*,*,#9798,.T.);
#9800=ORIENTED_EDGE('',*,*,#9778,.T.);
#9801=ORIENTED_EDGE('',*,*,#8169,.F.);
#9802=EDGE_LOOP('',(#9791,#9793,#9795,#9797,#9799,#9800,#9801));
#9803=FACE_OUTER_BOUND('',#9802,.F.);
#9804=ADVANCED_FACE('',(#9803),#9790,.F.);
#9805=CARTESIAN_POINT('',(-3.397E1,-1.55E0,-8.2E0));
#9806=DIRECTION('',(0.E0,-2.374530904770E-1,9.713990064968E-1));
#9807=DIRECTION('',(0.E0,9.713990064968E-1,2.374530904770E-1));
#9808=AXIS2_PLACEMENT_3D('',#9805,#9806,#9807);
#9809=PLANE('',#9808);
#9810=ORIENTED_EDGE('',*,*,#8390,.F.);
#9811=ORIENTED_EDGE('',*,*,#9767,.T.);
#9813=ORIENTED_EDGE('',*,*,#9812,.F.);
#9814=ORIENTED_EDGE('',*,*,#9792,.F.);
#9815=EDGE_LOOP('',(#9810,#9811,#9813,#9814));
#9816=FACE_OUTER_BOUND('',#9815,.F.);
#9817=ADVANCED_FACE('',(#9816),#9809,.F.);
#9818=CARTESIAN_POINT('',(-3.397E1,-6.5E-1,-7.98E0));
#9819=DIRECTION('',(0.E0,-1.E0,0.E0));
#9820=DIRECTION('',(0.E0,0.E0,1.E0));
#9821=AXIS2_PLACEMENT_3D('',#9818,#9819,#9820);
#9822=PLANE('',#9821);
#9823=ORIENTED_EDGE('',*,*,#9794,.F.);
#9824=ORIENTED_EDGE('',*,*,#9812,.T.);
#9825=ORIENTED_EDGE('',*,*,#9765,.T.);
#9827=ORIENTED_EDGE('',*,*,#9826,.F.);
#9828=EDGE_LOOP('',(#9823,#9824,#9825,#9827));
#9829=FACE_OUTER_BOUND('',#9828,.F.);
#9830=ADVANCED_FACE('',(#9829),#9822,.F.);
#9831=CARTESIAN_POINT('',(-3.397E1,-6.5E-1,-7.3E0));
#9832=DIRECTION('',(0.E0,0.E0,1.E0));
#9833=DIRECTION('',(0.E0,1.E0,0.E0));
#9834=AXIS2_PLACEMENT_3D('',#9831,#9832,#9833);
#9835=PLANE('',#9834);
#9836=ORIENTED_EDGE('',*,*,#9796,.F.);
#9837=ORIENTED_EDGE('',*,*,#9826,.T.);
#9838=ORIENTED_EDGE('',*,*,#9763,.T.);
#9840=ORIENTED_EDGE('',*,*,#9839,.F.);
#9841=EDGE_LOOP('',(#9836,#9837,#9838,#9840));
#9842=FACE_OUTER_BOUND('',#9841,.F.);
#9843=ADVANCED_FACE('',(#9842),#9835,.F.);
#9844=CARTESIAN_POINT('',(-3.397E1,1.05E0,-7.3E0));
#9845=DIRECTION('',(0.E0,1.E0,0.E0));
#9846=DIRECTION('',(0.E0,0.E0,-1.E0));
#9847=AXIS2_PLACEMENT_3D('',#9844,#9845,#9846);
#9848=PLANE('',#9847);
#9849=ORIENTED_EDGE('',*,*,#9798,.F.);
#9850=ORIENTED_EDGE('',*,*,#9839,.T.);
#9851=ORIENTED_EDGE('',*,*,#9761,.T.);
#9852=ORIENTED_EDGE('',*,*,#9780,.F.);
#9853=EDGE_LOOP('',(#9849,#9850,#9851,#9852));
#9854=FACE_OUTER_BOUND('',#9853,.F.);
#9855=ADVANCED_FACE('',(#9854),#9848,.F.);
#9856=CARTESIAN_POINT('',(-3.092E1,-2.55E0,0.E0));
#9857=DIRECTION('',(0.E0,1.E0,0.E0));
#9858=DIRECTION('',(-1.E0,0.E0,0.E0));
#9859=AXIS2_PLACEMENT_3D('',#9856,#9857,#9858);
#9860=PLANE('',#9859);
#9861=ORIENTED_EDGE('',*,*,#8398,.T.);
#9862=ORIENTED_EDGE('',*,*,#7688,.F.);
#9863=ORIENTED_EDGE('',*,*,#7798,.F.);
#9865=ORIENTED_EDGE('',*,*,#9864,.T.);
#9866=EDGE_LOOP('',(#9861,#9862,#9863,#9865));
#9867=FACE_OUTER_BOUND('',#9866,.F.);
#9869=ORIENTED_EDGE('',*,*,#9868,.T.);
#9871=ORIENTED_EDGE('',*,*,#9870,.T.);
#9873=ORIENTED_EDGE('',*,*,#9872,.F.);
#9875=ORIENTED_EDGE('',*,*,#9874,.F.);
#9876=EDGE_LOOP('',(#9869,#9871,#9873,#9875));
#9877=FACE_BOUND('',#9876,.F.);
#9878=ADVANCED_FACE('',(#9867,#9877),#9860,.F.);
#9879=CARTESIAN_POINT('',(-3.092E1,-2.75E0,0.E0));
#9880=DIRECTION('',(1.E0,0.E0,0.E0));
#9881=DIRECTION('',(0.E0,1.E0,0.E0));
#9882=AXIS2_PLACEMENT_3D('',#9879,#9880,#9881);
#9883=PLANE('',#9882);
#9884=ORIENTED_EDGE('',*,*,#7445,.T.);
#9885=ORIENTED_EDGE('',*,*,#8400,.T.);
#9886=ORIENTED_EDGE('',*,*,#9864,.F.);
#9887=ORIENTED_EDGE('',*,*,#7796,.F.);
#9888=EDGE_LOOP('',(#9884,#9885,#9886,#9887));
#9889=FACE_OUTER_BOUND('',#9888,.F.);
#9890=ADVANCED_FACE('',(#9889),#9883,.F.);
#9891=CARTESIAN_POINT('',(0.E0,0.E0,-4.35E0));
#9892=DIRECTION('',(0.E0,0.E0,1.E0));
#9893=DIRECTION('',(1.E0,0.E0,0.E0));
#9894=AXIS2_PLACEMENT_3D('',#9891,#9892,#9893);
#9895=PLANE('',#9894);
#9896=ORIENTED_EDGE('',*,*,#9868,.F.);
#9898=ORIENTED_EDGE('',*,*,#9897,.T.);
#9900=ORIENTED_EDGE('',*,*,#9899,.T.);
#9902=ORIENTED_EDGE('',*,*,#9901,.T.);
#9904=ORIENTED_EDGE('',*,*,#9903,.T.);
#9906=ORIENTED_EDGE('',*,*,#9905,.T.);
#9907=EDGE_LOOP('',(#9896,#9898,#9900,#9902,#9904,#9906));
#9908=FACE_OUTER_BOUND('',#9907,.F.);
#9909=ADVANCED_FACE('',(#9908),#9895,.F.);
#9910=CARTESIAN_POINT('',(-3.347E1,-2.55E0,-4.35E0));
#9911=DIRECTION('',(-1.E0,0.E0,0.E0));
#9912=DIRECTION('',(0.E0,-1.E0,0.E0));
#9913=AXIS2_PLACEMENT_3D('',#9910,#9911,#9912);
#9914=PLANE('',#9913);
#9915=ORIENTED_EDGE('',*,*,#9874,.T.);
#9917=ORIENTED_EDGE('',*,*,#9916,.T.);
#9919=ORIENTED_EDGE('',*,*,#9918,.F.);
#9920=ORIENTED_EDGE('',*,*,#9897,.F.);
#9921=EDGE_LOOP('',(#9915,#9917,#9919,#9920));
#9922=FACE_OUTER_BOUND('',#9921,.F.);
#9923=ADVANCED_FACE('',(#9922),#9914,.T.);
#9924=CARTESIAN_POINT('',(0.E0,0.E0,-3.85E0));
#9925=DIRECTION('',(0.E0,0.E0,1.E0));
#9926=DIRECTION('',(1.E0,0.E0,0.E0));
#9927=AXIS2_PLACEMENT_3D('',#9924,#9925,#9926);
#9928=PLANE('',#9927);
#9929=ORIENTED_EDGE('',*,*,#9872,.T.);
#9931=ORIENTED_EDGE('',*,*,#9930,.F.);
#9933=ORIENTED_EDGE('',*,*,#9932,.F.);
#9935=ORIENTED_EDGE('',*,*,#9934,.F.);
#9937=ORIENTED_EDGE('',*,*,#9936,.F.);
#9938=ORIENTED_EDGE('',*,*,#9916,.F.);
#9939=EDGE_LOOP('',(#9929,#9931,#9933,#9935,#9937,#9938));
#9940=FACE_OUTER_BOUND('',#9939,.F.);
#9941=ADVANCED_FACE('',(#9940),#9928,.T.);
#9942=CARTESIAN_POINT('',(-3.257E1,-5.25E0,-4.35E0));
#9943=DIRECTION('',(1.E0,0.E0,0.E0));
#9944=DIRECTION('',(0.E0,1.E0,0.E0));
#9945=AXIS2_PLACEMENT_3D('',#9942,#9943,#9944);
#9946=PLANE('',#9945);
#9947=ORIENTED_EDGE('',*,*,#9870,.F.);
#9948=ORIENTED_EDGE('',*,*,#9905,.F.);
#9950=ORIENTED_EDGE('',*,*,#9949,.T.);
#9951=ORIENTED_EDGE('',*,*,#9930,.T.);
#9952=EDGE_LOOP('',(#9947,#9948,#9950,#9951));
#9953=FACE_OUTER_BOUND('',#9952,.F.);
#9954=ADVANCED_FACE('',(#9953),#9946,.T.);
#9955=CARTESIAN_POINT('',(-3.277E1,-6.25E0,-4.35E0));
#9956=DIRECTION('',(9.805806756909E-1,-1.961161351382E-1,0.E0));
#9957=DIRECTION('',(1.961161351382E-1,9.805806756909E-1,0.E0));
#9958=AXIS2_PLACEMENT_3D('',#9955,#9956,#9957);
#9959=PLANE('',#9958);
#9960=ORIENTED_EDGE('',*,*,#9903,.F.);
#9962=ORIENTED_EDGE('',*,*,#9961,.T.);
#9963=ORIENTED_EDGE('',*,*,#9932,.T.);
#9964=ORIENTED_EDGE('',*,*,#9949,.F.);
#9965=EDGE_LOOP('',(#9960,#9962,#9963,#9964));
#9966=FACE_OUTER_BOUND('',#9965,.F.);
#9967=ADVANCED_FACE('',(#9966),#9959,.T.);
#9968=CARTESIAN_POINT('',(-3.327E1,-6.25E0,-4.35E0));
#9969=DIRECTION('',(0.E0,-1.E0,0.E0));
#9970=DIRECTION('',(1.E0,0.E0,0.E0));
#9971=AXIS2_PLACEMENT_3D('',#9968,#9969,#9970);
#9972=PLANE('',#9971);
#9973=ORIENTED_EDGE('',*,*,#9901,.F.);
#9975=ORIENTED_EDGE('',*,*,#9974,.T.);
#9976=ORIENTED_EDGE('',*,*,#9934,.T.);
#9977=ORIENTED_EDGE('',*,*,#9961,.F.);
#9978=EDGE_LOOP('',(#9973,#9975,#9976,#9977));
#9979=FACE_OUTER_BOUND('',#9978,.F.);
#9980=ADVANCED_FACE('',(#9979),#9972,.T.);
#9981=CARTESIAN_POINT('',(-3.347E1,-5.25E0,-4.35E0));
#9982=DIRECTION('',(-9.805806756909E-1,-1.961161351382E-1,0.E0));
#9983=DIRECTION('',(1.961161351382E-1,-9.805806756909E-1,0.E0));
#9984=AXIS2_PLACEMENT_3D('',#9981,#9982,#9983);
#9985=PLANE('',#9984);
#9986=ORIENTED_EDGE('',*,*,#9899,.F.);
#9987=ORIENTED_EDGE('',*,*,#9918,.T.);
#9988=ORIENTED_EDGE('',*,*,#9936,.T.);
#9989=ORIENTED_EDGE('',*,*,#9974,.F.);
#9990=EDGE_LOOP('',(#9986,#9987,#9988,#9989));
#9991=FACE_OUTER_BOUND('',#9990,.F.);
#9992=ADVANCED_FACE('',(#9991),#9985,.T.);
#9993=CARTESIAN_POINT('',(-3.004E1,-2.55E0,0.E0));
#9994=DIRECTION('',(-1.E0,0.E0,0.E0));
#9995=DIRECTION('',(0.E0,-1.E0,0.E0));
#9996=AXIS2_PLACEMENT_3D('',#9993,#9994,#9995);
#9997=PLANE('',#9996);
#9998=ORIENTED_EDGE('',*,*,#7441,.F.);
#9999=ORIENTED_EDGE('',*,*,#7793,.T.);
#10001=ORIENTED_EDGE('',*,*,#10000,.T.);
#10002=ORIENTED_EDGE('',*,*,#8403,.F.);
#10003=EDGE_LOOP('',(#9998,#9999,#10001,#10002));
#10004=FACE_OUTER_BOUND('',#10003,.F.);
#10005=ADVANCED_FACE('',(#10004),#9997,.F.);
#10006=CARTESIAN_POINT('',(-2.584E1,-2.55E0,0.E0));
#10007=DIRECTION('',(0.E0,1.E0,0.E0));
#10008=DIRECTION('',(-1.E0,0.E0,0.E0));
#10009=AXIS2_PLACEMENT_3D('',#10006,#10007,#10008);
#10010=PLANE('',#10009);
#10011=ORIENTED_EDGE('',*,*,#8405,.T.);
#10012=ORIENTED_EDGE('',*,*,#10000,.F.);
#10013=ORIENTED_EDGE('',*,*,#7791,.F.);
#10015=ORIENTED_EDGE('',*,*,#10014,.T.);
#10016=EDGE_LOOP('',(#10011,#10012,#10013,#10015));
#10017=FACE_OUTER_BOUND('',#10016,.F.);
#10019=ORIENTED_EDGE('',*,*,#10018,.T.);
#10021=ORIENTED_EDGE('',*,*,#10020,.T.);
#10023=ORIENTED_EDGE('',*,*,#10022,.F.);
#10025=ORIENTED_EDGE('',*,*,#10024,.F.);
#10026=EDGE_LOOP('',(#10019,#10021,#10023,#10025));
#10027=FACE_BOUND('',#10026,.F.);
#10028=ADVANCED_FACE('',(#10017,#10027),#10010,.F.);
#10029=CARTESIAN_POINT('',(-2.584E1,-2.75E0,0.E0));
#10030=DIRECTION('',(1.E0,0.E0,0.E0));
#10031=DIRECTION('',(0.E0,1.E0,0.E0));
#10032=AXIS2_PLACEMENT_3D('',#10029,#10030,#10031);
#10033=PLANE('',#10032);
#10034=ORIENTED_EDGE('',*,*,#7461,.T.);
#10035=ORIENTED_EDGE('',*,*,#8407,.T.);
#10036=ORIENTED_EDGE('',*,*,#10014,.F.);
#10037=ORIENTED_EDGE('',*,*,#7789,.F.);
#10038=EDGE_LOOP('',(#10034,#10035,#10036,#10037));
#10039=FACE_OUTER_BOUND('',#10038,.F.);
#10040=ADVANCED_FACE('',(#10039),#10033,.F.);
#10041=CARTESIAN_POINT('',(0.E0,0.E0,-4.35E0));
#10042=DIRECTION('',(0.E0,0.E0,1.E0));
#10043=DIRECTION('',(1.E0,0.E0,0.E0));
#10044=AXIS2_PLACEMENT_3D('',#10041,#10042,#10043);
#10045=PLANE('',#10044);
#10046=ORIENTED_EDGE('',*,*,#10018,.F.);
#10048=ORIENTED_EDGE('',*,*,#10047,.T.);
#10050=ORIENTED_EDGE('',*,*,#10049,.T.);
#10052=ORIENTED_EDGE('',*,*,#10051,.T.);
#10054=ORIENTED_EDGE('',*,*,#10053,.T.);
#10056=ORIENTED_EDGE('',*,*,#10055,.T.);
#10057=EDGE_LOOP('',(#10046,#10048,#10050,#10052,#10054,#10056));
#10058=FACE_OUTER_BOUND('',#10057,.F.);
#10059=ADVANCED_FACE('',(#10058),#10045,.F.);
#10060=CARTESIAN_POINT('',(-2.839E1,-2.55E0,-4.35E0));
#10061=DIRECTION('',(-1.E0,0.E0,0.E0));
#10062=DIRECTION('',(0.E0,-1.E0,0.E0));
#10063=AXIS2_PLACEMENT_3D('',#10060,#10061,#10062);
#10064=PLANE('',#10063);
#10065=ORIENTED_EDGE('',*,*,#10024,.T.);
#10067=ORIENTED_EDGE('',*,*,#10066,.T.);
#10069=ORIENTED_EDGE('',*,*,#10068,.F.);
#10070=ORIENTED_EDGE('',*,*,#10047,.F.);
#10071=EDGE_LOOP('',(#10065,#10067,#10069,#10070));
#10072=FACE_OUTER_BOUND('',#10071,.F.);
#10073=ADVANCED_FACE('',(#10072),#10064,.T.);
#10074=CARTESIAN_POINT('',(0.E0,0.E0,-3.85E0));
#10075=DIRECTION('',(0.E0,0.E0,1.E0));
#10076=DIRECTION('',(1.E0,0.E0,0.E0));
#10077=AXIS2_PLACEMENT_3D('',#10074,#10075,#10076);
#10078=PLANE('',#10077);
#10079=ORIENTED_EDGE('',*,*,#10022,.T.);
#10081=ORIENTED_EDGE('',*,*,#10080,.F.);
#10083=ORIENTED_EDGE('',*,*,#10082,.F.);
#10085=ORIENTED_EDGE('',*,*,#10084,.F.);
#10087=ORIENTED_EDGE('',*,*,#10086,.F.);
#10088=ORIENTED_EDGE('',*,*,#10066,.F.);
#10089=EDGE_LOOP('',(#10079,#10081,#10083,#10085,#10087,#10088));
#10090=FACE_OUTER_BOUND('',#10089,.F.);
#10091=ADVANCED_FACE('',(#10090),#10078,.T.);
#10092=CARTESIAN_POINT('',(-2.749E1,-5.25E0,-4.35E0));
#10093=DIRECTION('',(1.E0,0.E0,0.E0));
#10094=DIRECTION('',(0.E0,1.E0,0.E0));
#10095=AXIS2_PLACEMENT_3D('',#10092,#10093,#10094);
#10096=PLANE('',#10095);
#10097=ORIENTED_EDGE('',*,*,#10020,.F.);
#10098=ORIENTED_EDGE('',*,*,#10055,.F.);
#10100=ORIENTED_EDGE('',*,*,#10099,.T.);
#10101=ORIENTED_EDGE('',*,*,#10080,.T.);
#10102=EDGE_LOOP('',(#10097,#10098,#10100,#10101));
#10103=FACE_OUTER_BOUND('',#10102,.F.);
#10104=ADVANCED_FACE('',(#10103),#10096,.T.);
#10105=CARTESIAN_POINT('',(-2.769E1,-6.25E0,-4.35E0));
#10106=DIRECTION('',(9.805806756909E-1,-1.961161351382E-1,0.E0));
#10107=DIRECTION('',(1.961161351382E-1,9.805806756909E-1,0.E0));
#10108=AXIS2_PLACEMENT_3D('',#10105,#10106,#10107);
#10109=PLANE('',#10108);
#10110=ORIENTED_EDGE('',*,*,#10053,.F.);
#10112=ORIENTED_EDGE('',*,*,#10111,.T.);
#10113=ORIENTED_EDGE('',*,*,#10082,.T.);
#10114=ORIENTED_EDGE('',*,*,#10099,.F.);
#10115=EDGE_LOOP('',(#10110,#10112,#10113,#10114));
#10116=FACE_OUTER_BOUND('',#10115,.F.);
#10117=ADVANCED_FACE('',(#10116),#10109,.T.);
#10118=CARTESIAN_POINT('',(-2.819E1,-6.25E0,-4.35E0));
#10119=DIRECTION('',(0.E0,-1.E0,0.E0));
#10120=DIRECTION('',(1.E0,0.E0,0.E0));
#10121=AXIS2_PLACEMENT_3D('',#10118,#10119,#10120);
#10122=PLANE('',#10121);
#10123=ORIENTED_EDGE('',*,*,#10051,.F.);
#10125=ORIENTED_EDGE('',*,*,#10124,.T.);
#10126=ORIENTED_EDGE('',*,*,#10084,.T.);
#10127=ORIENTED_EDGE('',*,*,#10111,.F.);
#10128=EDGE_LOOP('',(#10123,#10125,#10126,#10127));
#10129=FACE_OUTER_BOUND('',#10128,.F.);
#10130=ADVANCED_FACE('',(#10129),#10122,.T.);
#10131=CARTESIAN_POINT('',(-2.839E1,-5.25E0,-4.35E0));
#10132=DIRECTION('',(-9.805806756909E-1,-1.961161351382E-1,0.E0));
#10133=DIRECTION('',(1.961161351382E-1,-9.805806756909E-1,0.E0));
#10134=AXIS2_PLACEMENT_3D('',#10131,#10132,#10133);
#10135=PLANE('',#10134);
#10136=ORIENTED_EDGE('',*,*,#10049,.F.);
#10137=ORIENTED_EDGE('',*,*,#10068,.T.);
#10138=ORIENTED_EDGE('',*,*,#10086,.T.);
#10139=ORIENTED_EDGE('',*,*,#10124,.F.);
#10140=EDGE_LOOP('',(#10136,#10137,#10138,#10139));
#10141=FACE_OUTER_BOUND('',#10140,.F.);
#10142=ADVANCED_FACE('',(#10141),#10135,.T.);
#10143=CARTESIAN_POINT('',(-2.496E1,-2.55E0,0.E0));
#10144=DIRECTION('',(-1.E0,0.E0,0.E0));
#10145=DIRECTION('',(0.E0,-1.E0,0.E0));
#10146=AXIS2_PLACEMENT_3D('',#10143,#10144,#10145);
#10147=PLANE('',#10146);
#10148=ORIENTED_EDGE('',*,*,#7457,.F.);
#10149=ORIENTED_EDGE('',*,*,#7786,.T.);
#10151=ORIENTED_EDGE('',*,*,#10150,.T.);
#10152=ORIENTED_EDGE('',*,*,#8410,.F.);
#10153=EDGE_LOOP('',(#10148,#10149,#10151,#10152));
#10154=FACE_OUTER_BOUND('',#10153,.F.);
#10155=ADVANCED_FACE('',(#10154),#10147,.F.);
#10156=CARTESIAN_POINT('',(-2.076E1,-2.55E0,0.E0));
#10157=DIRECTION('',(0.E0,1.E0,0.E0));
#10158=DIRECTION('',(-1.E0,0.E0,0.E0));
#10159=AXIS2_PLACEMENT_3D('',#10156,#10157,#10158);
#10160=PLANE('',#10159);
#10161=ORIENTED_EDGE('',*,*,#8412,.T.);
#10162=ORIENTED_EDGE('',*,*,#10150,.F.);
#10163=ORIENTED_EDGE('',*,*,#7784,.F.);
#10165=ORIENTED_EDGE('',*,*,#10164,.T.);
#10166=EDGE_LOOP('',(#10161,#10162,#10163,#10165));
#10167=FACE_OUTER_BOUND('',#10166,.F.);
#10169=ORIENTED_EDGE('',*,*,#10168,.T.);
#10171=ORIENTED_EDGE('',*,*,#10170,.T.);
#10173=ORIENTED_EDGE('',*,*,#10172,.F.);
#10175=ORIENTED_EDGE('',*,*,#10174,.F.);
#10176=EDGE_LOOP('',(#10169,#10171,#10173,#10175));
#10177=FACE_BOUND('',#10176,.F.);
#10178=ADVANCED_FACE('',(#10167,#10177),#10160,.F.);
#10179=CARTESIAN_POINT('',(-2.076E1,-2.75E0,0.E0));
#10180=DIRECTION('',(1.E0,0.E0,0.E0));
#10181=DIRECTION('',(0.E0,1.E0,0.E0));
#10182=AXIS2_PLACEMENT_3D('',#10179,#10180,#10181);
#10183=PLANE('',#10182);
#10184=ORIENTED_EDGE('',*,*,#7477,.T.);
#10185=ORIENTED_EDGE('',*,*,#8414,.T.);
#10186=ORIENTED_EDGE('',*,*,#10164,.F.);
#10187=ORIENTED_EDGE('',*,*,#7782,.F.);
#10188=EDGE_LOOP('',(#10184,#10185,#10186,#10187));
#10189=FACE_OUTER_BOUND('',#10188,.F.);
#10190=ADVANCED_FACE('',(#10189),#10183,.F.);
#10191=CARTESIAN_POINT('',(0.E0,0.E0,-4.35E0));
#10192=DIRECTION('',(0.E0,0.E0,1.E0));
#10193=DIRECTION('',(1.E0,0.E0,0.E0));
#10194=AXIS2_PLACEMENT_3D('',#10191,#10192,#10193);
#10195=PLANE('',#10194);
#10196=ORIENTED_EDGE('',*,*,#10168,.F.);
#10198=ORIENTED_EDGE('',*,*,#10197,.T.);
#10200=ORIENTED_EDGE('',*,*,#10199,.T.);
#10202=ORIENTED_EDGE('',*,*,#10201,.T.);
#10204=ORIENTED_EDGE('',*,*,#10203,.T.);
#10206=ORIENTED_EDGE('',*,*,#10205,.T.);
#10207=EDGE_LOOP('',(#10196,#10198,#10200,#10202,#10204,#10206));
#10208=FACE_OUTER_BOUND('',#10207,.F.);
#10209=ADVANCED_FACE('',(#10208),#10195,.F.);
#10210=CARTESIAN_POINT('',(-2.331E1,-2.55E0,-4.35E0));
#10211=DIRECTION('',(-1.E0,0.E0,0.E0));
#10212=DIRECTION('',(0.E0,-1.E0,0.E0));
#10213=AXIS2_PLACEMENT_3D('',#10210,#10211,#10212);
#10214=PLANE('',#10213);
#10215=ORIENTED_EDGE('',*,*,#10174,.T.);
#10217=ORIENTED_EDGE('',*,*,#10216,.T.);
#10219=ORIENTED_EDGE('',*,*,#10218,.F.);
#10220=ORIENTED_EDGE('',*,*,#10197,.F.);
#10221=EDGE_LOOP('',(#10215,#10217,#10219,#10220));
#10222=FACE_OUTER_BOUND('',#10221,.F.);
#10223=ADVANCED_FACE('',(#10222),#10214,.T.);
#10224=CARTESIAN_POINT('',(0.E0,0.E0,-3.85E0));
#10225=DIRECTION('',(0.E0,0.E0,1.E0));
#10226=DIRECTION('',(1.E0,0.E0,0.E0));
#10227=AXIS2_PLACEMENT_3D('',#10224,#10225,#10226);
#10228=PLANE('',#10227);
#10229=ORIENTED_EDGE('',*,*,#10172,.T.);
#10231=ORIENTED_EDGE('',*,*,#10230,.F.);
#10233=ORIENTED_EDGE('',*,*,#10232,.F.);
#10235=ORIENTED_EDGE('',*,*,#10234,.F.);
#10237=ORIENTED_EDGE('',*,*,#10236,.F.);
#10238=ORIENTED_EDGE('',*,*,#10216,.F.);
#10239=EDGE_LOOP('',(#10229,#10231,#10233,#10235,#10237,#10238));
#10240=FACE_OUTER_BOUND('',#10239,.F.);
#10241=ADVANCED_FACE('',(#10240),#10228,.T.);
#10242=CARTESIAN_POINT('',(-2.241E1,-5.25E0,-4.35E0));
#10243=DIRECTION('',(1.E0,0.E0,0.E0));
#10244=DIRECTION('',(0.E0,1.E0,0.E0));
#10245=AXIS2_PLACEMENT_3D('',#10242,#10243,#10244);
#10246=PLANE('',#10245);
#10247=ORIENTED_EDGE('',*,*,#10170,.F.);
#10248=ORIENTED_EDGE('',*,*,#10205,.F.);
#10250=ORIENTED_EDGE('',*,*,#10249,.T.);
#10251=ORIENTED_EDGE('',*,*,#10230,.T.);
#10252=EDGE_LOOP('',(#10247,#10248,#10250,#10251));
#10253=FACE_OUTER_BOUND('',#10252,.F.);
#10254=ADVANCED_FACE('',(#10253),#10246,.T.);
#10255=CARTESIAN_POINT('',(-2.261E1,-6.25E0,-4.35E0));
#10256=DIRECTION('',(9.805806756909E-1,-1.961161351382E-1,0.E0));
#10257=DIRECTION('',(1.961161351382E-1,9.805806756909E-1,0.E0));
#10258=AXIS2_PLACEMENT_3D('',#10255,#10256,#10257);
#10259=PLANE('',#10258);
#10260=ORIENTED_EDGE('',*,*,#10203,.F.);
#10262=ORIENTED_EDGE('',*,*,#10261,.T.);
#10263=ORIENTED_EDGE('',*,*,#10232,.T.);
#10264=ORIENTED_EDGE('',*,*,#10249,.F.);
#10265=EDGE_LOOP('',(#10260,#10262,#10263,#10264));
#10266=FACE_OUTER_BOUND('',#10265,.F.);
#10267=ADVANCED_FACE('',(#10266),#10259,.T.);
#10268=CARTESIAN_POINT('',(-2.311E1,-6.25E0,-4.35E0));
#10269=DIRECTION('',(0.E0,-1.E0,0.E0));
#10270=DIRECTION('',(1.E0,0.E0,0.E0));
#10271=AXIS2_PLACEMENT_3D('',#10268,#10269,#10270);
#10272=PLANE('',#10271);
#10273=ORIENTED_EDGE('',*,*,#10201,.F.);
#10275=ORIENTED_EDGE('',*,*,#10274,.T.);
#10276=ORIENTED_EDGE('',*,*,#10234,.T.);
#10277=ORIENTED_EDGE('',*,*,#10261,.F.);
#10278=EDGE_LOOP('',(#10273,#10275,#10276,#10277));
#10279=FACE_OUTER_BOUND('',#10278,.F.);
#10280=ADVANCED_FACE('',(#10279),#10272,.T.);
#10281=CARTESIAN_POINT('',(-2.331E1,-5.25E0,-4.35E0));
#10282=DIRECTION('',(-9.805806756909E-1,-1.961161351382E-1,0.E0));
#10283=DIRECTION('',(1.961161351382E-1,-9.805806756909E-1,0.E0));
#10284=AXIS2_PLACEMENT_3D('',#10281,#10282,#10283);
#10285=PLANE('',#10284);
#10286=ORIENTED_EDGE('',*,*,#10199,.F.);
#10287=ORIENTED_EDGE('',*,*,#10218,.T.);
#10288=ORIENTED_EDGE('',*,*,#10236,.T.);
#10289=ORIENTED_EDGE('',*,*,#10274,.F.);
#10290=EDGE_LOOP('',(#10286,#10287,#10288,#10289));
#10291=FACE_OUTER_BOUND('',#10290,.F.);
#10292=ADVANCED_FACE('',(#10291),#10285,.T.);
#10293=CARTESIAN_POINT('',(-1.988E1,-2.55E0,0.E0));
#10294=DIRECTION('',(-1.E0,0.E0,0.E0));
#10295=DIRECTION('',(0.E0,-1.E0,0.E0));
#10296=AXIS2_PLACEMENT_3D('',#10293,#10294,#10295);
#10297=PLANE('',#10296);
#10298=ORIENTED_EDGE('',*,*,#7473,.F.);
#10299=ORIENTED_EDGE('',*,*,#7779,.T.);
#10301=ORIENTED_EDGE('',*,*,#10300,.T.);
#10302=ORIENTED_EDGE('',*,*,#8417,.F.);
#10303=EDGE_LOOP('',(#10298,#10299,#10301,#10302));
#10304=FACE_OUTER_BOUND('',#10303,.F.);
#10305=ADVANCED_FACE('',(#10304),#10297,.F.);
#10306=CARTESIAN_POINT('',(-1.568E1,-2.55E0,0.E0));
#10307=DIRECTION('',(0.E0,1.E0,0.E0));
#10308=DIRECTION('',(-1.E0,0.E0,0.E0));
#10309=AXIS2_PLACEMENT_3D('',#10306,#10307,#10308);
#10310=PLANE('',#10309);
#10311=ORIENTED_EDGE('',*,*,#8419,.T.);
#10312=ORIENTED_EDGE('',*,*,#10300,.F.);
#10313=ORIENTED_EDGE('',*,*,#7777,.F.);
#10315=ORIENTED_EDGE('',*,*,#10314,.T.);
#10316=EDGE_LOOP('',(#10311,#10312,#10313,#10315));
#10317=FACE_OUTER_BOUND('',#10316,.F.);
#10319=ORIENTED_EDGE('',*,*,#10318,.T.);
#10321=ORIENTED_EDGE('',*,*,#10320,.T.);
#10323=ORIENTED_EDGE('',*,*,#10322,.F.);
#10325=ORIENTED_EDGE('',*,*,#10324,.F.);
#10326=EDGE_LOOP('',(#10319,#10321,#10323,#10325));
#10327=FACE_BOUND('',#10326,.F.);
#10328=ADVANCED_FACE('',(#10317,#10327),#10310,.F.);
#10329=CARTESIAN_POINT('',(-1.568E1,-2.75E0,0.E0));
#10330=DIRECTION('',(1.E0,0.E0,0.E0));
#10331=DIRECTION('',(0.E0,1.E0,0.E0));
#10332=AXIS2_PLACEMENT_3D('',#10329,#10330,#10331);
#10333=PLANE('',#10332);
#10334=ORIENTED_EDGE('',*,*,#7493,.T.);
#10335=ORIENTED_EDGE('',*,*,#8421,.T.);
#10336=ORIENTED_EDGE('',*,*,#10314,.F.);
#10337=ORIENTED_EDGE('',*,*,#7775,.F.);
#10338=EDGE_LOOP('',(#10334,#10335,#10336,#10337));
#10339=FACE_OUTER_BOUND('',#10338,.F.);
#10340=ADVANCED_FACE('',(#10339),#10333,.F.);
#10341=CARTESIAN_POINT('',(0.E0,0.E0,-4.35E0));
#10342=DIRECTION('',(0.E0,0.E0,1.E0));
#10343=DIRECTION('',(1.E0,0.E0,0.E0));
#10344=AXIS2_PLACEMENT_3D('',#10341,#10342,#10343);
#10345=PLANE('',#10344);
#10346=ORIENTED_EDGE('',*,*,#10318,.F.);
#10348=ORIENTED_EDGE('',*,*,#10347,.T.);
#10350=ORIENTED_EDGE('',*,*,#10349,.T.);
#10352=ORIENTED_EDGE('',*,*,#10351,.T.);
#10354=ORIENTED_EDGE('',*,*,#10353,.T.);
#10356=ORIENTED_EDGE('',*,*,#10355,.T.);
#10357=EDGE_LOOP('',(#10346,#10348,#10350,#10352,#10354,#10356));
#10358=FACE_OUTER_BOUND('',#10357,.F.);
#10359=ADVANCED_FACE('',(#10358),#10345,.F.);
#10360=CARTESIAN_POINT('',(-1.823E1,-2.55E0,-4.35E0));
#10361=DIRECTION('',(-1.E0,0.E0,0.E0));
#10362=DIRECTION('',(0.E0,-1.E0,0.E0));
#10363=AXIS2_PLACEMENT_3D('',#10360,#10361,#10362);
#10364=PLANE('',#10363);
#10365=ORIENTED_EDGE('',*,*,#10324,.T.);
#10367=ORIENTED_EDGE('',*,*,#10366,.T.);
#10369=ORIENTED_EDGE('',*,*,#10368,.F.);
#10370=ORIENTED_EDGE('',*,*,#10347,.F.);
#10371=EDGE_LOOP('',(#10365,#10367,#10369,#10370));
#10372=FACE_OUTER_BOUND('',#10371,.F.);
#10373=ADVANCED_FACE('',(#10372),#10364,.T.);
#10374=CARTESIAN_POINT('',(0.E0,0.E0,-3.85E0));
#10375=DIRECTION('',(0.E0,0.E0,1.E0));
#10376=DIRECTION('',(1.E0,0.E0,0.E0));
#10377=AXIS2_PLACEMENT_3D('',#10374,#10375,#10376);
#10378=PLANE('',#10377);
#10379=ORIENTED_EDGE('',*,*,#10322,.T.);
#10381=ORIENTED_EDGE('',*,*,#10380,.F.);
#10383=ORIENTED_EDGE('',*,*,#10382,.F.);
#10385=ORIENTED_EDGE('',*,*,#10384,.F.);
#10387=ORIENTED_EDGE('',*,*,#10386,.F.);
#10388=ORIENTED_EDGE('',*,*,#10366,.F.);
#10389=EDGE_LOOP('',(#10379,#10381,#10383,#10385,#10387,#10388));
#10390=FACE_OUTER_BOUND('',#10389,.F.);
#10391=ADVANCED_FACE('',(#10390),#10378,.T.);
#10392=CARTESIAN_POINT('',(-1.733E1,-5.25E0,-4.35E0));
#10393=DIRECTION('',(1.E0,0.E0,0.E0));
#10394=DIRECTION('',(0.E0,1.E0,0.E0));
#10395=AXIS2_PLACEMENT_3D('',#10392,#10393,#10394);
#10396=PLANE('',#10395);
#10397=ORIENTED_EDGE('',*,*,#10320,.F.);
#10398=ORIENTED_EDGE('',*,*,#10355,.F.);
#10400=ORIENTED_EDGE('',*,*,#10399,.T.);
#10401=ORIENTED_EDGE('',*,*,#10380,.T.);
#10402=EDGE_LOOP('',(#10397,#10398,#10400,#10401));
#10403=FACE_OUTER_BOUND('',#10402,.F.);
#10404=ADVANCED_FACE('',(#10403),#10396,.T.);
#10405=CARTESIAN_POINT('',(-1.753E1,-6.25E0,-4.35E0));
#10406=DIRECTION('',(9.805806756909E-1,-1.961161351382E-1,0.E0));
#10407=DIRECTION('',(1.961161351382E-1,9.805806756909E-1,0.E0));
#10408=AXIS2_PLACEMENT_3D('',#10405,#10406,#10407);
#10409=PLANE('',#10408);
#10410=ORIENTED_EDGE('',*,*,#10353,.F.);
#10412=ORIENTED_EDGE('',*,*,#10411,.T.);
#10413=ORIENTED_EDGE('',*,*,#10382,.T.);
#10414=ORIENTED_EDGE('',*,*,#10399,.F.);
#10415=EDGE_LOOP('',(#10410,#10412,#10413,#10414));
#10416=FACE_OUTER_BOUND('',#10415,.F.);
#10417=ADVANCED_FACE('',(#10416),#10409,.T.);
#10418=CARTESIAN_POINT('',(-1.803E1,-6.25E0,-4.35E0));
#10419=DIRECTION('',(0.E0,-1.E0,0.E0));
#10420=DIRECTION('',(1.E0,0.E0,0.E0));
#10421=AXIS2_PLACEMENT_3D('',#10418,#10419,#10420);
#10422=PLANE('',#10421);
#10423=ORIENTED_EDGE('',*,*,#10351,.F.);
#10425=ORIENTED_EDGE('',*,*,#10424,.T.);
#10426=ORIENTED_EDGE('',*,*,#10384,.T.);
#10427=ORIENTED_EDGE('',*,*,#10411,.F.);
#10428=EDGE_LOOP('',(#10423,#10425,#10426,#10427));
#10429=FACE_OUTER_BOUND('',#10428,.F.);
#10430=ADVANCED_FACE('',(#10429),#10422,.T.);
#10431=CARTESIAN_POINT('',(-1.823E1,-5.25E0,-4.35E0));
#10432=DIRECTION('',(-9.805806756909E-1,-1.961161351382E-1,0.E0));
#10433=DIRECTION('',(1.961161351382E-1,-9.805806756909E-1,0.E0));
#10434=AXIS2_PLACEMENT_3D('',#10431,#10432,#10433);
#10435=PLANE('',#10434);
#10436=ORIENTED_EDGE('',*,*,#10349,.F.);
#10437=ORIENTED_EDGE('',*,*,#10368,.T.);
#10438=ORIENTED_EDGE('',*,*,#10386,.T.);
#10439=ORIENTED_EDGE('',*,*,#10424,.F.);
#10440=EDGE_LOOP('',(#10436,#10437,#10438,#10439));
#10441=FACE_OUTER_BOUND('',#10440,.F.);
#10442=ADVANCED_FACE('',(#10441),#10435,.T.);
#10443=CARTESIAN_POINT('',(-1.48E1,-2.55E0,0.E0));
#10444=DIRECTION('',(-1.E0,0.E0,0.E0));
#10445=DIRECTION('',(0.E0,-1.E0,0.E0));
#10446=AXIS2_PLACEMENT_3D('',#10443,#10444,#10445);
#10447=PLANE('',#10446);
#10448=ORIENTED_EDGE('',*,*,#7489,.F.);
#10449=ORIENTED_EDGE('',*,*,#7772,.T.);
#10451=ORIENTED_EDGE('',*,*,#10450,.T.);
#10452=ORIENTED_EDGE('',*,*,#8424,.F.);
#10453=EDGE_LOOP('',(#10448,#10449,#10451,#10452));
#10454=FACE_OUTER_BOUND('',#10453,.F.);
#10455=ADVANCED_FACE('',(#10454),#10447,.F.);
#10456=CARTESIAN_POINT('',(-1.06E1,-2.55E0,0.E0));
#10457=DIRECTION('',(0.E0,1.E0,0.E0));
#10458=DIRECTION('',(-1.E0,0.E0,0.E0));
#10459=AXIS2_PLACEMENT_3D('',#10456,#10457,#10458);
#10460=PLANE('',#10459);
#10461=ORIENTED_EDGE('',*,*,#8426,.T.);
#10462=ORIENTED_EDGE('',*,*,#10450,.F.);
#10463=ORIENTED_EDGE('',*,*,#7770,.F.);
#10465=ORIENTED_EDGE('',*,*,#10464,.T.);
#10466=EDGE_LOOP('',(#10461,#10462,#10463,#10465));
#10467=FACE_OUTER_BOUND('',#10466,.F.);
#10469=ORIENTED_EDGE('',*,*,#10468,.T.);
#10471=ORIENTED_EDGE('',*,*,#10470,.T.);
#10473=ORIENTED_EDGE('',*,*,#10472,.F.);
#10475=ORIENTED_EDGE('',*,*,#10474,.F.);
#10476=EDGE_LOOP('',(#10469,#10471,#10473,#10475));
#10477=FACE_BOUND('',#10476,.F.);
#10478=ADVANCED_FACE('',(#10467,#10477),#10460,.F.);
#10479=CARTESIAN_POINT('',(-1.06E1,-2.75E0,0.E0));
#10480=DIRECTION('',(1.E0,0.E0,0.E0));
#10481=DIRECTION('',(0.E0,1.E0,0.E0));
#10482=AXIS2_PLACEMENT_3D('',#10479,#10480,#10481);
#10483=PLANE('',#10482);
#10484=ORIENTED_EDGE('',*,*,#7509,.T.);
#10485=ORIENTED_EDGE('',*,*,#8428,.T.);
#10486=ORIENTED_EDGE('',*,*,#10464,.F.);
#10487=ORIENTED_EDGE('',*,*,#7768,.F.);
#10488=EDGE_LOOP('',(#10484,#10485,#10486,#10487));
#10489=FACE_OUTER_BOUND('',#10488,.F.);
#10490=ADVANCED_FACE('',(#10489),#10483,.F.);
#10491=CARTESIAN_POINT('',(0.E0,0.E0,-4.35E0));
#10492=DIRECTION('',(0.E0,0.E0,1.E0));
#10493=DIRECTION('',(1.E0,0.E0,0.E0));
#10494=AXIS2_PLACEMENT_3D('',#10491,#10492,#10493);
#10495=PLANE('',#10494);
#10496=ORIENTED_EDGE('',*,*,#10468,.F.);
#10498=ORIENTED_EDGE('',*,*,#10497,.T.);
#10500=ORIENTED_EDGE('',*,*,#10499,.T.);
#10502=ORIENTED_EDGE('',*,*,#10501,.T.);
#10504=ORIENTED_EDGE('',*,*,#10503,.T.);
#10506=ORIENTED_EDGE('',*,*,#10505,.T.);
#10507=EDGE_LOOP('',(#10496,#10498,#10500,#10502,#10504,#10506));
#10508=FACE_OUTER_BOUND('',#10507,.F.);
#10509=ADVANCED_FACE('',(#10508),#10495,.F.);
#10510=CARTESIAN_POINT('',(-1.315E1,-2.55E0,-4.35E0));
#10511=DIRECTION('',(-1.E0,0.E0,0.E0));
#10512=DIRECTION('',(0.E0,-1.E0,0.E0));
#10513=AXIS2_PLACEMENT_3D('',#10510,#10511,#10512);
#10514=PLANE('',#10513);
#10515=ORIENTED_EDGE('',*,*,#10474,.T.);
#10517=ORIENTED_EDGE('',*,*,#10516,.T.);
#10519=ORIENTED_EDGE('',*,*,#10518,.F.);
#10520=ORIENTED_EDGE('',*,*,#10497,.F.);
#10521=EDGE_LOOP('',(#10515,#10517,#10519,#10520));
#10522=FACE_OUTER_BOUND('',#10521,.F.);
#10523=ADVANCED_FACE('',(#10522),#10514,.T.);
#10524=CARTESIAN_POINT('',(0.E0,0.E0,-3.85E0));
#10525=DIRECTION('',(0.E0,0.E0,1.E0));
#10526=DIRECTION('',(1.E0,0.E0,0.E0));
#10527=AXIS2_PLACEMENT_3D('',#10524,#10525,#10526);
#10528=PLANE('',#10527);
#10529=ORIENTED_EDGE('',*,*,#10472,.T.);
#10531=ORIENTED_EDGE('',*,*,#10530,.F.);
#10533=ORIENTED_EDGE('',*,*,#10532,.F.);
#10535=ORIENTED_EDGE('',*,*,#10534,.F.);
#10537=ORIENTED_EDGE('',*,*,#10536,.F.);
#10538=ORIENTED_EDGE('',*,*,#10516,.F.);
#10539=EDGE_LOOP('',(#10529,#10531,#10533,#10535,#10537,#10538));
#10540=FACE_OUTER_BOUND('',#10539,.F.);
#10541=ADVANCED_FACE('',(#10540),#10528,.T.);
#10542=CARTESIAN_POINT('',(-1.225E1,-5.25E0,-4.35E0));
#10543=DIRECTION('',(1.E0,0.E0,0.E0));
#10544=DIRECTION('',(0.E0,1.E0,0.E0));
#10545=AXIS2_PLACEMENT_3D('',#10542,#10543,#10544);
#10546=PLANE('',#10545);
#10547=ORIENTED_EDGE('',*,*,#10470,.F.);
#10548=ORIENTED_EDGE('',*,*,#10505,.F.);
#10550=ORIENTED_EDGE('',*,*,#10549,.T.);
#10551=ORIENTED_EDGE('',*,*,#10530,.T.);
#10552=EDGE_LOOP('',(#10547,#10548,#10550,#10551));
#10553=FACE_OUTER_BOUND('',#10552,.F.);
#10554=ADVANCED_FACE('',(#10553),#10546,.T.);
#10555=CARTESIAN_POINT('',(-1.245E1,-6.25E0,-4.35E0));
#10556=DIRECTION('',(9.805806756909E-1,-1.961161351382E-1,0.E0));
#10557=DIRECTION('',(1.961161351382E-1,9.805806756909E-1,0.E0));
#10558=AXIS2_PLACEMENT_3D('',#10555,#10556,#10557);
#10559=PLANE('',#10558);
#10560=ORIENTED_EDGE('',*,*,#10503,.F.);
#10562=ORIENTED_EDGE('',*,*,#10561,.T.);
#10563=ORIENTED_EDGE('',*,*,#10532,.T.);
#10564=ORIENTED_EDGE('',*,*,#10549,.F.);
#10565=EDGE_LOOP('',(#10560,#10562,#10563,#10564));
#10566=FACE_OUTER_BOUND('',#10565,.F.);
#10567=ADVANCED_FACE('',(#10566),#10559,.T.);
#10568=CARTESIAN_POINT('',(-1.295E1,-6.25E0,-4.35E0));
#10569=DIRECTION('',(0.E0,-1.E0,0.E0));
#10570=DIRECTION('',(1.E0,0.E0,0.E0));
#10571=AXIS2_PLACEMENT_3D('',#10568,#10569,#10570);
#10572=PLANE('',#10571);
#10573=ORIENTED_EDGE('',*,*,#10501,.F.);
#10575=ORIENTED_EDGE('',*,*,#10574,.T.);
#10576=ORIENTED_EDGE('',*,*,#10534,.T.);
#10577=ORIENTED_EDGE('',*,*,#10561,.F.);
#10578=EDGE_LOOP('',(#10573,#10575,#10576,#10577));
#10579=FACE_OUTER_BOUND('',#10578,.F.);
#10580=ADVANCED_FACE('',(#10579),#10572,.T.);
#10581=CARTESIAN_POINT('',(-1.315E1,-5.25E0,-4.35E0));
#10582=DIRECTION('',(-9.805806756909E-1,-1.961161351382E-1,0.E0));
#10583=DIRECTION('',(1.961161351382E-1,-9.805806756909E-1,0.E0));
#10584=AXIS2_PLACEMENT_3D('',#10581,#10582,#10583);
#10585=PLANE('',#10584);
#10586=ORIENTED_EDGE('',*,*,#10499,.F.);
#10587=ORIENTED_EDGE('',*,*,#10518,.T.);
#10588=ORIENTED_EDGE('',*,*,#10536,.T.);
#10589=ORIENTED_EDGE('',*,*,#10574,.F.);
#10590=EDGE_LOOP('',(#10586,#10587,#10588,#10589));
#10591=FACE_OUTER_BOUND('',#10590,.F.);
#10592=ADVANCED_FACE('',(#10591),#10585,.T.);
#10593=CARTESIAN_POINT('',(-9.72E0,-2.55E0,0.E0));
#10594=DIRECTION('',(-1.E0,0.E0,0.E0));
#10595=DIRECTION('',(0.E0,-1.E0,0.E0));
#10596=AXIS2_PLACEMENT_3D('',#10593,#10594,#10595);
#10597=PLANE('',#10596);
#10598=ORIENTED_EDGE('',*,*,#7505,.F.);
#10599=ORIENTED_EDGE('',*,*,#7765,.T.);
#10601=ORIENTED_EDGE('',*,*,#10600,.T.);
#10602=ORIENTED_EDGE('',*,*,#8431,.F.);
#10603=EDGE_LOOP('',(#10598,#10599,#10601,#10602));
#10604=FACE_OUTER_BOUND('',#10603,.F.);
#10605=ADVANCED_FACE('',(#10604),#10597,.F.);
#10606=CARTESIAN_POINT('',(-5.52E0,-2.55E0,0.E0));
#10607=DIRECTION('',(0.E0,1.E0,0.E0));
#10608=DIRECTION('',(-1.E0,0.E0,0.E0));
#10609=AXIS2_PLACEMENT_3D('',#10606,#10607,#10608);
#10610=PLANE('',#10609);
#10611=ORIENTED_EDGE('',*,*,#8433,.T.);
#10612=ORIENTED_EDGE('',*,*,#10600,.F.);
#10613=ORIENTED_EDGE('',*,*,#7763,.F.);
#10615=ORIENTED_EDGE('',*,*,#10614,.T.);
#10616=EDGE_LOOP('',(#10611,#10612,#10613,#10615));
#10617=FACE_OUTER_BOUND('',#10616,.F.);
#10619=ORIENTED_EDGE('',*,*,#10618,.T.);
#10621=ORIENTED_EDGE('',*,*,#10620,.T.);
#10623=ORIENTED_EDGE('',*,*,#10622,.F.);
#10625=ORIENTED_EDGE('',*,*,#10624,.F.);
#10626=EDGE_LOOP('',(#10619,#10621,#10623,#10625));
#10627=FACE_BOUND('',#10626,.F.);
#10628=ADVANCED_FACE('',(#10617,#10627),#10610,.F.);
#10629=CARTESIAN_POINT('',(-5.52E0,-2.75E0,0.E0));
#10630=DIRECTION('',(1.E0,0.E0,0.E0));
#10631=DIRECTION('',(0.E0,1.E0,0.E0));
#10632=AXIS2_PLACEMENT_3D('',#10629,#10630,#10631);
#10633=PLANE('',#10632);
#10634=ORIENTED_EDGE('',*,*,#7525,.T.);
#10635=ORIENTED_EDGE('',*,*,#8435,.T.);
#10636=ORIENTED_EDGE('',*,*,#10614,.F.);
#10637=ORIENTED_EDGE('',*,*,#7761,.F.);
#10638=EDGE_LOOP('',(#10634,#10635,#10636,#10637));
#10639=FACE_OUTER_BOUND('',#10638,.F.);
#10640=ADVANCED_FACE('',(#10639),#10633,.F.);
#10641=CARTESIAN_POINT('',(0.E0,0.E0,-4.35E0));
#10642=DIRECTION('',(0.E0,0.E0,1.E0));
#10643=DIRECTION('',(1.E0,0.E0,0.E0));
#10644=AXIS2_PLACEMENT_3D('',#10641,#10642,#10643);
#10645=PLANE('',#10644);
#10646=ORIENTED_EDGE('',*,*,#10618,.F.);
#10648=ORIENTED_EDGE('',*,*,#10647,.T.);
#10650=ORIENTED_EDGE('',*,*,#10649,.T.);
#10652=ORIENTED_EDGE('',*,*,#10651,.T.);
#10654=ORIENTED_EDGE('',*,*,#10653,.T.);
#10656=ORIENTED_EDGE('',*,*,#10655,.T.);
#10657=EDGE_LOOP('',(#10646,#10648,#10650,#10652,#10654,#10656));
#10658=FACE_OUTER_BOUND('',#10657,.F.);
#10659=ADVANCED_FACE('',(#10658),#10645,.F.);
#10660=CARTESIAN_POINT('',(-8.07E0,-2.55E0,-4.35E0));
#10661=DIRECTION('',(-1.E0,0.E0,0.E0));
#10662=DIRECTION('',(0.E0,-1.E0,0.E0));
#10663=AXIS2_PLACEMENT_3D('',#10660,#10661,#10662);
#10664=PLANE('',#10663);
#10665=ORIENTED_EDGE('',*,*,#10624,.T.);
#10667=ORIENTED_EDGE('',*,*,#10666,.T.);
#10669=ORIENTED_EDGE('',*,*,#10668,.F.);
#10670=ORIENTED_EDGE('',*,*,#10647,.F.);
#10671=EDGE_LOOP('',(#10665,#10667,#10669,#10670));
#10672=FACE_OUTER_BOUND('',#10671,.F.);
#10673=ADVANCED_FACE('',(#10672),#10664,.T.);
#10674=CARTESIAN_POINT('',(0.E0,0.E0,-3.85E0));
#10675=DIRECTION('',(0.E0,0.E0,1.E0));
#10676=DIRECTION('',(1.E0,0.E0,0.E0));
#10677=AXIS2_PLACEMENT_3D('',#10674,#10675,#10676);
#10678=PLANE('',#10677);
#10679=ORIENTED_EDGE('',*,*,#10622,.T.);
#10681=ORIENTED_EDGE('',*,*,#10680,.F.);
#10683=ORIENTED_EDGE('',*,*,#10682,.F.);
#10685=ORIENTED_EDGE('',*,*,#10684,.F.);
#10687=ORIENTED_EDGE('',*,*,#10686,.F.);
#10688=ORIENTED_EDGE('',*,*,#10666,.F.);
#10689=EDGE_LOOP('',(#10679,#10681,#10683,#10685,#10687,#10688));
#10690=FACE_OUTER_BOUND('',#10689,.F.);
#10691=ADVANCED_FACE('',(#10690),#10678,.T.);
#10692=CARTESIAN_POINT('',(-7.17E0,-5.25E0,-4.35E0));
#10693=DIRECTION('',(1.E0,0.E0,0.E0));
#10694=DIRECTION('',(0.E0,1.E0,0.E0));
#10695=AXIS2_PLACEMENT_3D('',#10692,#10693,#10694);
#10696=PLANE('',#10695);
#10697=ORIENTED_EDGE('',*,*,#10620,.F.);
#10698=ORIENTED_EDGE('',*,*,#10655,.F.);
#10700=ORIENTED_EDGE('',*,*,#10699,.T.);
#10701=ORIENTED_EDGE('',*,*,#10680,.T.);
#10702=EDGE_LOOP('',(#10697,#10698,#10700,#10701));
#10703=FACE_OUTER_BOUND('',#10702,.F.);
#10704=ADVANCED_FACE('',(#10703),#10696,.T.);
#10705=CARTESIAN_POINT('',(-7.37E0,-6.25E0,-4.35E0));
#10706=DIRECTION('',(9.805806756909E-1,-1.961161351382E-1,0.E0));
#10707=DIRECTION('',(1.961161351382E-1,9.805806756909E-1,0.E0));
#10708=AXIS2_PLACEMENT_3D('',#10705,#10706,#10707);
#10709=PLANE('',#10708);
#10710=ORIENTED_EDGE('',*,*,#10653,.F.);
#10712=ORIENTED_EDGE('',*,*,#10711,.T.);
#10713=ORIENTED_EDGE('',*,*,#10682,.T.);
#10714=ORIENTED_EDGE('',*,*,#10699,.F.);
#10715=EDGE_LOOP('',(#10710,#10712,#10713,#10714));
#10716=FACE_OUTER_BOUND('',#10715,.F.);
#10717=ADVANCED_FACE('',(#10716),#10709,.T.);
#10718=CARTESIAN_POINT('',(-7.87E0,-6.25E0,-4.35E0));
#10719=DIRECTION('',(0.E0,-1.E0,0.E0));
#10720=DIRECTION('',(1.E0,0.E0,0.E0));
#10721=AXIS2_PLACEMENT_3D('',#10718,#10719,#10720);
#10722=PLANE('',#10721);
#10723=ORIENTED_EDGE('',*,*,#10651,.F.);
#10725=ORIENTED_EDGE('',*,*,#10724,.T.);
#10726=ORIENTED_EDGE('',*,*,#10684,.T.);
#10727=ORIENTED_EDGE('',*,*,#10711,.F.);
#10728=EDGE_LOOP('',(#10723,#10725,#10726,#10727));
#10729=FACE_OUTER_BOUND('',#10728,.F.);
#10730=ADVANCED_FACE('',(#10729),#10722,.T.);
#10731=CARTESIAN_POINT('',(-8.07E0,-5.25E0,-4.35E0));
#10732=DIRECTION('',(-9.805806756909E-1,-1.961161351382E-1,0.E0));
#10733=DIRECTION('',(1.961161351382E-1,-9.805806756909E-1,0.E0));
#10734=AXIS2_PLACEMENT_3D('',#10731,#10732,#10733);
#10735=PLANE('',#10734);
#10736=ORIENTED_EDGE('',*,*,#10649,.F.);
#10737=ORIENTED_EDGE('',*,*,#10668,.T.);
#10738=ORIENTED_EDGE('',*,*,#10686,.T.);
#10739=ORIENTED_EDGE('',*,*,#10724,.F.);
#10740=EDGE_LOOP('',(#10736,#10737,#10738,#10739));
#10741=FACE_OUTER_BOUND('',#10740,.F.);
#10742=ADVANCED_FACE('',(#10741),#10735,.T.);
#10743=CARTESIAN_POINT('',(-4.64E0,-2.55E0,0.E0));
#10744=DIRECTION('',(-1.E0,0.E0,0.E0));
#10745=DIRECTION('',(0.E0,-1.E0,0.E0));
#10746=AXIS2_PLACEMENT_3D('',#10743,#10744,#10745);
#10747=PLANE('',#10746);
#10748=ORIENTED_EDGE('',*,*,#7521,.F.);
#10749=ORIENTED_EDGE('',*,*,#7758,.T.);
#10751=ORIENTED_EDGE('',*,*,#10750,.T.);
#10752=ORIENTED_EDGE('',*,*,#8438,.F.);
#10753=EDGE_LOOP('',(#10748,#10749,#10751,#10752));
#10754=FACE_OUTER_BOUND('',#10753,.F.);
#10755=ADVANCED_FACE('',(#10754),#10747,.F.);
#10756=CARTESIAN_POINT('',(-4.4E-1,-2.55E0,0.E0));
#10757=DIRECTION('',(0.E0,1.E0,0.E0));
#10758=DIRECTION('',(-1.E0,0.E0,0.E0));
#10759=AXIS2_PLACEMENT_3D('',#10756,#10757,#10758);
#10760=PLANE('',#10759);
#10761=ORIENTED_EDGE('',*,*,#8440,.T.);
#10762=ORIENTED_EDGE('',*,*,#10750,.F.);
#10763=ORIENTED_EDGE('',*,*,#7756,.F.);
#10765=ORIENTED_EDGE('',*,*,#10764,.T.);
#10766=EDGE_LOOP('',(#10761,#10762,#10763,#10765));
#10767=FACE_OUTER_BOUND('',#10766,.F.);
#10769=ORIENTED_EDGE('',*,*,#10768,.T.);
#10771=ORIENTED_EDGE('',*,*,#10770,.T.);
#10773=ORIENTED_EDGE('',*,*,#10772,.F.);
#10775=ORIENTED_EDGE('',*,*,#10774,.F.);
#10776=EDGE_LOOP('',(#10769,#10771,#10773,#10775));
#10777=FACE_BOUND('',#10776,.F.);
#10778=ADVANCED_FACE('',(#10767,#10777),#10760,.F.);
#10779=CARTESIAN_POINT('',(-4.4E-1,-2.75E0,0.E0));
#10780=DIRECTION('',(1.E0,0.E0,0.E0));
#10781=DIRECTION('',(0.E0,1.E0,0.E0));
#10782=AXIS2_PLACEMENT_3D('',#10779,#10780,#10781);
#10783=PLANE('',#10782);
#10784=ORIENTED_EDGE('',*,*,#7541,.T.);
#10785=ORIENTED_EDGE('',*,*,#8442,.T.);
#10786=ORIENTED_EDGE('',*,*,#10764,.F.);
#10787=ORIENTED_EDGE('',*,*,#7754,.F.);
#10788=EDGE_LOOP('',(#10784,#10785,#10786,#10787));
#10789=FACE_OUTER_BOUND('',#10788,.F.);
#10790=ADVANCED_FACE('',(#10789),#10783,.F.);
#10791=CARTESIAN_POINT('',(0.E0,0.E0,-4.35E0));
#10792=DIRECTION('',(0.E0,0.E0,1.E0));
#10793=DIRECTION('',(1.E0,0.E0,0.E0));
#10794=AXIS2_PLACEMENT_3D('',#10791,#10792,#10793);
#10795=PLANE('',#10794);
#10796=ORIENTED_EDGE('',*,*,#10768,.F.);
#10798=ORIENTED_EDGE('',*,*,#10797,.T.);
#10800=ORIENTED_EDGE('',*,*,#10799,.T.);
#10802=ORIENTED_EDGE('',*,*,#10801,.T.);
#10804=ORIENTED_EDGE('',*,*,#10803,.T.);
#10806=ORIENTED_EDGE('',*,*,#10805,.T.);
#10807=EDGE_LOOP('',(#10796,#10798,#10800,#10802,#10804,#10806));
#10808=FACE_OUTER_BOUND('',#10807,.F.);
#10809=ADVANCED_FACE('',(#10808),#10795,.F.);
#10810=CARTESIAN_POINT('',(-2.99E0,-2.55E0,-4.35E0));
#10811=DIRECTION('',(-1.E0,0.E0,0.E0));
#10812=DIRECTION('',(0.E0,-1.E0,0.E0));
#10813=AXIS2_PLACEMENT_3D('',#10810,#10811,#10812);
#10814=PLANE('',#10813);
#10815=ORIENTED_EDGE('',*,*,#10774,.T.);
#10817=ORIENTED_EDGE('',*,*,#10816,.T.);
#10819=ORIENTED_EDGE('',*,*,#10818,.F.);
#10820=ORIENTED_EDGE('',*,*,#10797,.F.);
#10821=EDGE_LOOP('',(#10815,#10817,#10819,#10820));
#10822=FACE_OUTER_BOUND('',#10821,.F.);
#10823=ADVANCED_FACE('',(#10822),#10814,.T.);
#10824=CARTESIAN_POINT('',(0.E0,0.E0,-3.85E0));
#10825=DIRECTION('',(0.E0,0.E0,1.E0));
#10826=DIRECTION('',(1.E0,0.E0,0.E0));
#10827=AXIS2_PLACEMENT_3D('',#10824,#10825,#10826);
#10828=PLANE('',#10827);
#10829=ORIENTED_EDGE('',*,*,#10772,.T.);
#10831=ORIENTED_EDGE('',*,*,#10830,.F.);
#10833=ORIENTED_EDGE('',*,*,#10832,.F.);
#10835=ORIENTED_EDGE('',*,*,#10834,.F.);
#10837=ORIENTED_EDGE('',*,*,#10836,.F.);
#10838=ORIENTED_EDGE('',*,*,#10816,.F.);
#10839=EDGE_LOOP('',(#10829,#10831,#10833,#10835,#10837,#10838));
#10840=FACE_OUTER_BOUND('',#10839,.F.);
#10841=ADVANCED_FACE('',(#10840),#10828,.T.);
#10842=CARTESIAN_POINT('',(-2.09E0,-5.25E0,-4.35E0));
#10843=DIRECTION('',(1.E0,0.E0,0.E0));
#10844=DIRECTION('',(0.E0,1.E0,0.E0));
#10845=AXIS2_PLACEMENT_3D('',#10842,#10843,#10844);
#10846=PLANE('',#10845);
#10847=ORIENTED_EDGE('',*,*,#10770,.F.);
#10848=ORIENTED_EDGE('',*,*,#10805,.F.);
#10850=ORIENTED_EDGE('',*,*,#10849,.T.);
#10851=ORIENTED_EDGE('',*,*,#10830,.T.);
#10852=EDGE_LOOP('',(#10847,#10848,#10850,#10851));
#10853=FACE_OUTER_BOUND('',#10852,.F.);
#10854=ADVANCED_FACE('',(#10853),#10846,.T.);
#10855=CARTESIAN_POINT('',(-2.29E0,-6.25E0,-4.35E0));
#10856=DIRECTION('',(9.805806756909E-1,-1.961161351382E-1,0.E0));
#10857=DIRECTION('',(1.961161351382E-1,9.805806756909E-1,0.E0));
#10858=AXIS2_PLACEMENT_3D('',#10855,#10856,#10857);
#10859=PLANE('',#10858);
#10860=ORIENTED_EDGE('',*,*,#10803,.F.);
#10862=ORIENTED_EDGE('',*,*,#10861,.T.);
#10863=ORIENTED_EDGE('',*,*,#10832,.T.);
#10864=ORIENTED_EDGE('',*,*,#10849,.F.);
#10865=EDGE_LOOP('',(#10860,#10862,#10863,#10864));
#10866=FACE_OUTER_BOUND('',#10865,.F.);
#10867=ADVANCED_FACE('',(#10866),#10859,.T.);
#10868=CARTESIAN_POINT('',(-2.79E0,-6.25E0,-4.35E0));
#10869=DIRECTION('',(0.E0,-1.E0,0.E0));
#10870=DIRECTION('',(1.E0,0.E0,0.E0));
#10871=AXIS2_PLACEMENT_3D('',#10868,#10869,#10870);
#10872=PLANE('',#10871);
#10873=ORIENTED_EDGE('',*,*,#10801,.F.);
#10875=ORIENTED_EDGE('',*,*,#10874,.T.);
#10876=ORIENTED_EDGE('',*,*,#10834,.T.);
#10877=ORIENTED_EDGE('',*,*,#10861,.F.);
#10878=EDGE_LOOP('',(#10873,#10875,#10876,#10877));
#10879=FACE_OUTER_BOUND('',#10878,.F.);
#10880=ADVANCED_FACE('',(#10879),#10872,.T.);
#10881=CARTESIAN_POINT('',(-2.99E0,-5.25E0,-4.35E0));
#10882=DIRECTION('',(-9.805806756909E-1,-1.961161351382E-1,0.E0));
#10883=DIRECTION('',(1.961161351382E-1,-9.805806756909E-1,0.E0));
#10884=AXIS2_PLACEMENT_3D('',#10881,#10882,#10883);
#10885=PLANE('',#10884);
#10886=ORIENTED_EDGE('',*,*,#10799,.F.);
#10887=ORIENTED_EDGE('',*,*,#10818,.T.);
#10888=ORIENTED_EDGE('',*,*,#10836,.T.);
#10889=ORIENTED_EDGE('',*,*,#10874,.F.);
#10890=EDGE_LOOP('',(#10886,#10887,#10888,#10889));
#10891=FACE_OUTER_BOUND('',#10890,.F.);
#10892=ADVANCED_FACE('',(#10891),#10885,.T.);
#10893=CARTESIAN_POINT('',(4.4E-1,-2.55E0,0.E0));
#10894=DIRECTION('',(-1.E0,0.E0,0.E0));
#10895=DIRECTION('',(0.E0,-1.E0,0.E0));
#10896=AXIS2_PLACEMENT_3D('',#10893,#10894,#10895);
#10897=PLANE('',#10896);
#10898=ORIENTED_EDGE('',*,*,#7537,.F.);
#10899=ORIENTED_EDGE('',*,*,#7751,.T.);
#10901=ORIENTED_EDGE('',*,*,#10900,.T.);
#10902=ORIENTED_EDGE('',*,*,#8445,.F.);
#10903=EDGE_LOOP('',(#10898,#10899,#10901,#10902));
#10904=FACE_OUTER_BOUND('',#10903,.F.);
#10905=ADVANCED_FACE('',(#10904),#10897,.F.);
#10906=CARTESIAN_POINT('',(4.64E0,-2.55E0,0.E0));
#10907=DIRECTION('',(0.E0,1.E0,0.E0));
#10908=DIRECTION('',(-1.E0,0.E0,0.E0));
#10909=AXIS2_PLACEMENT_3D('',#10906,#10907,#10908);
#10910=PLANE('',#10909);
#10911=ORIENTED_EDGE('',*,*,#8447,.T.);
#10912=ORIENTED_EDGE('',*,*,#10900,.F.);
#10913=ORIENTED_EDGE('',*,*,#7749,.F.);
#10915=ORIENTED_EDGE('',*,*,#10914,.T.);
#10916=EDGE_LOOP('',(#10911,#10912,#10913,#10915));
#10917=FACE_OUTER_BOUND('',#10916,.F.);
#10919=ORIENTED_EDGE('',*,*,#10918,.T.);
#10921=ORIENTED_EDGE('',*,*,#10920,.T.);
#10923=ORIENTED_EDGE('',*,*,#10922,.F.);
#10925=ORIENTED_EDGE('',*,*,#10924,.F.);
#10926=EDGE_LOOP('',(#10919,#10921,#10923,#10925));
#10927=FACE_BOUND('',#10926,.F.);
#10928=ADVANCED_FACE('',(#10917,#10927),#10910,.F.);
#10929=CARTESIAN_POINT('',(4.64E0,-2.75E0,0.E0));
#10930=DIRECTION('',(1.E0,0.E0,0.E0));
#10931=DIRECTION('',(0.E0,1.E0,0.E0));
#10932=AXIS2_PLACEMENT_3D('',#10929,#10930,#10931);
#10933=PLANE('',#10932);
#10934=ORIENTED_EDGE('',*,*,#7557,.T.);
#10935=ORIENTED_EDGE('',*,*,#8449,.T.);
#10936=ORIENTED_EDGE('',*,*,#10914,.F.);
#10937=ORIENTED_EDGE('',*,*,#7747,.F.);
#10938=EDGE_LOOP('',(#10934,#10935,#10936,#10937));
#10939=FACE_OUTER_BOUND('',#10938,.F.);
#10940=ADVANCED_FACE('',(#10939),#10933,.F.);
#10941=CARTESIAN_POINT('',(0.E0,0.E0,-4.35E0));
#10942=DIRECTION('',(0.E0,0.E0,1.E0));
#10943=DIRECTION('',(1.E0,0.E0,0.E0));
#10944=AXIS2_PLACEMENT_3D('',#10941,#10942,#10943);
#10945=PLANE('',#10944);
#10946=ORIENTED_EDGE('',*,*,#10918,.F.);
#10948=ORIENTED_EDGE('',*,*,#10947,.T.);
#10950=ORIENTED_EDGE('',*,*,#10949,.T.);
#10952=ORIENTED_EDGE('',*,*,#10951,.T.);
#10954=ORIENTED_EDGE('',*,*,#10953,.T.);
#10956=ORIENTED_EDGE('',*,*,#10955,.T.);
#10957=EDGE_LOOP('',(#10946,#10948,#10950,#10952,#10954,#10956));
#10958=FACE_OUTER_BOUND('',#10957,.F.);
#10959=ADVANCED_FACE('',(#10958),#10945,.F.);
#10960=CARTESIAN_POINT('',(2.09E0,-2.55E0,-4.35E0));
#10961=DIRECTION('',(-1.E0,0.E0,0.E0));
#10962=DIRECTION('',(0.E0,-1.E0,0.E0));
#10963=AXIS2_PLACEMENT_3D('',#10960,#10961,#10962);
#10964=PLANE('',#10963);
#10965=ORIENTED_EDGE('',*,*,#10924,.T.);
#10967=ORIENTED_EDGE('',*,*,#10966,.T.);
#10969=ORIENTED_EDGE('',*,*,#10968,.F.);
#10970=ORIENTED_EDGE('',*,*,#10947,.F.);
#10971=EDGE_LOOP('',(#10965,#10967,#10969,#10970));
#10972=FACE_OUTER_BOUND('',#10971,.F.);
#10973=ADVANCED_FACE('',(#10972),#10964,.T.);
#10974=CARTESIAN_POINT('',(0.E0,0.E0,-3.85E0));
#10975=DIRECTION('',(0.E0,0.E0,1.E0));
#10976=DIRECTION('',(1.E0,0.E0,0.E0));
#10977=AXIS2_PLACEMENT_3D('',#10974,#10975,#10976);
#10978=PLANE('',#10977);
#10979=ORIENTED_EDGE('',*,*,#10922,.T.);
#10981=ORIENTED_EDGE('',*,*,#10980,.F.);
#10983=ORIENTED_EDGE('',*,*,#10982,.F.);
#10985=ORIENTED_EDGE('',*,*,#10984,.F.);
#10987=ORIENTED_EDGE('',*,*,#10986,.F.);
#10988=ORIENTED_EDGE('',*,*,#10966,.F.);
#10989=EDGE_LOOP('',(#10979,#10981,#10983,#10985,#10987,#10988));
#10990=FACE_OUTER_BOUND('',#10989,.F.);
#10991=ADVANCED_FACE('',(#10990),#10978,.T.);
#10992=CARTESIAN_POINT('',(2.99E0,-5.25E0,-4.35E0));
#10993=DIRECTION('',(1.E0,0.E0,0.E0));
#10994=DIRECTION('',(0.E0,1.E0,0.E0));
#10995=AXIS2_PLACEMENT_3D('',#10992,#10993,#10994);
#10996=PLANE('',#10995);
#10997=ORIENTED_EDGE('',*,*,#10920,.F.);
#10998=ORIENTED_EDGE('',*,*,#10955,.F.);
#11000=ORIENTED_EDGE('',*,*,#10999,.T.);
#11001=ORIENTED_EDGE('',*,*,#10980,.T.);
#11002=EDGE_LOOP('',(#10997,#10998,#11000,#11001));
#11003=FACE_OUTER_BOUND('',#11002,.F.);
#11004=ADVANCED_FACE('',(#11003),#10996,.T.);
#11005=CARTESIAN_POINT('',(2.79E0,-6.25E0,-4.35E0));
#11006=DIRECTION('',(9.805806756909E-1,-1.961161351382E-1,0.E0));
#11007=DIRECTION('',(1.961161351382E-1,9.805806756909E-1,0.E0));
#11008=AXIS2_PLACEMENT_3D('',#11005,#11006,#11007);
#11009=PLANE('',#11008);
#11010=ORIENTED_EDGE('',*,*,#10953,.F.);
#11012=ORIENTED_EDGE('',*,*,#11011,.T.);
#11013=ORIENTED_EDGE('',*,*,#10982,.T.);
#11014=ORIENTED_EDGE('',*,*,#10999,.F.);
#11015=EDGE_LOOP('',(#11010,#11012,#11013,#11014));
#11016=FACE_OUTER_BOUND('',#11015,.F.);
#11017=ADVANCED_FACE('',(#11016),#11009,.T.);
#11018=CARTESIAN_POINT('',(2.29E0,-6.25E0,-4.35E0));
#11019=DIRECTION('',(0.E0,-1.E0,0.E0));
#11020=DIRECTION('',(1.E0,0.E0,0.E0));
#11021=AXIS2_PLACEMENT_3D('',#11018,#11019,#11020);
#11022=PLANE('',#11021);
#11023=ORIENTED_EDGE('',*,*,#10951,.F.);
#11025=ORIENTED_EDGE('',*,*,#11024,.T.);
#11026=ORIENTED_EDGE('',*,*,#10984,.T.);
#11027=ORIENTED_EDGE('',*,*,#11011,.F.);
#11028=EDGE_LOOP('',(#11023,#11025,#11026,#11027));
#11029=FACE_OUTER_BOUND('',#11028,.F.);
#11030=ADVANCED_FACE('',(#11029),#11022,.T.);
#11031=CARTESIAN_POINT('',(2.09E0,-5.25E0,-4.35E0));
#11032=DIRECTION('',(-9.805806756909E-1,-1.961161351382E-1,0.E0));
#11033=DIRECTION('',(1.961161351382E-1,-9.805806756909E-1,0.E0));
#11034=AXIS2_PLACEMENT_3D('',#11031,#11032,#11033);
#11035=PLANE('',#11034);
#11036=ORIENTED_EDGE('',*,*,#10949,.F.);
#11037=ORIENTED_EDGE('',*,*,#10968,.T.);
#11038=ORIENTED_EDGE('',*,*,#10986,.T.);
#11039=ORIENTED_EDGE('',*,*,#11024,.F.);
#11040=EDGE_LOOP('',(#11036,#11037,#11038,#11039));
#11041=FACE_OUTER_BOUND('',#11040,.F.);
#11042=ADVANCED_FACE('',(#11041),#11035,.T.);
#11043=CARTESIAN_POINT('',(5.52E0,-2.55E0,0.E0));
#11044=DIRECTION('',(-1.E0,0.E0,0.E0));
#11045=DIRECTION('',(0.E0,-1.E0,0.E0));
#11046=AXIS2_PLACEMENT_3D('',#11043,#11044,#11045);
#11047=PLANE('',#11046);
#11048=ORIENTED_EDGE('',*,*,#7553,.F.);
#11049=ORIENTED_EDGE('',*,*,#7744,.T.);
#11051=ORIENTED_EDGE('',*,*,#11050,.T.);
#11052=ORIENTED_EDGE('',*,*,#8452,.F.);
#11053=EDGE_LOOP('',(#11048,#11049,#11051,#11052));
#11054=FACE_OUTER_BOUND('',#11053,.F.);
#11055=ADVANCED_FACE('',(#11054),#11047,.F.);
#11056=CARTESIAN_POINT('',(9.72E0,-2.55E0,0.E0));
#11057=DIRECTION('',(0.E0,1.E0,0.E0));
#11058=DIRECTION('',(-1.E0,0.E0,0.E0));
#11059=AXIS2_PLACEMENT_3D('',#11056,#11057,#11058);
#11060=PLANE('',#11059);
#11061=ORIENTED_EDGE('',*,*,#8454,.T.);
#11062=ORIENTED_EDGE('',*,*,#11050,.F.);
#11063=ORIENTED_EDGE('',*,*,#7742,.F.);
#11065=ORIENTED_EDGE('',*,*,#11064,.T.);
#11066=EDGE_LOOP('',(#11061,#11062,#11063,#11065));
#11067=FACE_OUTER_BOUND('',#11066,.F.);
#11069=ORIENTED_EDGE('',*,*,#11068,.T.);
#11071=ORIENTED_EDGE('',*,*,#11070,.T.);
#11073=ORIENTED_EDGE('',*,*,#11072,.F.);
#11075=ORIENTED_EDGE('',*,*,#11074,.F.);
#11076=EDGE_LOOP('',(#11069,#11071,#11073,#11075));
#11077=FACE_BOUND('',#11076,.F.);
#11078=ADVANCED_FACE('',(#11067,#11077),#11060,.F.);
#11079=CARTESIAN_POINT('',(9.72E0,-2.75E0,0.E0));
#11080=DIRECTION('',(1.E0,0.E0,0.E0));
#11081=DIRECTION('',(0.E0,1.E0,0.E0));
#11082=AXIS2_PLACEMENT_3D('',#11079,#11080,#11081);
#11083=PLANE('',#11082);
#11084=ORIENTED_EDGE('',*,*,#7573,.T.);
#11085=ORIENTED_EDGE('',*,*,#8456,.T.);
#11086=ORIENTED_EDGE('',*,*,#11064,.F.);
#11087=ORIENTED_EDGE('',*,*,#7740,.F.);
#11088=EDGE_LOOP('',(#11084,#11085,#11086,#11087));
#11089=FACE_OUTER_BOUND('',#11088,.F.);
#11090=ADVANCED_FACE('',(#11089),#11083,.F.);
#11091=CARTESIAN_POINT('',(0.E0,0.E0,-4.35E0));
#11092=DIRECTION('',(0.E0,0.E0,1.E0));
#11093=DIRECTION('',(1.E0,0.E0,0.E0));
#11094=AXIS2_PLACEMENT_3D('',#11091,#11092,#11093);
#11095=PLANE('',#11094);
#11096=ORIENTED_EDGE('',*,*,#11068,.F.);
#11098=ORIENTED_EDGE('',*,*,#11097,.T.);
#11100=ORIENTED_EDGE('',*,*,#11099,.T.);
#11102=ORIENTED_EDGE('',*,*,#11101,.T.);
#11104=ORIENTED_EDGE('',*,*,#11103,.T.);
#11106=ORIENTED_EDGE('',*,*,#11105,.T.);
#11107=EDGE_LOOP('',(#11096,#11098,#11100,#11102,#11104,#11106));
#11108=FACE_OUTER_BOUND('',#11107,.F.);
#11109=ADVANCED_FACE('',(#11108),#11095,.F.);
#11110=CARTESIAN_POINT('',(7.17E0,-2.55E0,-4.35E0));
#11111=DIRECTION('',(-1.E0,0.E0,0.E0));
#11112=DIRECTION('',(0.E0,-1.E0,0.E0));
#11113=AXIS2_PLACEMENT_3D('',#11110,#11111,#11112);
#11114=PLANE('',#11113);
#11115=ORIENTED_EDGE('',*,*,#11074,.T.);
#11117=ORIENTED_EDGE('',*,*,#11116,.T.);
#11119=ORIENTED_EDGE('',*,*,#11118,.F.);
#11120=ORIENTED_EDGE('',*,*,#11097,.F.);
#11121=EDGE_LOOP('',(#11115,#11117,#11119,#11120));
#11122=FACE_OUTER_BOUND('',#11121,.F.);
#11123=ADVANCED_FACE('',(#11122),#11114,.T.);
#11124=CARTESIAN_POINT('',(0.E0,0.E0,-3.85E0));
#11125=DIRECTION('',(0.E0,0.E0,1.E0));
#11126=DIRECTION('',(1.E0,0.E0,0.E0));
#11127=AXIS2_PLACEMENT_3D('',#11124,#11125,#11126);
#11128=PLANE('',#11127);
#11129=ORIENTED_EDGE('',*,*,#11072,.T.);
#11131=ORIENTED_EDGE('',*,*,#11130,.F.);
#11133=ORIENTED_EDGE('',*,*,#11132,.F.);
#11135=ORIENTED_EDGE('',*,*,#11134,.F.);
#11137=ORIENTED_EDGE('',*,*,#11136,.F.);
#11138=ORIENTED_EDGE('',*,*,#11116,.F.);
#11139=EDGE_LOOP('',(#11129,#11131,#11133,#11135,#11137,#11138));
#11140=FACE_OUTER_BOUND('',#11139,.F.);
#11141=ADVANCED_FACE('',(#11140),#11128,.T.);
#11142=CARTESIAN_POINT('',(8.07E0,-5.25E0,-4.35E0));
#11143=DIRECTION('',(1.E0,0.E0,0.E0));
#11144=DIRECTION('',(0.E0,1.E0,0.E0));
#11145=AXIS2_PLACEMENT_3D('',#11142,#11143,#11144);
#11146=PLANE('',#11145);
#11147=ORIENTED_EDGE('',*,*,#11070,.F.);
#11148=ORIENTED_EDGE('',*,*,#11105,.F.);
#11150=ORIENTED_EDGE('',*,*,#11149,.T.);
#11151=ORIENTED_EDGE('',*,*,#11130,.T.);
#11152=EDGE_LOOP('',(#11147,#11148,#11150,#11151));
#11153=FACE_OUTER_BOUND('',#11152,.F.);
#11154=ADVANCED_FACE('',(#11153),#11146,.T.);
#11155=CARTESIAN_POINT('',(7.87E0,-6.25E0,-4.35E0));
#11156=DIRECTION('',(9.805806756909E-1,-1.961161351382E-1,0.E0));
#11157=DIRECTION('',(1.961161351382E-1,9.805806756909E-1,0.E0));
#11158=AXIS2_PLACEMENT_3D('',#11155,#11156,#11157);
#11159=PLANE('',#11158);
#11160=ORIENTED_EDGE('',*,*,#11103,.F.);
#11162=ORIENTED_EDGE('',*,*,#11161,.T.);
#11163=ORIENTED_EDGE('',*,*,#11132,.T.);
#11164=ORIENTED_EDGE('',*,*,#11149,.F.);
#11165=EDGE_LOOP('',(#11160,#11162,#11163,#11164));
#11166=FACE_OUTER_BOUND('',#11165,.F.);
#11167=ADVANCED_FACE('',(#11166),#11159,.T.);
#11168=CARTESIAN_POINT('',(7.37E0,-6.25E0,-4.35E0));
#11169=DIRECTION('',(0.E0,-1.E0,0.E0));
#11170=DIRECTION('',(1.E0,0.E0,0.E0));
#11171=AXIS2_PLACEMENT_3D('',#11168,#11169,#11170);
#11172=PLANE('',#11171);
#11173=ORIENTED_EDGE('',*,*,#11101,.F.);
#11175=ORIENTED_EDGE('',*,*,#11174,.T.);
#11176=ORIENTED_EDGE('',*,*,#11134,.T.);
#11177=ORIENTED_EDGE('',*,*,#11161,.F.);
#11178=EDGE_LOOP('',(#11173,#11175,#11176,#11177));
#11179=FACE_OUTER_BOUND('',#11178,.F.);
#11180=ADVANCED_FACE('',(#11179),#11172,.T.);
#11181=CARTESIAN_POINT('',(7.17E0,-5.25E0,-4.35E0));
#11182=DIRECTION('',(-9.805806756909E-1,-1.961161351382E-1,0.E0));
#11183=DIRECTION('',(1.961161351382E-1,-9.805806756909E-1,0.E0));
#11184=AXIS2_PLACEMENT_3D('',#11181,#11182,#11183);
#11185=PLANE('',#11184);
#11186=ORIENTED_EDGE('',*,*,#11099,.F.);
#11187=ORIENTED_EDGE('',*,*,#11118,.T.);
#11188=ORIENTED_EDGE('',*,*,#11136,.T.);
#11189=ORIENTED_EDGE('',*,*,#11174,.F.);
#11190=EDGE_LOOP('',(#11186,#11187,#11188,#11189));
#11191=FACE_OUTER_BOUND('',#11190,.F.);
#11192=ADVANCED_FACE('',(#11191),#11185,.T.);
#11193=CARTESIAN_POINT('',(1.06E1,-2.55E0,0.E0));
#11194=DIRECTION('',(-1.E0,0.E0,0.E0));
#11195=DIRECTION('',(0.E0,-1.E0,0.E0));
#11196=AXIS2_PLACEMENT_3D('',#11193,#11194,#11195);
#11197=PLANE('',#11196);
#11198=ORIENTED_EDGE('',*,*,#7569,.F.);
#11199=ORIENTED_EDGE('',*,*,#7737,.T.);
#11201=ORIENTED_EDGE('',*,*,#11200,.T.);
#11202=ORIENTED_EDGE('',*,*,#8459,.F.);
#11203=EDGE_LOOP('',(#11198,#11199,#11201,#11202));
#11204=FACE_OUTER_BOUND('',#11203,.F.);
#11205=ADVANCED_FACE('',(#11204),#11197,.F.);
#11206=CARTESIAN_POINT('',(1.48E1,-2.55E0,0.E0));
#11207=DIRECTION('',(0.E0,1.E0,0.E0));
#11208=DIRECTION('',(-1.E0,0.E0,0.E0));
#11209=AXIS2_PLACEMENT_3D('',#11206,#11207,#11208);
#11210=PLANE('',#11209);
#11211=ORIENTED_EDGE('',*,*,#8461,.T.);
#11212=ORIENTED_EDGE('',*,*,#11200,.F.);
#11213=ORIENTED_EDGE('',*,*,#7735,.F.);
#11215=ORIENTED_EDGE('',*,*,#11214,.T.);
#11216=EDGE_LOOP('',(#11211,#11212,#11213,#11215));
#11217=FACE_OUTER_BOUND('',#11216,.F.);
#11219=ORIENTED_EDGE('',*,*,#11218,.T.);
#11221=ORIENTED_EDGE('',*,*,#11220,.T.);
#11223=ORIENTED_EDGE('',*,*,#11222,.F.);
#11225=ORIENTED_EDGE('',*,*,#11224,.F.);
#11226=EDGE_LOOP('',(#11219,#11221,#11223,#11225));
#11227=FACE_BOUND('',#11226,.F.);
#11228=ADVANCED_FACE('',(#11217,#11227),#11210,.F.);
#11229=CARTESIAN_POINT('',(1.48E1,-2.75E0,0.E0));
#11230=DIRECTION('',(1.E0,0.E0,0.E0));
#11231=DIRECTION('',(0.E0,1.E0,0.E0));
#11232=AXIS2_PLACEMENT_3D('',#11229,#11230,#11231);
#11233=PLANE('',#11232);
#11234=ORIENTED_EDGE('',*,*,#7589,.T.);
#11235=ORIENTED_EDGE('',*,*,#8463,.T.);
#11236=ORIENTED_EDGE('',*,*,#11214,.F.);
#11237=ORIENTED_EDGE('',*,*,#7733,.F.);
#11238=EDGE_LOOP('',(#11234,#11235,#11236,#11237));
#11239=FACE_OUTER_BOUND('',#11238,.F.);
#11240=ADVANCED_FACE('',(#11239),#11233,.F.);
#11241=CARTESIAN_POINT('',(0.E0,0.E0,-4.35E0));
#11242=DIRECTION('',(0.E0,0.E0,1.E0));
#11243=DIRECTION('',(1.E0,0.E0,0.E0));
#11244=AXIS2_PLACEMENT_3D('',#11241,#11242,#11243);
#11245=PLANE('',#11244);
#11246=ORIENTED_EDGE('',*,*,#11218,.F.);
#11248=ORIENTED_EDGE('',*,*,#11247,.T.);
#11250=ORIENTED_EDGE('',*,*,#11249,.T.);
#11252=ORIENTED_EDGE('',*,*,#11251,.T.);
#11254=ORIENTED_EDGE('',*,*,#11253,.T.);
#11256=ORIENTED_EDGE('',*,*,#11255,.T.);
#11257=EDGE_LOOP('',(#11246,#11248,#11250,#11252,#11254,#11256));
#11258=FACE_OUTER_BOUND('',#11257,.F.);
#11259=ADVANCED_FACE('',(#11258),#11245,.F.);
#11260=CARTESIAN_POINT('',(1.225E1,-2.55E0,-4.35E0));
#11261=DIRECTION('',(-1.E0,0.E0,0.E0));
#11262=DIRECTION('',(0.E0,-1.E0,0.E0));
#11263=AXIS2_PLACEMENT_3D('',#11260,#11261,#11262);
#11264=PLANE('',#11263);
#11265=ORIENTED_EDGE('',*,*,#11224,.T.);
#11267=ORIENTED_EDGE('',*,*,#11266,.T.);
#11269=ORIENTED_EDGE('',*,*,#11268,.F.);
#11270=ORIENTED_EDGE('',*,*,#11247,.F.);
#11271=EDGE_LOOP('',(#11265,#11267,#11269,#11270));
#11272=FACE_OUTER_BOUND('',#11271,.F.);
#11273=ADVANCED_FACE('',(#11272),#11264,.T.);
#11274=CARTESIAN_POINT('',(0.E0,0.E0,-3.85E0));
#11275=DIRECTION('',(0.E0,0.E0,1.E0));
#11276=DIRECTION('',(1.E0,0.E0,0.E0));
#11277=AXIS2_PLACEMENT_3D('',#11274,#11275,#11276);
#11278=PLANE('',#11277);
#11279=ORIENTED_EDGE('',*,*,#11222,.T.);
#11281=ORIENTED_EDGE('',*,*,#11280,.F.);
#11283=ORIENTED_EDGE('',*,*,#11282,.F.);
#11285=ORIENTED_EDGE('',*,*,#11284,.F.);
#11287=ORIENTED_EDGE('',*,*,#11286,.F.);
#11288=ORIENTED_EDGE('',*,*,#11266,.F.);
#11289=EDGE_LOOP('',(#11279,#11281,#11283,#11285,#11287,#11288));
#11290=FACE_OUTER_BOUND('',#11289,.F.);
#11291=ADVANCED_FACE('',(#11290),#11278,.T.);
#11292=CARTESIAN_POINT('',(1.315E1,-5.25E0,-4.35E0));
#11293=DIRECTION('',(1.E0,0.E0,0.E0));
#11294=DIRECTION('',(0.E0,1.E0,0.E0));
#11295=AXIS2_PLACEMENT_3D('',#11292,#11293,#11294);
#11296=PLANE('',#11295);
#11297=ORIENTED_EDGE('',*,*,#11220,.F.);
#11298=ORIENTED_EDGE('',*,*,#11255,.F.);
#11300=ORIENTED_EDGE('',*,*,#11299,.T.);
#11301=ORIENTED_EDGE('',*,*,#11280,.T.);
#11302=EDGE_LOOP('',(#11297,#11298,#11300,#11301));
#11303=FACE_OUTER_BOUND('',#11302,.F.);
#11304=ADVANCED_FACE('',(#11303),#11296,.T.);
#11305=CARTESIAN_POINT('',(1.295E1,-6.25E0,-4.35E0));
#11306=DIRECTION('',(9.805806756909E-1,-1.961161351382E-1,0.E0));
#11307=DIRECTION('',(1.961161351382E-1,9.805806756909E-1,0.E0));
#11308=AXIS2_PLACEMENT_3D('',#11305,#11306,#11307);
#11309=PLANE('',#11308);
#11310=ORIENTED_EDGE('',*,*,#11253,.F.);
#11312=ORIENTED_EDGE('',*,*,#11311,.T.);
#11313=ORIENTED_EDGE('',*,*,#11282,.T.);
#11314=ORIENTED_EDGE('',*,*,#11299,.F.);
#11315=EDGE_LOOP('',(#11310,#11312,#11313,#11314));
#11316=FACE_OUTER_BOUND('',#11315,.F.);
#11317=ADVANCED_FACE('',(#11316),#11309,.T.);
#11318=CARTESIAN_POINT('',(1.245E1,-6.25E0,-4.35E0));
#11319=DIRECTION('',(0.E0,-1.E0,0.E0));
#11320=DIRECTION('',(1.E0,0.E0,0.E0));
#11321=AXIS2_PLACEMENT_3D('',#11318,#11319,#11320);
#11322=PLANE('',#11321);
#11323=ORIENTED_EDGE('',*,*,#11251,.F.);
#11325=ORIENTED_EDGE('',*,*,#11324,.T.);
#11326=ORIENTED_EDGE('',*,*,#11284,.T.);
#11327=ORIENTED_EDGE('',*,*,#11311,.F.);
#11328=EDGE_LOOP('',(#11323,#11325,#11326,#11327));
#11329=FACE_OUTER_BOUND('',#11328,.F.);
#11330=ADVANCED_FACE('',(#11329),#11322,.T.);
#11331=CARTESIAN_POINT('',(1.225E1,-5.25E0,-4.35E0));
#11332=DIRECTION('',(-9.805806756909E-1,-1.961161351382E-1,0.E0));
#11333=DIRECTION('',(1.961161351382E-1,-9.805806756909E-1,0.E0));
#11334=AXIS2_PLACEMENT_3D('',#11331,#11332,#11333);
#11335=PLANE('',#11334);
#11336=ORIENTED_EDGE('',*,*,#11249,.F.);
#11337=ORIENTED_EDGE('',*,*,#11268,.T.);
#11338=ORIENTED_EDGE('',*,*,#11286,.T.);
#11339=ORIENTED_EDGE('',*,*,#11324,.F.);
#11340=EDGE_LOOP('',(#11336,#11337,#11338,#11339));
#11341=FACE_OUTER_BOUND('',#11340,.F.);
#11342=ADVANCED_FACE('',(#11341),#11335,.T.);
#11343=CARTESIAN_POINT('',(1.568E1,-2.55E0,0.E0));
#11344=DIRECTION('',(-1.E0,0.E0,0.E0));
#11345=DIRECTION('',(0.E0,-1.E0,0.E0));
#11346=AXIS2_PLACEMENT_3D('',#11343,#11344,#11345);
#11347=PLANE('',#11346);
#11348=ORIENTED_EDGE('',*,*,#7585,.F.);
#11349=ORIENTED_EDGE('',*,*,#7730,.T.);
#11351=ORIENTED_EDGE('',*,*,#11350,.T.);
#11352=ORIENTED_EDGE('',*,*,#8466,.F.);
#11353=EDGE_LOOP('',(#11348,#11349,#11351,#11352));
#11354=FACE_OUTER_BOUND('',#11353,.F.);
#11355=ADVANCED_FACE('',(#11354),#11347,.F.);
#11356=CARTESIAN_POINT('',(1.988E1,-2.55E0,0.E0));
#11357=DIRECTION('',(0.E0,1.E0,0.E0));
#11358=DIRECTION('',(-1.E0,0.E0,0.E0));
#11359=AXIS2_PLACEMENT_3D('',#11356,#11357,#11358);
#11360=PLANE('',#11359);
#11361=ORIENTED_EDGE('',*,*,#8468,.T.);
#11362=ORIENTED_EDGE('',*,*,#11350,.F.);
#11363=ORIENTED_EDGE('',*,*,#7728,.F.);
#11365=ORIENTED_EDGE('',*,*,#11364,.T.);
#11366=EDGE_LOOP('',(#11361,#11362,#11363,#11365));
#11367=FACE_OUTER_BOUND('',#11366,.F.);
#11369=ORIENTED_EDGE('',*,*,#11368,.T.);
#11371=ORIENTED_EDGE('',*,*,#11370,.T.);
#11373=ORIENTED_EDGE('',*,*,#11372,.F.);
#11375=ORIENTED_EDGE('',*,*,#11374,.F.);
#11376=EDGE_LOOP('',(#11369,#11371,#11373,#11375));
#11377=FACE_BOUND('',#11376,.F.);
#11378=ADVANCED_FACE('',(#11367,#11377),#11360,.F.);
#11379=CARTESIAN_POINT('',(1.988E1,-2.75E0,0.E0));
#11380=DIRECTION('',(1.E0,0.E0,0.E0));
#11381=DIRECTION('',(0.E0,1.E0,0.E0));
#11382=AXIS2_PLACEMENT_3D('',#11379,#11380,#11381);
#11383=PLANE('',#11382);
#11384=ORIENTED_EDGE('',*,*,#7605,.T.);
#11385=ORIENTED_EDGE('',*,*,#8470,.T.);
#11386=ORIENTED_EDGE('',*,*,#11364,.F.);
#11387=ORIENTED_EDGE('',*,*,#7726,.F.);
#11388=EDGE_LOOP('',(#11384,#11385,#11386,#11387));
#11389=FACE_OUTER_BOUND('',#11388,.F.);
#11390=ADVANCED_FACE('',(#11389),#11383,.F.);
#11391=CARTESIAN_POINT('',(0.E0,0.E0,-4.35E0));
#11392=DIRECTION('',(0.E0,0.E0,1.E0));
#11393=DIRECTION('',(1.E0,0.E0,0.E0));
#11394=AXIS2_PLACEMENT_3D('',#11391,#11392,#11393);
#11395=PLANE('',#11394);
#11396=ORIENTED_EDGE('',*,*,#11368,.F.);
#11398=ORIENTED_EDGE('',*,*,#11397,.T.);
#11400=ORIENTED_EDGE('',*,*,#11399,.T.);
#11402=ORIENTED_EDGE('',*,*,#11401,.T.);
#11404=ORIENTED_EDGE('',*,*,#11403,.T.);
#11406=ORIENTED_EDGE('',*,*,#11405,.T.);
#11407=EDGE_LOOP('',(#11396,#11398,#11400,#11402,#11404,#11406));
#11408=FACE_OUTER_BOUND('',#11407,.F.);
#11409=ADVANCED_FACE('',(#11408),#11395,.F.);
#11410=CARTESIAN_POINT('',(1.733E1,-2.55E0,-4.35E0));
#11411=DIRECTION('',(-1.E0,0.E0,0.E0));
#11412=DIRECTION('',(0.E0,-1.E0,0.E0));
#11413=AXIS2_PLACEMENT_3D('',#11410,#11411,#11412);
#11414=PLANE('',#11413);
#11415=ORIENTED_EDGE('',*,*,#11374,.T.);
#11417=ORIENTED_EDGE('',*,*,#11416,.T.);
#11419=ORIENTED_EDGE('',*,*,#11418,.F.);
#11420=ORIENTED_EDGE('',*,*,#11397,.F.);
#11421=EDGE_LOOP('',(#11415,#11417,#11419,#11420));
#11422=FACE_OUTER_BOUND('',#11421,.F.);
#11423=ADVANCED_FACE('',(#11422),#11414,.T.);
#11424=CARTESIAN_POINT('',(0.E0,0.E0,-3.85E0));
#11425=DIRECTION('',(0.E0,0.E0,1.E0));
#11426=DIRECTION('',(1.E0,0.E0,0.E0));
#11427=AXIS2_PLACEMENT_3D('',#11424,#11425,#11426);
#11428=PLANE('',#11427);
#11429=ORIENTED_EDGE('',*,*,#11372,.T.);
#11431=ORIENTED_EDGE('',*,*,#11430,.F.);
#11433=ORIENTED_EDGE('',*,*,#11432,.F.);
#11435=ORIENTED_EDGE('',*,*,#11434,.F.);
#11437=ORIENTED_EDGE('',*,*,#11436,.F.);
#11438=ORIENTED_EDGE('',*,*,#11416,.F.);
#11439=EDGE_LOOP('',(#11429,#11431,#11433,#11435,#11437,#11438));
#11440=FACE_OUTER_BOUND('',#11439,.F.);
#11441=ADVANCED_FACE('',(#11440),#11428,.T.);
#11442=CARTESIAN_POINT('',(1.823E1,-5.25E0,-4.35E0));
#11443=DIRECTION('',(1.E0,0.E0,0.E0));
#11444=DIRECTION('',(0.E0,1.E0,0.E0));
#11445=AXIS2_PLACEMENT_3D('',#11442,#11443,#11444);
#11446=PLANE('',#11445);
#11447=ORIENTED_EDGE('',*,*,#11370,.F.);
#11448=ORIENTED_EDGE('',*,*,#11405,.F.);
#11450=ORIENTED_EDGE('',*,*,#11449,.T.);
#11451=ORIENTED_EDGE('',*,*,#11430,.T.);
#11452=EDGE_LOOP('',(#11447,#11448,#11450,#11451));
#11453=FACE_OUTER_BOUND('',#11452,.F.);
#11454=ADVANCED_FACE('',(#11453),#11446,.T.);
#11455=CARTESIAN_POINT('',(1.803E1,-6.25E0,-4.35E0));
#11456=DIRECTION('',(9.805806756909E-1,-1.961161351382E-1,0.E0));
#11457=DIRECTION('',(1.961161351382E-1,9.805806756909E-1,0.E0));
#11458=AXIS2_PLACEMENT_3D('',#11455,#11456,#11457);
#11459=PLANE('',#11458);
#11460=ORIENTED_EDGE('',*,*,#11403,.F.);
#11462=ORIENTED_EDGE('',*,*,#11461,.T.);
#11463=ORIENTED_EDGE('',*,*,#11432,.T.);
#11464=ORIENTED_EDGE('',*,*,#11449,.F.);
#11465=EDGE_LOOP('',(#11460,#11462,#11463,#11464));
#11466=FACE_OUTER_BOUND('',#11465,.F.);
#11467=ADVANCED_FACE('',(#11466),#11459,.T.);
#11468=CARTESIAN_POINT('',(1.753E1,-6.25E0,-4.35E0));
#11469=DIRECTION('',(0.E0,-1.E0,0.E0));
#11470=DIRECTION('',(1.E0,0.E0,0.E0));
#11471=AXIS2_PLACEMENT_3D('',#11468,#11469,#11470);
#11472=PLANE('',#11471);
#11473=ORIENTED_EDGE('',*,*,#11401,.F.);
#11475=ORIENTED_EDGE('',*,*,#11474,.T.);
#11476=ORIENTED_EDGE('',*,*,#11434,.T.);
#11477=ORIENTED_EDGE('',*,*,#11461,.F.);
#11478=EDGE_LOOP('',(#11473,#11475,#11476,#11477));
#11479=FACE_OUTER_BOUND('',#11478,.F.);
#11480=ADVANCED_FACE('',(#11479),#11472,.T.);
#11481=CARTESIAN_POINT('',(1.733E1,-5.25E0,-4.35E0));
#11482=DIRECTION('',(-9.805806756909E-1,-1.961161351382E-1,0.E0));
#11483=DIRECTION('',(1.961161351382E-1,-9.805806756909E-1,0.E0));
#11484=AXIS2_PLACEMENT_3D('',#11481,#11482,#11483);
#11485=PLANE('',#11484);
#11486=ORIENTED_EDGE('',*,*,#11399,.F.);
#11487=ORIENTED_EDGE('',*,*,#11418,.T.);
#11488=ORIENTED_EDGE('',*,*,#11436,.T.);
#11489=ORIENTED_EDGE('',*,*,#11474,.F.);
#11490=EDGE_LOOP('',(#11486,#11487,#11488,#11489));
#11491=FACE_OUTER_BOUND('',#11490,.F.);
#11492=ADVANCED_FACE('',(#11491),#11485,.T.);
#11493=CARTESIAN_POINT('',(2.076E1,-2.55E0,0.E0));
#11494=DIRECTION('',(-1.E0,0.E0,0.E0));
#11495=DIRECTION('',(0.E0,-1.E0,0.E0));
#11496=AXIS2_PLACEMENT_3D('',#11493,#11494,#11495);
#11497=PLANE('',#11496);
#11498=ORIENTED_EDGE('',*,*,#7601,.F.);
#11499=ORIENTED_EDGE('',*,*,#7723,.T.);
#11501=ORIENTED_EDGE('',*,*,#11500,.T.);
#11502=ORIENTED_EDGE('',*,*,#8473,.F.);
#11503=EDGE_LOOP('',(#11498,#11499,#11501,#11502));
#11504=FACE_OUTER_BOUND('',#11503,.F.);
#11505=ADVANCED_FACE('',(#11504),#11497,.F.);
#11506=CARTESIAN_POINT('',(2.496E1,-2.55E0,0.E0));
#11507=DIRECTION('',(0.E0,1.E0,0.E0));
#11508=DIRECTION('',(-1.E0,0.E0,0.E0));
#11509=AXIS2_PLACEMENT_3D('',#11506,#11507,#11508);
#11510=PLANE('',#11509);
#11511=ORIENTED_EDGE('',*,*,#8475,.T.);
#11512=ORIENTED_EDGE('',*,*,#11500,.F.);
#11513=ORIENTED_EDGE('',*,*,#7721,.F.);
#11515=ORIENTED_EDGE('',*,*,#11514,.T.);
#11516=EDGE_LOOP('',(#11511,#11512,#11513,#11515));
#11517=FACE_OUTER_BOUND('',#11516,.F.);
#11519=ORIENTED_EDGE('',*,*,#11518,.T.);
#11521=ORIENTED_EDGE('',*,*,#11520,.T.);
#11523=ORIENTED_EDGE('',*,*,#11522,.F.);
#11525=ORIENTED_EDGE('',*,*,#11524,.F.);
#11526=EDGE_LOOP('',(#11519,#11521,#11523,#11525));
#11527=FACE_BOUND('',#11526,.F.);
#11528=ADVANCED_FACE('',(#11517,#11527),#11510,.F.);
#11529=CARTESIAN_POINT('',(2.496E1,-2.75E0,0.E0));
#11530=DIRECTION('',(1.E0,0.E0,0.E0));
#11531=DIRECTION('',(0.E0,1.E0,0.E0));
#11532=AXIS2_PLACEMENT_3D('',#11529,#11530,#11531);
#11533=PLANE('',#11532);
#11534=ORIENTED_EDGE('',*,*,#7621,.T.);
#11535=ORIENTED_EDGE('',*,*,#8477,.T.);
#11536=ORIENTED_EDGE('',*,*,#11514,.F.);
#11537=ORIENTED_EDGE('',*,*,#7719,.F.);
#11538=EDGE_LOOP('',(#11534,#11535,#11536,#11537));
#11539=FACE_OUTER_BOUND('',#11538,.F.);
#11540=ADVANCED_FACE('',(#11539),#11533,.F.);
#11541=CARTESIAN_POINT('',(0.E0,0.E0,-4.35E0));
#11542=DIRECTION('',(0.E0,0.E0,1.E0));
#11543=DIRECTION('',(1.E0,0.E0,0.E0));
#11544=AXIS2_PLACEMENT_3D('',#11541,#11542,#11543);
#11545=PLANE('',#11544);
#11546=ORIENTED_EDGE('',*,*,#11518,.F.);
#11548=ORIENTED_EDGE('',*,*,#11547,.T.);
#11550=ORIENTED_EDGE('',*,*,#11549,.T.);
#11552=ORIENTED_EDGE('',*,*,#11551,.T.);
#11554=ORIENTED_EDGE('',*,*,#11553,.T.);
#11556=ORIENTED_EDGE('',*,*,#11555,.T.);
#11557=EDGE_LOOP('',(#11546,#11548,#11550,#11552,#11554,#11556));
#11558=FACE_OUTER_BOUND('',#11557,.F.);
#11559=ADVANCED_FACE('',(#11558),#11545,.F.);
#11560=CARTESIAN_POINT('',(2.241E1,-2.55E0,-4.35E0));
#11561=DIRECTION('',(-1.E0,0.E0,0.E0));
#11562=DIRECTION('',(0.E0,-1.E0,0.E0));
#11563=AXIS2_PLACEMENT_3D('',#11560,#11561,#11562);
#11564=PLANE('',#11563);
#11565=ORIENTED_EDGE('',*,*,#11524,.T.);
#11567=ORIENTED_EDGE('',*,*,#11566,.T.);
#11569=ORIENTED_EDGE('',*,*,#11568,.F.);
#11570=ORIENTED_EDGE('',*,*,#11547,.F.);
#11571=EDGE_LOOP('',(#11565,#11567,#11569,#11570));
#11572=FACE_OUTER_BOUND('',#11571,.F.);
#11573=ADVANCED_FACE('',(#11572),#11564,.T.);
#11574=CARTESIAN_POINT('',(0.E0,0.E0,-3.85E0));
#11575=DIRECTION('',(0.E0,0.E0,1.E0));
#11576=DIRECTION('',(1.E0,0.E0,0.E0));
#11577=AXIS2_PLACEMENT_3D('',#11574,#11575,#11576);
#11578=PLANE('',#11577);
#11579=ORIENTED_EDGE('',*,*,#11522,.T.);
#11581=ORIENTED_EDGE('',*,*,#11580,.F.);
#11583=ORIENTED_EDGE('',*,*,#11582,.F.);
#11585=ORIENTED_EDGE('',*,*,#11584,.F.);
#11587=ORIENTED_EDGE('',*,*,#11586,.F.);
#11588=ORIENTED_EDGE('',*,*,#11566,.F.);
#11589=EDGE_LOOP('',(#11579,#11581,#11583,#11585,#11587,#11588));
#11590=FACE_OUTER_BOUND('',#11589,.F.);
#11591=ADVANCED_FACE('',(#11590),#11578,.T.);
#11592=CARTESIAN_POINT('',(2.331E1,-5.25E0,-4.35E0));
#11593=DIRECTION('',(1.E0,0.E0,0.E0));
#11594=DIRECTION('',(0.E0,1.E0,0.E0));
#11595=AXIS2_PLACEMENT_3D('',#11592,#11593,#11594);
#11596=PLANE('',#11595);
#11597=ORIENTED_EDGE('',*,*,#11520,.F.);
#11598=ORIENTED_EDGE('',*,*,#11555,.F.);
#11600=ORIENTED_EDGE('',*,*,#11599,.T.);
#11601=ORIENTED_EDGE('',*,*,#11580,.T.);
#11602=EDGE_LOOP('',(#11597,#11598,#11600,#11601));
#11603=FACE_OUTER_BOUND('',#11602,.F.);
#11604=ADVANCED_FACE('',(#11603),#11596,.T.);
#11605=CARTESIAN_POINT('',(2.311E1,-6.25E0,-4.35E0));
#11606=DIRECTION('',(9.805806756909E-1,-1.961161351382E-1,0.E0));
#11607=DIRECTION('',(1.961161351382E-1,9.805806756909E-1,0.E0));
#11608=AXIS2_PLACEMENT_3D('',#11605,#11606,#11607);
#11609=PLANE('',#11608);
#11610=ORIENTED_EDGE('',*,*,#11553,.F.);
#11612=ORIENTED_EDGE('',*,*,#11611,.T.);
#11613=ORIENTED_EDGE('',*,*,#11582,.T.);
#11614=ORIENTED_EDGE('',*,*,#11599,.F.);
#11615=EDGE_LOOP('',(#11610,#11612,#11613,#11614));
#11616=FACE_OUTER_BOUND('',#11615,.F.);
#11617=ADVANCED_FACE('',(#11616),#11609,.T.);
#11618=CARTESIAN_POINT('',(2.261E1,-6.25E0,-4.35E0));
#11619=DIRECTION('',(0.E0,-1.E0,0.E0));
#11620=DIRECTION('',(1.E0,0.E0,0.E0));
#11621=AXIS2_PLACEMENT_3D('',#11618,#11619,#11620);
#11622=PLANE('',#11621);
#11623=ORIENTED_EDGE('',*,*,#11551,.F.);
#11625=ORIENTED_EDGE('',*,*,#11624,.T.);
#11626=ORIENTED_EDGE('',*,*,#11584,.T.);
#11627=ORIENTED_EDGE('',*,*,#11611,.F.);
#11628=EDGE_LOOP('',(#11623,#11625,#11626,#11627));
#11629=FACE_OUTER_BOUND('',#11628,.F.);
#11630=ADVANCED_FACE('',(#11629),#11622,.T.);
#11631=CARTESIAN_POINT('',(2.241E1,-5.25E0,-4.35E0));
#11632=DIRECTION('',(-9.805806756909E-1,-1.961161351382E-1,0.E0));
#11633=DIRECTION('',(1.961161351382E-1,-9.805806756909E-1,0.E0));
#11634=AXIS2_PLACEMENT_3D('',#11631,#11632,#11633);
#11635=PLANE('',#11634);
#11636=ORIENTED_EDGE('',*,*,#11549,.F.);
#11637=ORIENTED_EDGE('',*,*,#11568,.T.);
#11638=ORIENTED_EDGE('',*,*,#11586,.T.);
#11639=ORIENTED_EDGE('',*,*,#11624,.F.);
#11640=EDGE_LOOP('',(#11636,#11637,#11638,#11639));
#11641=FACE_OUTER_BOUND('',#11640,.F.);
#11642=ADVANCED_FACE('',(#11641),#11635,.T.);
#11643=CARTESIAN_POINT('',(2.584E1,-2.55E0,0.E0));
#11644=DIRECTION('',(-1.E0,0.E0,0.E0));
#11645=DIRECTION('',(0.E0,-1.E0,0.E0));
#11646=AXIS2_PLACEMENT_3D('',#11643,#11644,#11645);
#11647=PLANE('',#11646);
#11648=ORIENTED_EDGE('',*,*,#7617,.F.);
#11649=ORIENTED_EDGE('',*,*,#7716,.T.);
#11651=ORIENTED_EDGE('',*,*,#11650,.T.);
#11652=ORIENTED_EDGE('',*,*,#8480,.F.);
#11653=EDGE_LOOP('',(#11648,#11649,#11651,#11652));
#11654=FACE_OUTER_BOUND('',#11653,.F.);
#11655=ADVANCED_FACE('',(#11654),#11647,.F.);
#11656=CARTESIAN_POINT('',(3.004E1,-2.55E0,0.E0));
#11657=DIRECTION('',(0.E0,1.E0,0.E0));
#11658=DIRECTION('',(-1.E0,0.E0,0.E0));
#11659=AXIS2_PLACEMENT_3D('',#11656,#11657,#11658);
#11660=PLANE('',#11659);
#11661=ORIENTED_EDGE('',*,*,#8482,.T.);
#11662=ORIENTED_EDGE('',*,*,#11650,.F.);
#11663=ORIENTED_EDGE('',*,*,#7714,.F.);
#11665=ORIENTED_EDGE('',*,*,#11664,.T.);
#11666=EDGE_LOOP('',(#11661,#11662,#11663,#11665));
#11667=FACE_OUTER_BOUND('',#11666,.F.);
#11669=ORIENTED_EDGE('',*,*,#11668,.T.);
#11671=ORIENTED_EDGE('',*,*,#11670,.T.);
#11673=ORIENTED_EDGE('',*,*,#11672,.F.);
#11675=ORIENTED_EDGE('',*,*,#11674,.F.);
#11676=EDGE_LOOP('',(#11669,#11671,#11673,#11675));
#11677=FACE_BOUND('',#11676,.F.);
#11678=ADVANCED_FACE('',(#11667,#11677),#11660,.F.);
#11679=CARTESIAN_POINT('',(3.004E1,-2.75E0,0.E0));
#11680=DIRECTION('',(1.E0,0.E0,0.E0));
#11681=DIRECTION('',(0.E0,1.E0,0.E0));
#11682=AXIS2_PLACEMENT_3D('',#11679,#11680,#11681);
#11683=PLANE('',#11682);
#11684=ORIENTED_EDGE('',*,*,#7655,.T.);
#11685=ORIENTED_EDGE('',*,*,#8484,.T.);
#11686=ORIENTED_EDGE('',*,*,#11664,.F.);
#11687=ORIENTED_EDGE('',*,*,#7712,.F.);
#11688=EDGE_LOOP('',(#11684,#11685,#11686,#11687));
#11689=FACE_OUTER_BOUND('',#11688,.F.);
#11690=ADVANCED_FACE('',(#11689),#11683,.F.);
#11691=CARTESIAN_POINT('',(0.E0,0.E0,-4.35E0));
#11692=DIRECTION('',(0.E0,0.E0,1.E0));
#11693=DIRECTION('',(1.E0,0.E0,0.E0));
#11694=AXIS2_PLACEMENT_3D('',#11691,#11692,#11693);
#11695=PLANE('',#11694);
#11696=ORIENTED_EDGE('',*,*,#11668,.F.);
#11698=ORIENTED_EDGE('',*,*,#11697,.T.);
#11700=ORIENTED_EDGE('',*,*,#11699,.T.);
#11702=ORIENTED_EDGE('',*,*,#11701,.T.);
#11704=ORIENTED_EDGE('',*,*,#11703,.T.);
#11706=ORIENTED_EDGE('',*,*,#11705,.T.);
#11707=EDGE_LOOP('',(#11696,#11698,#11700,#11702,#11704,#11706));
#11708=FACE_OUTER_BOUND('',#11707,.F.);
#11709=ADVANCED_FACE('',(#11708),#11695,.F.);
#11710=CARTESIAN_POINT('',(2.749E1,-2.55E0,-4.35E0));
#11711=DIRECTION('',(-1.E0,0.E0,0.E0));
#11712=DIRECTION('',(0.E0,-1.E0,0.E0));
#11713=AXIS2_PLACEMENT_3D('',#11710,#11711,#11712);
#11714=PLANE('',#11713);
#11715=ORIENTED_EDGE('',*,*,#11674,.T.);
#11717=ORIENTED_EDGE('',*,*,#11716,.T.);
#11719=ORIENTED_EDGE('',*,*,#11718,.F.);
#11720=ORIENTED_EDGE('',*,*,#11697,.F.);
#11721=EDGE_LOOP('',(#11715,#11717,#11719,#11720));
#11722=FACE_OUTER_BOUND('',#11721,.F.);
#11723=ADVANCED_FACE('',(#11722),#11714,.T.);
#11724=CARTESIAN_POINT('',(0.E0,0.E0,-3.85E0));
#11725=DIRECTION('',(0.E0,0.E0,1.E0));
#11726=DIRECTION('',(1.E0,0.E0,0.E0));
#11727=AXIS2_PLACEMENT_3D('',#11724,#11725,#11726);
#11728=PLANE('',#11727);
#11729=ORIENTED_EDGE('',*,*,#11672,.T.);
#11731=ORIENTED_EDGE('',*,*,#11730,.F.);
#11733=ORIENTED_EDGE('',*,*,#11732,.F.);
#11735=ORIENTED_EDGE('',*,*,#11734,.F.);
#11737=ORIENTED_EDGE('',*,*,#11736,.F.);
#11738=ORIENTED_EDGE('',*,*,#11716,.F.);
#11739=EDGE_LOOP('',(#11729,#11731,#11733,#11735,#11737,#11738));
#11740=FACE_OUTER_BOUND('',#11739,.F.);
#11741=ADVANCED_FACE('',(#11740),#11728,.T.);
#11742=CARTESIAN_POINT('',(2.839E1,-5.25E0,-4.35E0));
#11743=DIRECTION('',(1.E0,0.E0,0.E0));
#11744=DIRECTION('',(0.E0,1.E0,0.E0));
#11745=AXIS2_PLACEMENT_3D('',#11742,#11743,#11744);
#11746=PLANE('',#11745);
#11747=ORIENTED_EDGE('',*,*,#11670,.F.);
#11748=ORIENTED_EDGE('',*,*,#11705,.F.);
#11750=ORIENTED_EDGE('',*,*,#11749,.T.);
#11751=ORIENTED_EDGE('',*,*,#11730,.T.);
#11752=EDGE_LOOP('',(#11747,#11748,#11750,#11751));
#11753=FACE_OUTER_BOUND('',#11752,.F.);
#11754=ADVANCED_FACE('',(#11753),#11746,.T.);
#11755=CARTESIAN_POINT('',(2.819E1,-6.25E0,-4.35E0));
#11756=DIRECTION('',(9.805806756909E-1,-1.961161351382E-1,0.E0));
#11757=DIRECTION('',(1.961161351382E-1,9.805806756909E-1,0.E0));
#11758=AXIS2_PLACEMENT_3D('',#11755,#11756,#11757);
#11759=PLANE('',#11758);
#11760=ORIENTED_EDGE('',*,*,#11703,.F.);
#11762=ORIENTED_EDGE('',*,*,#11761,.T.);
#11763=ORIENTED_EDGE('',*,*,#11732,.T.);
#11764=ORIENTED_EDGE('',*,*,#11749,.F.);
#11765=EDGE_LOOP('',(#11760,#11762,#11763,#11764));
#11766=FACE_OUTER_BOUND('',#11765,.F.);
#11767=ADVANCED_FACE('',(#11766),#11759,.T.);
#11768=CARTESIAN_POINT('',(2.769E1,-6.25E0,-4.35E0));
#11769=DIRECTION('',(0.E0,-1.E0,0.E0));
#11770=DIRECTION('',(1.E0,0.E0,0.E0));
#11771=AXIS2_PLACEMENT_3D('',#11768,#11769,#11770);
#11772=PLANE('',#11771);
#11773=ORIENTED_EDGE('',*,*,#11701,.F.);
#11775=ORIENTED_EDGE('',*,*,#11774,.T.);
#11776=ORIENTED_EDGE('',*,*,#11734,.T.);
#11777=ORIENTED_EDGE('',*,*,#11761,.F.);
#11778=EDGE_LOOP('',(#11773,#11775,#11776,#11777));
#11779=FACE_OUTER_BOUND('',#11778,.F.);
#11780=ADVANCED_FACE('',(#11779),#11772,.T.);
#11781=CARTESIAN_POINT('',(2.749E1,-5.25E0,-4.35E0));
#11782=DIRECTION('',(-9.805806756909E-1,-1.961161351382E-1,0.E0));
#11783=DIRECTION('',(1.961161351382E-1,-9.805806756909E-1,0.E0));
#11784=AXIS2_PLACEMENT_3D('',#11781,#11782,#11783);
#11785=PLANE('',#11784);
#11786=ORIENTED_EDGE('',*,*,#11699,.F.);
#11787=ORIENTED_EDGE('',*,*,#11718,.T.);
#11788=ORIENTED_EDGE('',*,*,#11736,.T.);
#11789=ORIENTED_EDGE('',*,*,#11774,.F.);
#11790=EDGE_LOOP('',(#11786,#11787,#11788,#11789));
#11791=FACE_OUTER_BOUND('',#11790,.F.);
#11792=ADVANCED_FACE('',(#11791),#11785,.T.);
#11793=CARTESIAN_POINT('',(3.092E1,-2.55E0,0.E0));
#11794=DIRECTION('',(-1.E0,0.E0,0.E0));
#11795=DIRECTION('',(0.E0,-1.E0,0.E0));
#11796=AXIS2_PLACEMENT_3D('',#11793,#11794,#11795);
#11797=PLANE('',#11796);
#11798=ORIENTED_EDGE('',*,*,#7651,.F.);
#11799=ORIENTED_EDGE('',*,*,#7709,.T.);
#11801=ORIENTED_EDGE('',*,*,#11800,.T.);
#11802=ORIENTED_EDGE('',*,*,#8487,.F.);
#11803=EDGE_LOOP('',(#11798,#11799,#11801,#11802));
#11804=FACE_OUTER_BOUND('',#11803,.F.);
#11805=ADVANCED_FACE('',(#11804),#11797,.F.);
#11806=CARTESIAN_POINT('',(3.512E1,-2.55E0,0.E0));
#11807=DIRECTION('',(0.E0,1.E0,0.E0));
#11808=DIRECTION('',(-1.E0,0.E0,0.E0));
#11809=AXIS2_PLACEMENT_3D('',#11806,#11807,#11808);
#11810=PLANE('',#11809);
#11811=ORIENTED_EDGE('',*,*,#8489,.T.);
#11812=ORIENTED_EDGE('',*,*,#11800,.F.);
#11813=ORIENTED_EDGE('',*,*,#7707,.F.);
#11815=ORIENTED_EDGE('',*,*,#11814,.T.);
#11817=ORIENTED_EDGE('',*,*,#11816,.F.);
#11819=ORIENTED_EDGE('',*,*,#11818,.T.);
#11821=ORIENTED_EDGE('',*,*,#11820,.T.);
#11823=ORIENTED_EDGE('',*,*,#11822,.T.);
#11825=ORIENTED_EDGE('',*,*,#11824,.T.);
#11827=ORIENTED_EDGE('',*,*,#11826,.T.);
#11828=EDGE_LOOP('',(#11811,#11812,#11813,#11815,#11817,#11819,#11821,#11823,
#11825,#11827));
#11829=FACE_OUTER_BOUND('',#11828,.F.);
#11831=ORIENTED_EDGE('',*,*,#11830,.T.);
#11833=ORIENTED_EDGE('',*,*,#11832,.T.);
#11835=ORIENTED_EDGE('',*,*,#11834,.F.);
#11837=ORIENTED_EDGE('',*,*,#11836,.F.);
#11838=EDGE_LOOP('',(#11831,#11833,#11835,#11837));
#11839=FACE_BOUND('',#11838,.F.);
#11840=ADVANCED_FACE('',(#11829,#11839),#11810,.F.);
#11841=CARTESIAN_POINT('',(3.512E1,-2.75E0,0.E0));
#11842=DIRECTION('',(1.E0,0.E0,0.E0));
#11843=DIRECTION('',(0.E0,1.E0,0.E0));
#11844=AXIS2_PLACEMENT_3D('',#11841,#11842,#11843);
#11845=PLANE('',#11844);
#11846=ORIENTED_EDGE('',*,*,#7633,.T.);
#11848=ORIENTED_EDGE('',*,*,#11847,.T.);
#11849=ORIENTED_EDGE('',*,*,#11814,.F.);
#11850=ORIENTED_EDGE('',*,*,#7705,.F.);
#11851=EDGE_LOOP('',(#11846,#11848,#11849,#11850));
#11852=FACE_OUTER_BOUND('',#11851,.F.);
#11853=ADVANCED_FACE('',(#11852),#11845,.F.);
#11854=CARTESIAN_POINT('',(3.512E1,-2.75E0,0.E0));
#11855=DIRECTION('',(1.E0,0.E0,0.E0));
#11856=DIRECTION('',(0.E0,1.E0,0.E0));
#11857=AXIS2_PLACEMENT_3D('',#11854,#11855,#11856);
#11858=PLANE('',#11857);
#11859=ORIENTED_EDGE('',*,*,#8491,.T.);
#11860=ORIENTED_EDGE('',*,*,#11826,.F.);
#11862=ORIENTED_EDGE('',*,*,#11861,.F.);
#11863=ORIENTED_EDGE('',*,*,#7669,.T.);
#11864=EDGE_LOOP('',(#11859,#11860,#11862,#11863));
#11865=FACE_OUTER_BOUND('',#11864,.F.);
#11866=ADVANCED_FACE('',(#11865),#11858,.F.);
#11867=CARTESIAN_POINT('',(3.537678755966E1,-2.75E0,-4.386104388043E-1));
#11868=DIRECTION('',(4.093264641326E-1,0.E0,9.123879908025E-1));
#11869=DIRECTION('',(-9.123879908025E-1,0.E0,4.093264641326E-1));
#11870=AXIS2_PLACEMENT_3D('',#11867,#11868,#11869);
#11871=PLANE('',#11870);
#11872=ORIENTED_EDGE('',*,*,#11847,.F.);
#11873=ORIENTED_EDGE('',*,*,#7641,.F.);
#11875=ORIENTED_EDGE('',*,*,#11874,.T.);
#11877=ORIENTED_EDGE('',*,*,#11876,.T.);
#11879=ORIENTED_EDGE('',*,*,#11878,.F.);
#11880=ORIENTED_EDGE('',*,*,#11816,.T.);
#11881=EDGE_LOOP('',(#11872,#11873,#11875,#11877,#11879,#11880));
#11882=FACE_OUTER_BOUND('',#11881,.F.);
#11883=ADVANCED_FACE('',(#11882),#11871,.F.);
#11884=CARTESIAN_POINT('',(3.543E1,-2.75E0,-3.2E-1));
#11885=DIRECTION('',(0.E0,-1.E0,0.E0));
#11886=DIRECTION('',(1.E0,0.E0,0.E0));
#11887=AXIS2_PLACEMENT_3D('',#11884,#11885,#11886);
#11888=CYLINDRICAL_SURFACE('',#11887,1.3E-1);
#11889=ORIENTED_EDGE('',*,*,#7639,.T.);
#11891=ORIENTED_EDGE('',*,*,#11890,.F.);
#11893=ORIENTED_EDGE('',*,*,#11892,.T.);
#11894=ORIENTED_EDGE('',*,*,#11874,.F.);
#11895=EDGE_LOOP('',(#11889,#11891,#11893,#11894));
#11896=FACE_OUTER_BOUND('',#11895,.F.);
#11897=ADVANCED_FACE('',(#11896),#11888,.T.);
#11898=CARTESIAN_POINT('',(3.556E1,0.E0,0.E0));
#11899=DIRECTION('',(1.E0,0.E0,0.E0));
#11900=DIRECTION('',(0.E0,0.E0,-1.E0));
#11901=AXIS2_PLACEMENT_3D('',#11898,#11899,#11900);
#11902=PLANE('',#11901);
#11904=ORIENTED_EDGE('',*,*,#11903,.T.);
#11905=ORIENTED_EDGE('',*,*,#11890,.T.);
#11906=ORIENTED_EDGE('',*,*,#7637,.F.);
#11907=ORIENTED_EDGE('',*,*,#7702,.F.);
#11908=ORIENTED_EDGE('',*,*,#7955,.F.);
#11909=ORIENTED_EDGE('',*,*,#7968,.F.);
#11910=ORIENTED_EDGE('',*,*,#7982,.F.);
#11911=ORIENTED_EDGE('',*,*,#8163,.F.);
#11912=ORIENTED_EDGE('',*,*,#8494,.F.);
#11913=ORIENTED_EDGE('',*,*,#7675,.F.);
#11915=ORIENTED_EDGE('',*,*,#11914,.F.);
#11916=EDGE_LOOP('',(#11904,#11905,#11906,#11907,#11908,#11909,#11910,#11911,
#11912,#11913,#11915));
#11917=FACE_OUTER_BOUND('',#11916,.F.);
#11918=ADVANCED_FACE('',(#11917),#11902,.T.);
#11919=CARTESIAN_POINT('',(0.E0,2.25E0,0.E0));
#11920=DIRECTION('',(0.E0,-1.E0,0.E0));
#11921=DIRECTION('',(1.E0,0.E0,0.E0));
#11922=AXIS2_PLACEMENT_3D('',#11919,#11920,#11921);
#11923=PLANE('',#11922);
#11924=ORIENTED_EDGE('',*,*,#11903,.F.);
#11926=ORIENTED_EDGE('',*,*,#11925,.F.);
#11928=ORIENTED_EDGE('',*,*,#11927,.F.);
#11930=ORIENTED_EDGE('',*,*,#11929,.F.);
#11932=ORIENTED_EDGE('',*,*,#11931,.F.);
#11934=ORIENTED_EDGE('',*,*,#11933,.F.);
#11935=ORIENTED_EDGE('',*,*,#11876,.F.);
#11936=ORIENTED_EDGE('',*,*,#11892,.F.);
#11937=EDGE_LOOP('',(#11924,#11926,#11928,#11930,#11932,#11934,#11935,#11936));
#11938=FACE_OUTER_BOUND('',#11937,.F.);
#11939=ADVANCED_FACE('',(#11938),#11923,.T.);
#11940=CARTESIAN_POINT('',(3.543E1,-2.75E0,-1.28E0));
#11941=DIRECTION('',(0.E0,-1.E0,0.E0));
#11942=DIRECTION('',(1.E0,0.E0,0.E0));
#11943=AXIS2_PLACEMENT_3D('',#11940,#11941,#11942);
#11944=CYLINDRICAL_SURFACE('',#11943,1.3E-1);
#11945=ORIENTED_EDGE('',*,*,#7673,.T.);
#11947=ORIENTED_EDGE('',*,*,#11946,.T.);
#11948=ORIENTED_EDGE('',*,*,#11925,.T.);
#11949=ORIENTED_EDGE('',*,*,#11914,.T.);
#11950=EDGE_LOOP('',(#11945,#11947,#11948,#11949));
#11951=FACE_OUTER_BOUND('',#11950,.F.);
#11952=ADVANCED_FACE('',(#11951),#11944,.T.);
#11953=CARTESIAN_POINT('',(3.509321244034E1,-2.75E0,-1.288610438804E0));
#11954=DIRECTION('',(4.093264641326E-1,0.E0,-9.123879908025E-1));
#11955=DIRECTION('',(9.123879908025E-1,0.E0,4.093264641326E-1));
#11956=AXIS2_PLACEMENT_3D('',#11953,#11954,#11955);
#11957=PLANE('',#11956);
#11958=ORIENTED_EDGE('',*,*,#11861,.T.);
#11959=ORIENTED_EDGE('',*,*,#11824,.F.);
#11961=ORIENTED_EDGE('',*,*,#11960,.T.);
#11962=ORIENTED_EDGE('',*,*,#11927,.T.);
#11963=ORIENTED_EDGE('',*,*,#11946,.F.);
#11964=ORIENTED_EDGE('',*,*,#7671,.F.);
#11965=EDGE_LOOP('',(#11958,#11959,#11961,#11962,#11963,#11964));
#11966=FACE_OUTER_BOUND('',#11965,.F.);
#11967=ADVANCED_FACE('',(#11966),#11957,.F.);
#11968=CARTESIAN_POINT('',(3.504E1,-2.75E0,-1.17E0));
#11969=DIRECTION('',(0.E0,-1.E0,0.E0));
#11970=DIRECTION('',(1.E0,0.E0,0.E0));
#11971=AXIS2_PLACEMENT_3D('',#11968,#11969,#11970);
#11972=CYLINDRICAL_SURFACE('',#11971,1.3E-1);
#11973=ORIENTED_EDGE('',*,*,#11822,.F.);
#11975=ORIENTED_EDGE('',*,*,#11974,.T.);
#11976=ORIENTED_EDGE('',*,*,#11929,.T.);
#11977=ORIENTED_EDGE('',*,*,#11960,.F.);
#11978=EDGE_LOOP('',(#11973,#11975,#11976,#11977));
#11979=FACE_OUTER_BOUND('',#11978,.F.);
#11980=ADVANCED_FACE('',(#11979),#11972,.F.);
#11981=CARTESIAN_POINT('',(3.491E1,-2.75E0,-4.3E-1));
#11982=DIRECTION('',(-1.E0,0.E0,0.E0));
#11983=DIRECTION('',(0.E0,0.E0,-1.E0));
#11984=AXIS2_PLACEMENT_3D('',#11981,#11982,#11983);
#11985=PLANE('',#11984);
#11986=ORIENTED_EDGE('',*,*,#11820,.F.);
#11988=ORIENTED_EDGE('',*,*,#11987,.T.);
#11989=ORIENTED_EDGE('',*,*,#11931,.T.);
#11990=ORIENTED_EDGE('',*,*,#11974,.F.);
#11991=EDGE_LOOP('',(#11986,#11988,#11989,#11990));
#11992=FACE_OUTER_BOUND('',#11991,.F.);
#11993=ADVANCED_FACE('',(#11992),#11985,.F.);
#11994=CARTESIAN_POINT('',(3.504E1,-2.75E0,-4.3E-1));
#11995=DIRECTION('',(0.E0,-1.E0,0.E0));
#11996=DIRECTION('',(1.E0,0.E0,0.E0));
#11997=AXIS2_PLACEMENT_3D('',#11994,#11995,#11996);
#11998=CYLINDRICAL_SURFACE('',#11997,1.3E-1);
#11999=ORIENTED_EDGE('',*,*,#11818,.F.);
#12000=ORIENTED_EDGE('',*,*,#11878,.T.);
#12001=ORIENTED_EDGE('',*,*,#11933,.T.);
#12002=ORIENTED_EDGE('',*,*,#11987,.F.);
#12003=EDGE_LOOP('',(#11999,#12000,#12001,#12002));
#12004=FACE_OUTER_BOUND('',#12003,.F.);
#12005=ADVANCED_FACE('',(#12004),#11998,.F.);
#12006=CARTESIAN_POINT('',(0.E0,0.E0,-4.35E0));
#12007=DIRECTION('',(0.E0,0.E0,1.E0));
#12008=DIRECTION('',(1.E0,0.E0,0.E0));
#12009=AXIS2_PLACEMENT_3D('',#12006,#12007,#12008);
#12010=PLANE('',#12009);
#12011=ORIENTED_EDGE('',*,*,#11830,.F.);
#12013=ORIENTED_EDGE('',*,*,#12012,.T.);
#12015=ORIENTED_EDGE('',*,*,#12014,.T.);
#12017=ORIENTED_EDGE('',*,*,#12016,.T.);
#12019=ORIENTED_EDGE('',*,*,#12018,.T.);
#12021=ORIENTED_EDGE('',*,*,#12020,.T.);
#12022=EDGE_LOOP('',(#12011,#12013,#12015,#12017,#12019,#12021));
#12023=FACE_OUTER_BOUND('',#12022,.F.);
#12024=ADVANCED_FACE('',(#12023),#12010,.F.);
#12025=CARTESIAN_POINT('',(3.257E1,-2.55E0,-4.35E0));
#12026=DIRECTION('',(-1.E0,0.E0,0.E0));
#12027=DIRECTION('',(0.E0,-1.E0,0.E0));
#12028=AXIS2_PLACEMENT_3D('',#12025,#12026,#12027);
#12029=PLANE('',#12028);
#12030=ORIENTED_EDGE('',*,*,#11836,.T.);
#12032=ORIENTED_EDGE('',*,*,#12031,.T.);
#12034=ORIENTED_EDGE('',*,*,#12033,.F.);
#12035=ORIENTED_EDGE('',*,*,#12012,.F.);
#12036=EDGE_LOOP('',(#12030,#12032,#12034,#12035));
#12037=FACE_OUTER_BOUND('',#12036,.F.);
#12038=ADVANCED_FACE('',(#12037),#12029,.T.);
#12039=CARTESIAN_POINT('',(0.E0,0.E0,-3.85E0));
#12040=DIRECTION('',(0.E0,0.E0,1.E0));
#12041=DIRECTION('',(1.E0,0.E0,0.E0));
#12042=AXIS2_PLACEMENT_3D('',#12039,#12040,#12041);
#12043=PLANE('',#12042);
#12044=ORIENTED_EDGE('',*,*,#11834,.T.);
#12046=ORIENTED_EDGE('',*,*,#12045,.F.);
#12048=ORIENTED_EDGE('',*,*,#12047,.F.);
#12050=ORIENTED_EDGE('',*,*,#12049,.F.);
#12052=ORIENTED_EDGE('',*,*,#12051,.F.);
#12053=ORIENTED_EDGE('',*,*,#12031,.F.);
#12054=EDGE_LOOP('',(#12044,#12046,#12048,#12050,#12052,#12053));
#12055=FACE_OUTER_BOUND('',#12054,.F.);
#12056=ADVANCED_FACE('',(#12055),#12043,.T.);
#12057=CARTESIAN_POINT('',(3.347E1,-5.25E0,-4.35E0));
#12058=DIRECTION('',(1.E0,0.E0,0.E0));
#12059=DIRECTION('',(0.E0,1.E0,0.E0));
#12060=AXIS2_PLACEMENT_3D('',#12057,#12058,#12059);
#12061=PLANE('',#12060);
#12062=ORIENTED_EDGE('',*,*,#11832,.F.);
#12063=ORIENTED_EDGE('',*,*,#12020,.F.);
#12065=ORIENTED_EDGE('',*,*,#12064,.T.);
#12066=ORIENTED_EDGE('',*,*,#12045,.T.);
#12067=EDGE_LOOP('',(#12062,#12063,#12065,#12066));
#12068=FACE_OUTER_BOUND('',#12067,.F.);
#12069=ADVANCED_FACE('',(#12068),#12061,.T.);
#12070=CARTESIAN_POINT('',(3.327E1,-6.25E0,-4.35E0));
#12071=DIRECTION('',(9.805806756909E-1,-1.961161351382E-1,0.E0));
#12072=DIRECTION('',(1.961161351382E-1,9.805806756909E-1,0.E0));
#12073=AXIS2_PLACEMENT_3D('',#12070,#12071,#12072);
#12074=PLANE('',#12073);
#12075=ORIENTED_EDGE('',*,*,#12018,.F.);
#12077=ORIENTED_EDGE('',*,*,#12076,.T.);
#12078=ORIENTED_EDGE('',*,*,#12047,.T.);
#12079=ORIENTED_EDGE('',*,*,#12064,.F.);
#12080=EDGE_LOOP('',(#12075,#12077,#12078,#12079));
#12081=FACE_OUTER_BOUND('',#12080,.F.);
#12082=ADVANCED_FACE('',(#12081),#12074,.T.);
#12083=CARTESIAN_POINT('',(3.277E1,-6.25E0,-4.35E0));
#12084=DIRECTION('',(0.E0,-1.E0,0.E0));
#12085=DIRECTION('',(1.E0,0.E0,0.E0));
#12086=AXIS2_PLACEMENT_3D('',#12083,#12084,#12085);
#12087=PLANE('',#12086);
#12088=ORIENTED_EDGE('',*,*,#12016,.F.);
#12090=ORIENTED_EDGE('',*,*,#12089,.T.);
#12091=ORIENTED_EDGE('',*,*,#12049,.T.);
#12092=ORIENTED_EDGE('',*,*,#12076,.F.);
#12093=EDGE_LOOP('',(#12088,#12090,#12091,#12092));
#12094=FACE_OUTER_BOUND('',#12093,.F.);
#12095=ADVANCED_FACE('',(#12094),#12087,.T.);
#12096=CARTESIAN_POINT('',(3.257E1,-5.25E0,-4.35E0));
#12097=DIRECTION('',(-9.805806756909E-1,-1.961161351382E-1,0.E0));
#12098=DIRECTION('',(1.961161351382E-1,-9.805806756909E-1,0.E0));
#12099=AXIS2_PLACEMENT_3D('',#12096,#12097,#12098);
#12100=PLANE('',#12099);
#12101=ORIENTED_EDGE('',*,*,#12014,.F.);
#12102=ORIENTED_EDGE('',*,*,#12033,.T.);
#12103=ORIENTED_EDGE('',*,*,#12051,.T.);
#12104=ORIENTED_EDGE('',*,*,#12089,.F.);
#12105=EDGE_LOOP('',(#12101,#12102,#12103,#12104));
#12106=FACE_OUTER_BOUND('',#12105,.F.);
#12107=ADVANCED_FACE('',(#12106),#12100,.T.);
#12108=CARTESIAN_POINT('',(3.397E1,0.E0,-3.85E0));
#12109=DIRECTION('',(-1.E0,0.E0,0.E0));
#12110=DIRECTION('',(0.E0,0.E0,1.E0));
#12111=AXIS2_PLACEMENT_3D('',#12108,#12109,#12110);
#12112=PLANE('',#12111);
#12113=ORIENTED_EDGE('',*,*,#8497,.F.);
#12114=ORIENTED_EDGE('',*,*,#8159,.T.);
#12116=ORIENTED_EDGE('',*,*,#12115,.F.);
#12118=ORIENTED_EDGE('',*,*,#12117,.F.);
#12120=ORIENTED_EDGE('',*,*,#12119,.F.);
#12122=ORIENTED_EDGE('',*,*,#12121,.F.);
#12124=ORIENTED_EDGE('',*,*,#12123,.F.);
#12125=EDGE_LOOP('',(#12113,#12114,#12116,#12118,#12120,#12122,#12124));
#12126=FACE_OUTER_BOUND('',#12125,.F.);
#12127=ADVANCED_FACE('',(#12126),#12112,.T.);
#12128=CARTESIAN_POINT('',(3.207E1,1.05E0,-7.4E0));
#12129=DIRECTION('',(0.E0,0.E0,1.E0));
#12130=DIRECTION('',(0.E0,1.E0,0.E0));
#12131=AXIS2_PLACEMENT_3D('',#12128,#12129,#12130);
#12132=PLANE('',#12131);
#12133=ORIENTED_EDGE('',*,*,#8157,.T.);
#12134=ORIENTED_EDGE('',*,*,#8291,.F.);
#12136=ORIENTED_EDGE('',*,*,#12135,.T.);
#12137=ORIENTED_EDGE('',*,*,#12115,.T.);
#12138=EDGE_LOOP('',(#12133,#12134,#12136,#12137));
#12139=FACE_OUTER_BOUND('',#12138,.F.);
#12140=ADVANCED_FACE('',(#12139),#12132,.F.);
#12141=CARTESIAN_POINT('',(3.207E1,1.05E0,-7.3E0));
#12142=DIRECTION('',(0.E0,1.E0,0.E0));
#12143=DIRECTION('',(0.E0,0.E0,-1.E0));
#12144=AXIS2_PLACEMENT_3D('',#12141,#12142,#12143);
#12145=PLANE('',#12144);
#12146=ORIENTED_EDGE('',*,*,#8289,.F.);
#12148=ORIENTED_EDGE('',*,*,#12147,.T.);
#12149=ORIENTED_EDGE('',*,*,#12117,.T.);
#12150=ORIENTED_EDGE('',*,*,#12135,.F.);
#12151=EDGE_LOOP('',(#12146,#12148,#12149,#12150));
#12152=FACE_OUTER_BOUND('',#12151,.F.);
#12153=ADVANCED_FACE('',(#12152),#12145,.F.);
#12154=CARTESIAN_POINT('',(3.207E1,-6.5E-1,-7.3E0));
#12155=DIRECTION('',(0.E0,0.E0,1.E0));
#12156=DIRECTION('',(0.E0,1.E0,0.E0));
#12157=AXIS2_PLACEMENT_3D('',#12154,#12155,#12156);
#12158=PLANE('',#12157);
#12159=ORIENTED_EDGE('',*,*,#8287,.F.);
#12161=ORIENTED_EDGE('',*,*,#12160,.T.);
#12162=ORIENTED_EDGE('',*,*,#12119,.T.);
#12163=ORIENTED_EDGE('',*,*,#12147,.F.);
#12164=EDGE_LOOP('',(#12159,#12161,#12162,#12163));
#12165=FACE_OUTER_BOUND('',#12164,.F.);
#12166=ADVANCED_FACE('',(#12165),#12158,.F.);
#12167=CARTESIAN_POINT('',(3.207E1,-6.5E-1,-7.98E0));
#12168=DIRECTION('',(0.E0,-1.E0,0.E0));
#12169=DIRECTION('',(0.E0,0.E0,1.E0));
#12170=AXIS2_PLACEMENT_3D('',#12167,#12168,#12169);
#12171=PLANE('',#12170);
#12172=ORIENTED_EDGE('',*,*,#8285,.F.);
#12174=ORIENTED_EDGE('',*,*,#12173,.T.);
#12175=ORIENTED_EDGE('',*,*,#12121,.T.);
#12176=ORIENTED_EDGE('',*,*,#12160,.F.);
#12177=EDGE_LOOP('',(#12172,#12174,#12175,#12176));
#12178=FACE_OUTER_BOUND('',#12177,.F.);
#12179=ADVANCED_FACE('',(#12178),#12171,.F.);
#12180=CARTESIAN_POINT('',(3.207E1,-1.55E0,-8.2E0));
#12181=DIRECTION('',(0.E0,-2.374530904770E-1,9.713990064968E-1));
#12182=DIRECTION('',(0.E0,9.713990064968E-1,2.374530904770E-1));
#12183=AXIS2_PLACEMENT_3D('',#12180,#12181,#12182);
#12184=PLANE('',#12183);
#12185=ORIENTED_EDGE('',*,*,#8499,.F.);
#12186=ORIENTED_EDGE('',*,*,#12123,.T.);
#12187=ORIENTED_EDGE('',*,*,#12173,.F.);
#12188=ORIENTED_EDGE('',*,*,#8283,.F.);
#12189=EDGE_LOOP('',(#12185,#12186,#12187,#12188));
#12190=FACE_OUTER_BOUND('',#12189,.F.);
#12191=ADVANCED_FACE('',(#12190),#12184,.F.);
#12192=CARTESIAN_POINT('',(-3.302E1,7.25E0,-3.85E0));
#12193=DIRECTION('',(0.E0,1.E0,0.E0));
#12194=DIRECTION('',(1.E0,0.E0,0.E0));
#12195=AXIS2_PLACEMENT_3D('',#12192,#12193,#12194);
#12196=CYLINDRICAL_SURFACE('',#12195,1.7E0);
#12198=ORIENTED_EDGE('',*,*,#12197,.T.);
#12200=ORIENTED_EDGE('',*,*,#12199,.F.);
#12202=ORIENTED_EDGE('',*,*,#12201,.T.);
#12204=ORIENTED_EDGE('',*,*,#12203,.T.);
#12206=ORIENTED_EDGE('',*,*,#12205,.F.);
#12208=ORIENTED_EDGE('',*,*,#12207,.T.);
#12210=ORIENTED_EDGE('',*,*,#12209,.T.);
#12212=ORIENTED_EDGE('',*,*,#12211,.T.);
#12214=ORIENTED_EDGE('',*,*,#12213,.F.);
#12216=ORIENTED_EDGE('',*,*,#12215,.F.);
#12218=ORIENTED_EDGE('',*,*,#12217,.F.);
#12219=ORIENTED_EDGE('',*,*,#7987,.F.);
#12220=EDGE_LOOP('',(#12198,#12200,#12202,#12204,#12206,#12208,#12210,#12212,
#12214,#12216,#12218,#12219));
#12221=FACE_OUTER_BOUND('',#12220,.F.);
#12222=ADVANCED_FACE('',(#12221),#12196,.F.);
#12223=CARTESIAN_POINT('',(-3.302E1,7.25E0,-3.85E0));
#12224=DIRECTION('',(0.E0,1.E0,0.E0));
#12225=DIRECTION('',(1.E0,0.E0,0.E0));
#12226=AXIS2_PLACEMENT_3D('',#12223,#12224,#12225);
#12227=CYLINDRICAL_SURFACE('',#12226,1.7E0);
#12228=ORIENTED_EDGE('',*,*,#12215,.T.);
#12230=ORIENTED_EDGE('',*,*,#12229,.T.);
#12231=ORIENTED_EDGE('',*,*,#12199,.T.);
#12232=ORIENTED_EDGE('',*,*,#12197,.F.);
#12233=ORIENTED_EDGE('',*,*,#7989,.F.);
#12234=ORIENTED_EDGE('',*,*,#12217,.T.);
#12235=EDGE_LOOP('',(#12228,#12230,#12231,#12232,#12233,#12234));
#12236=FACE_OUTER_BOUND('',#12235,.F.);
#12237=ADVANCED_FACE('',(#12236),#12227,.F.);
#12238=CARTESIAN_POINT('',(-3.302E1,6.25E0,0.E0));
#12239=DIRECTION('',(0.E0,1.E0,0.E0));
#12240=DIRECTION('',(1.E0,0.E0,0.E0));
#12241=AXIS2_PLACEMENT_3D('',#12238,#12239,#12240);
#12242=PLANE('',#12241);
#12244=ORIENTED_EDGE('',*,*,#12243,.T.);
#12245=ORIENTED_EDGE('',*,*,#12229,.F.);
#12246=EDGE_LOOP('',(#12244,#12245));
#12247=FACE_OUTER_BOUND('',#12246,.F.);
#12248=ADVANCED_FACE('',(#12247),#12242,.T.);
#12249=CARTESIAN_POINT('',(-3.302E1,6.25E0,0.E0));
#12250=DIRECTION('',(0.E0,1.E0,0.E0));
#12251=DIRECTION('',(1.E0,0.E0,0.E0));
#12252=AXIS2_PLACEMENT_3D('',#12249,#12250,#12251);
#12253=PLANE('',#12252);
#12255=ORIENTED_EDGE('',*,*,#12254,.T.);
#12256=ORIENTED_EDGE('',*,*,#12207,.F.);
#12257=EDGE_LOOP('',(#12255,#12256));
#12258=FACE_OUTER_BOUND('',#12257,.F.);
#12259=ADVANCED_FACE('',(#12258),#12253,.T.);
#12260=CARTESIAN_POINT('',(-3.467812393988E1,6.25E0,-3.475E0));
#12261=DIRECTION('',(0.E0,0.E0,1.E0));
#12262=DIRECTION('',(1.E0,0.E0,0.E0));
#12263=AXIS2_PLACEMENT_3D('',#12260,#12261,#12262);
#12264=PLANE('',#12263);
#12265=ORIENTED_EDGE('',*,*,#12243,.F.);
#12266=ORIENTED_EDGE('',*,*,#12213,.T.);
#12268=ORIENTED_EDGE('',*,*,#12267,.T.);
#12269=ORIENTED_EDGE('',*,*,#12201,.F.);
#12270=EDGE_LOOP('',(#12265,#12266,#12268,#12269));
#12271=FACE_OUTER_BOUND('',#12270,.F.);
#12272=ADVANCED_FACE('',(#12271),#12264,.F.);
#12273=CARTESIAN_POINT('',(0.E0,5.75E0,0.E0));
#12274=DIRECTION('',(0.E0,1.E0,0.E0));
#12275=DIRECTION('',(1.E0,0.E0,0.E0));
#12276=AXIS2_PLACEMENT_3D('',#12273,#12274,#12275);
#12277=PLANE('',#12276);
#12278=ORIENTED_EDGE('',*,*,#12211,.F.);
#12280=ORIENTED_EDGE('',*,*,#12279,.F.);
#12281=ORIENTED_EDGE('',*,*,#12203,.F.);
#12282=ORIENTED_EDGE('',*,*,#12267,.F.);
#12283=EDGE_LOOP('',(#12278,#12280,#12281,#12282));
#12284=FACE_OUTER_BOUND('',#12283,.F.);
#12285=ADVANCED_FACE('',(#12284),#12277,.T.);
#12286=CARTESIAN_POINT('',(-3.136187606012E1,6.25E0,-4.225E0));
#12287=DIRECTION('',(0.E0,0.E0,-1.E0));
#12288=DIRECTION('',(-1.E0,0.E0,0.E0));
#12289=AXIS2_PLACEMENT_3D('',#12286,#12287,#12288);
#12290=PLANE('',#12289);
#12291=ORIENTED_EDGE('',*,*,#12254,.F.);
#12292=ORIENTED_EDGE('',*,*,#12205,.T.);
#12293=ORIENTED_EDGE('',*,*,#12279,.T.);
#12294=ORIENTED_EDGE('',*,*,#12209,.F.);
#12295=EDGE_LOOP('',(#12291,#12292,#12293,#12294));
#12296=FACE_OUTER_BOUND('',#12295,.F.);
#12297=ADVANCED_FACE('',(#12296),#12290,.F.);
#12298=CARTESIAN_POINT('',(-2.794E1,7.25E0,-3.85E0));
#12299=DIRECTION('',(0.E0,1.E0,0.E0));
#12300=DIRECTION('',(1.E0,0.E0,0.E0));
#12301=AXIS2_PLACEMENT_3D('',#12298,#12299,#12300);
#12302=CYLINDRICAL_SURFACE('',#12301,1.7E0);
#12304=ORIENTED_EDGE('',*,*,#12303,.T.);
#12306=ORIENTED_EDGE('',*,*,#12305,.F.);
#12308=ORIENTED_EDGE('',*,*,#12307,.T.);
#12310=ORIENTED_EDGE('',*,*,#12309,.T.);
#12312=ORIENTED_EDGE('',*,*,#12311,.F.);
#12314=ORIENTED_EDGE('',*,*,#12313,.T.);
#12316=ORIENTED_EDGE('',*,*,#12315,.T.);
#12318=ORIENTED_EDGE('',*,*,#12317,.T.);
#12320=ORIENTED_EDGE('',*,*,#12319,.F.);
#12322=ORIENTED_EDGE('',*,*,#12321,.F.);
#12324=ORIENTED_EDGE('',*,*,#12323,.F.);
#12325=ORIENTED_EDGE('',*,*,#7993,.F.);
#12326=EDGE_LOOP('',(#12304,#12306,#12308,#12310,#12312,#12314,#12316,#12318,
#12320,#12322,#12324,#12325));
#12327=FACE_OUTER_BOUND('',#12326,.F.);
#12328=ADVANCED_FACE('',(#12327),#12302,.F.);
#12329=CARTESIAN_POINT('',(-2.794E1,7.25E0,-3.85E0));
#12330=DIRECTION('',(0.E0,1.E0,0.E0));
#12331=DIRECTION('',(1.E0,0.E0,0.E0));
#12332=AXIS2_PLACEMENT_3D('',#12329,#12330,#12331);
#12333=CYLINDRICAL_SURFACE('',#12332,1.7E0);
#12334=ORIENTED_EDGE('',*,*,#12321,.T.);
#12336=ORIENTED_EDGE('',*,*,#12335,.T.);
#12337=ORIENTED_EDGE('',*,*,#12305,.T.);
#12338=ORIENTED_EDGE('',*,*,#12303,.F.);
#12339=ORIENTED_EDGE('',*,*,#7995,.F.);
#12340=ORIENTED_EDGE('',*,*,#12323,.T.);
#12341=EDGE_LOOP('',(#12334,#12336,#12337,#12338,#12339,#12340));
#12342=FACE_OUTER_BOUND('',#12341,.F.);
#12343=ADVANCED_FACE('',(#12342),#12333,.F.);
#12344=CARTESIAN_POINT('',(-2.794E1,6.25E0,0.E0));
#12345=DIRECTION('',(0.E0,1.E0,0.E0));
#12346=DIRECTION('',(1.E0,0.E0,0.E0));
#12347=AXIS2_PLACEMENT_3D('',#12344,#12345,#12346);
#12348=PLANE('',#12347);
#12350=ORIENTED_EDGE('',*,*,#12349,.T.);
#12351=ORIENTED_EDGE('',*,*,#12335,.F.);
#12352=EDGE_LOOP('',(#12350,#12351));
#12353=FACE_OUTER_BOUND('',#12352,.F.);
#12354=ADVANCED_FACE('',(#12353),#12348,.T.);
#12355=CARTESIAN_POINT('',(-2.794E1,6.25E0,0.E0));
#12356=DIRECTION('',(0.E0,1.E0,0.E0));
#12357=DIRECTION('',(1.E0,0.E0,0.E0));
#12358=AXIS2_PLACEMENT_3D('',#12355,#12356,#12357);
#12359=PLANE('',#12358);
#12361=ORIENTED_EDGE('',*,*,#12360,.T.);
#12362=ORIENTED_EDGE('',*,*,#12313,.F.);
#12363=EDGE_LOOP('',(#12361,#12362));
#12364=FACE_OUTER_BOUND('',#12363,.F.);
#12365=ADVANCED_FACE('',(#12364),#12359,.T.);
#12366=CARTESIAN_POINT('',(-2.959812393988E1,6.25E0,-3.475E0));
#12367=DIRECTION('',(0.E0,0.E0,1.E0));
#12368=DIRECTION('',(1.E0,0.E0,0.E0));
#12369=AXIS2_PLACEMENT_3D('',#12366,#12367,#12368);
#12370=PLANE('',#12369);
#12371=ORIENTED_EDGE('',*,*,#12349,.F.);
#12372=ORIENTED_EDGE('',*,*,#12319,.T.);
#12374=ORIENTED_EDGE('',*,*,#12373,.T.);
#12375=ORIENTED_EDGE('',*,*,#12307,.F.);
#12376=EDGE_LOOP('',(#12371,#12372,#12374,#12375));
#12377=FACE_OUTER_BOUND('',#12376,.F.);
#12378=ADVANCED_FACE('',(#12377),#12370,.F.);
#12379=CARTESIAN_POINT('',(0.E0,5.75E0,0.E0));
#12380=DIRECTION('',(0.E0,1.E0,0.E0));
#12381=DIRECTION('',(1.E0,0.E0,0.E0));
#12382=AXIS2_PLACEMENT_3D('',#12379,#12380,#12381);
#12383=PLANE('',#12382);
#12384=ORIENTED_EDGE('',*,*,#12317,.F.);
#12386=ORIENTED_EDGE('',*,*,#12385,.F.);
#12387=ORIENTED_EDGE('',*,*,#12309,.F.);
#12388=ORIENTED_EDGE('',*,*,#12373,.F.);
#12389=EDGE_LOOP('',(#12384,#12386,#12387,#12388));
#12390=FACE_OUTER_BOUND('',#12389,.F.);
#12391=ADVANCED_FACE('',(#12390),#12383,.T.);
#12392=CARTESIAN_POINT('',(-2.628187606012E1,6.25E0,-4.225E0));
#12393=DIRECTION('',(0.E0,0.E0,-1.E0));
#12394=DIRECTION('',(-1.E0,0.E0,0.E0));
#12395=AXIS2_PLACEMENT_3D('',#12392,#12393,#12394);
#12396=PLANE('',#12395);
#12397=ORIENTED_EDGE('',*,*,#12360,.F.);
#12398=ORIENTED_EDGE('',*,*,#12311,.T.);
#12399=ORIENTED_EDGE('',*,*,#12385,.T.);
#12400=ORIENTED_EDGE('',*,*,#12315,.F.);
#12401=EDGE_LOOP('',(#12397,#12398,#12399,#12400));
#12402=FACE_OUTER_BOUND('',#12401,.F.);
#12403=ADVANCED_FACE('',(#12402),#12396,.F.);
#12404=CARTESIAN_POINT('',(-2.286E1,7.25E0,-3.85E0));
#12405=DIRECTION('',(0.E0,1.E0,0.E0));
#12406=DIRECTION('',(1.E0,0.E0,0.E0));
#12407=AXIS2_PLACEMENT_3D('',#12404,#12405,#12406);
#12408=CYLINDRICAL_SURFACE('',#12407,1.7E0);
#12410=ORIENTED_EDGE('',*,*,#12409,.T.);
#12412=ORIENTED_EDGE('',*,*,#12411,.F.);
#12414=ORIENTED_EDGE('',*,*,#12413,.T.);
#12416=ORIENTED_EDGE('',*,*,#12415,.T.);
#12418=ORIENTED_EDGE('',*,*,#12417,.F.);
#12420=ORIENTED_EDGE('',*,*,#12419,.T.);
#12422=ORIENTED_EDGE('',*,*,#12421,.T.);
#12424=ORIENTED_EDGE('',*,*,#12423,.T.);
#12426=ORIENTED_EDGE('',*,*,#12425,.F.);
#12428=ORIENTED_EDGE('',*,*,#12427,.F.);
#12430=ORIENTED_EDGE('',*,*,#12429,.F.);
#12431=ORIENTED_EDGE('',*,*,#7999,.F.);
#12432=EDGE_LOOP('',(#12410,#12412,#12414,#12416,#12418,#12420,#12422,#12424,
#12426,#12428,#12430,#12431));
#12433=FACE_OUTER_BOUND('',#12432,.F.);
#12434=ADVANCED_FACE('',(#12433),#12408,.F.);
#12435=CARTESIAN_POINT('',(-2.286E1,7.25E0,-3.85E0));
#12436=DIRECTION('',(0.E0,1.E0,0.E0));
#12437=DIRECTION('',(1.E0,0.E0,0.E0));
#12438=AXIS2_PLACEMENT_3D('',#12435,#12436,#12437);
#12439=CYLINDRICAL_SURFACE('',#12438,1.7E0);
#12440=ORIENTED_EDGE('',*,*,#12427,.T.);
#12442=ORIENTED_EDGE('',*,*,#12441,.T.);
#12443=ORIENTED_EDGE('',*,*,#12411,.T.);
#12444=ORIENTED_EDGE('',*,*,#12409,.F.);
#12445=ORIENTED_EDGE('',*,*,#8001,.F.);
#12446=ORIENTED_EDGE('',*,*,#12429,.T.);
#12447=EDGE_LOOP('',(#12440,#12442,#12443,#12444,#12445,#12446));
#12448=FACE_OUTER_BOUND('',#12447,.F.);
#12449=ADVANCED_FACE('',(#12448),#12439,.F.);
#12450=CARTESIAN_POINT('',(-2.286E1,6.25E0,0.E0));
#12451=DIRECTION('',(0.E0,1.E0,0.E0));
#12452=DIRECTION('',(1.E0,0.E0,0.E0));
#12453=AXIS2_PLACEMENT_3D('',#12450,#12451,#12452);
#12454=PLANE('',#12453);
#12456=ORIENTED_EDGE('',*,*,#12455,.T.);
#12457=ORIENTED_EDGE('',*,*,#12441,.F.);
#12458=EDGE_LOOP('',(#12456,#12457));
#12459=FACE_OUTER_BOUND('',#12458,.F.);
#12460=ADVANCED_FACE('',(#12459),#12454,.T.);
#12461=CARTESIAN_POINT('',(-2.286E1,6.25E0,0.E0));
#12462=DIRECTION('',(0.E0,1.E0,0.E0));
#12463=DIRECTION('',(1.E0,0.E0,0.E0));
#12464=AXIS2_PLACEMENT_3D('',#12461,#12462,#12463);
#12465=PLANE('',#12464);
#12467=ORIENTED_EDGE('',*,*,#12466,.T.);
#12468=ORIENTED_EDGE('',*,*,#12419,.F.);
#12469=EDGE_LOOP('',(#12467,#12468));
#12470=FACE_OUTER_BOUND('',#12469,.F.);
#12471=ADVANCED_FACE('',(#12470),#12465,.T.);
#12472=CARTESIAN_POINT('',(-2.451812393988E1,6.25E0,-3.475E0));
#12473=DIRECTION('',(0.E0,0.E0,1.E0));
#12474=DIRECTION('',(1.E0,0.E0,0.E0));
#12475=AXIS2_PLACEMENT_3D('',#12472,#12473,#12474);
#12476=PLANE('',#12475);
#12477=ORIENTED_EDGE('',*,*,#12455,.F.);
#12478=ORIENTED_EDGE('',*,*,#12425,.T.);
#12480=ORIENTED_EDGE('',*,*,#12479,.T.);
#12481=ORIENTED_EDGE('',*,*,#12413,.F.);
#12482=EDGE_LOOP('',(#12477,#12478,#12480,#12481));
#12483=FACE_OUTER_BOUND('',#12482,.F.);
#12484=ADVANCED_FACE('',(#12483),#12476,.F.);
#12485=CARTESIAN_POINT('',(0.E0,5.75E0,0.E0));
#12486=DIRECTION('',(0.E0,1.E0,0.E0));
#12487=DIRECTION('',(1.E0,0.E0,0.E0));
#12488=AXIS2_PLACEMENT_3D('',#12485,#12486,#12487);
#12489=PLANE('',#12488);
#12490=ORIENTED_EDGE('',*,*,#12423,.F.);
#12492=ORIENTED_EDGE('',*,*,#12491,.F.);
#12493=ORIENTED_EDGE('',*,*,#12415,.F.);
#12494=ORIENTED_EDGE('',*,*,#12479,.F.);
#12495=EDGE_LOOP('',(#12490,#12492,#12493,#12494));
#12496=FACE_OUTER_BOUND('',#12495,.F.);
#12497=ADVANCED_FACE('',(#12496),#12489,.T.);
#12498=CARTESIAN_POINT('',(-2.120187606012E1,6.25E0,-4.225E0));
#12499=DIRECTION('',(0.E0,0.E0,-1.E0));
#12500=DIRECTION('',(-1.E0,0.E0,0.E0));
#12501=AXIS2_PLACEMENT_3D('',#12498,#12499,#12500);
#12502=PLANE('',#12501);
#12503=ORIENTED_EDGE('',*,*,#12466,.F.);
#12504=ORIENTED_EDGE('',*,*,#12417,.T.);
#12505=ORIENTED_EDGE('',*,*,#12491,.T.);
#12506=ORIENTED_EDGE('',*,*,#12421,.F.);
#12507=EDGE_LOOP('',(#12503,#12504,#12505,#12506));
#12508=FACE_OUTER_BOUND('',#12507,.F.);
#12509=ADVANCED_FACE('',(#12508),#12502,.F.);
#12510=CARTESIAN_POINT('',(-1.778E1,7.25E0,-3.85E0));
#12511=DIRECTION('',(0.E0,1.E0,0.E0));
#12512=DIRECTION('',(1.E0,0.E0,0.E0));
#12513=AXIS2_PLACEMENT_3D('',#12510,#12511,#12512);
#12514=CYLINDRICAL_SURFACE('',#12513,1.7E0);
#12516=ORIENTED_EDGE('',*,*,#12515,.T.);
#12518=ORIENTED_EDGE('',*,*,#12517,.F.);
#12520=ORIENTED_EDGE('',*,*,#12519,.T.);
#12522=ORIENTED_EDGE('',*,*,#12521,.T.);
#12524=ORIENTED_EDGE('',*,*,#12523,.F.);
#12526=ORIENTED_EDGE('',*,*,#12525,.T.);
#12528=ORIENTED_EDGE('',*,*,#12527,.T.);
#12530=ORIENTED_EDGE('',*,*,#12529,.T.);
#12532=ORIENTED_EDGE('',*,*,#12531,.F.);
#12534=ORIENTED_EDGE('',*,*,#12533,.F.);
#12536=ORIENTED_EDGE('',*,*,#12535,.F.);
#12537=ORIENTED_EDGE('',*,*,#8005,.F.);
#12538=EDGE_LOOP('',(#12516,#12518,#12520,#12522,#12524,#12526,#12528,#12530,
#12532,#12534,#12536,#12537));
#12539=FACE_OUTER_BOUND('',#12538,.F.);
#12540=ADVANCED_FACE('',(#12539),#12514,.F.);
#12541=CARTESIAN_POINT('',(-1.778E1,7.25E0,-3.85E0));
#12542=DIRECTION('',(0.E0,1.E0,0.E0));
#12543=DIRECTION('',(1.E0,0.E0,0.E0));
#12544=AXIS2_PLACEMENT_3D('',#12541,#12542,#12543);
#12545=CYLINDRICAL_SURFACE('',#12544,1.7E0);
#12546=ORIENTED_EDGE('',*,*,#12533,.T.);
#12548=ORIENTED_EDGE('',*,*,#12547,.T.);
#12549=ORIENTED_EDGE('',*,*,#12517,.T.);
#12550=ORIENTED_EDGE('',*,*,#12515,.F.);
#12551=ORIENTED_EDGE('',*,*,#8007,.F.);
#12552=ORIENTED_EDGE('',*,*,#12535,.T.);
#12553=EDGE_LOOP('',(#12546,#12548,#12549,#12550,#12551,#12552));
#12554=FACE_OUTER_BOUND('',#12553,.F.);
#12555=ADVANCED_FACE('',(#12554),#12545,.F.);
#12556=CARTESIAN_POINT('',(-1.778E1,6.25E0,0.E0));
#12557=DIRECTION('',(0.E0,1.E0,0.E0));
#12558=DIRECTION('',(1.E0,0.E0,0.E0));
#12559=AXIS2_PLACEMENT_3D('',#12556,#12557,#12558);
#12560=PLANE('',#12559);
#12562=ORIENTED_EDGE('',*,*,#12561,.T.);
#12563=ORIENTED_EDGE('',*,*,#12547,.F.);
#12564=EDGE_LOOP('',(#12562,#12563));
#12565=FACE_OUTER_BOUND('',#12564,.F.);
#12566=ADVANCED_FACE('',(#12565),#12560,.T.);
#12567=CARTESIAN_POINT('',(-1.778E1,6.25E0,0.E0));
#12568=DIRECTION('',(0.E0,1.E0,0.E0));
#12569=DIRECTION('',(1.E0,0.E0,0.E0));
#12570=AXIS2_PLACEMENT_3D('',#12567,#12568,#12569);
#12571=PLANE('',#12570);
#12573=ORIENTED_EDGE('',*,*,#12572,.T.);
#12574=ORIENTED_EDGE('',*,*,#12525,.F.);
#12575=EDGE_LOOP('',(#12573,#12574));
#12576=FACE_OUTER_BOUND('',#12575,.F.);
#12577=ADVANCED_FACE('',(#12576),#12571,.T.);
#12578=CARTESIAN_POINT('',(-1.943812393988E1,6.25E0,-3.475E0));
#12579=DIRECTION('',(0.E0,0.E0,1.E0));
#12580=DIRECTION('',(1.E0,0.E0,0.E0));
#12581=AXIS2_PLACEMENT_3D('',#12578,#12579,#12580);
#12582=PLANE('',#12581);
#12583=ORIENTED_EDGE('',*,*,#12561,.F.);
#12584=ORIENTED_EDGE('',*,*,#12531,.T.);
#12586=ORIENTED_EDGE('',*,*,#12585,.T.);
#12587=ORIENTED_EDGE('',*,*,#12519,.F.);
#12588=EDGE_LOOP('',(#12583,#12584,#12586,#12587));
#12589=FACE_OUTER_BOUND('',#12588,.F.);
#12590=ADVANCED_FACE('',(#12589),#12582,.F.);
#12591=CARTESIAN_POINT('',(0.E0,5.75E0,0.E0));
#12592=DIRECTION('',(0.E0,1.E0,0.E0));
#12593=DIRECTION('',(1.E0,0.E0,0.E0));
#12594=AXIS2_PLACEMENT_3D('',#12591,#12592,#12593);
#12595=PLANE('',#12594);
#12596=ORIENTED_EDGE('',*,*,#12529,.F.);
#12598=ORIENTED_EDGE('',*,*,#12597,.F.);
#12599=ORIENTED_EDGE('',*,*,#12521,.F.);
#12600=ORIENTED_EDGE('',*,*,#12585,.F.);
#12601=EDGE_LOOP('',(#12596,#12598,#12599,#12600));
#12602=FACE_OUTER_BOUND('',#12601,.F.);
#12603=ADVANCED_FACE('',(#12602),#12595,.T.);
#12604=CARTESIAN_POINT('',(-1.612187606012E1,6.25E0,-4.225E0));
#12605=DIRECTION('',(0.E0,0.E0,-1.E0));
#12606=DIRECTION('',(-1.E0,0.E0,0.E0));
#12607=AXIS2_PLACEMENT_3D('',#12604,#12605,#12606);
#12608=PLANE('',#12607);
#12609=ORIENTED_EDGE('',*,*,#12572,.F.);
#12610=ORIENTED_EDGE('',*,*,#12523,.T.);
#12611=ORIENTED_EDGE('',*,*,#12597,.T.);
#12612=ORIENTED_EDGE('',*,*,#12527,.F.);
#12613=EDGE_LOOP('',(#12609,#12610,#12611,#12612));
#12614=FACE_OUTER_BOUND('',#12613,.F.);
#12615=ADVANCED_FACE('',(#12614),#12608,.F.);
#12616=CARTESIAN_POINT('',(-1.27E1,7.25E0,-3.85E0));
#12617=DIRECTION('',(0.E0,1.E0,0.E0));
#12618=DIRECTION('',(1.E0,0.E0,0.E0));
#12619=AXIS2_PLACEMENT_3D('',#12616,#12617,#12618);
#12620=CYLINDRICAL_SURFACE('',#12619,1.7E0);
#12622=ORIENTED_EDGE('',*,*,#12621,.T.);
#12624=ORIENTED_EDGE('',*,*,#12623,.F.);
#12626=ORIENTED_EDGE('',*,*,#12625,.T.);
#12628=ORIENTED_EDGE('',*,*,#12627,.T.);
#12630=ORIENTED_EDGE('',*,*,#12629,.F.);
#12632=ORIENTED_EDGE('',*,*,#12631,.T.);
#12634=ORIENTED_EDGE('',*,*,#12633,.T.);
#12636=ORIENTED_EDGE('',*,*,#12635,.T.);
#12638=ORIENTED_EDGE('',*,*,#12637,.F.);
#12640=ORIENTED_EDGE('',*,*,#12639,.F.);
#12642=ORIENTED_EDGE('',*,*,#12641,.F.);
#12643=ORIENTED_EDGE('',*,*,#8011,.F.);
#12644=EDGE_LOOP('',(#12622,#12624,#12626,#12628,#12630,#12632,#12634,#12636,
#12638,#12640,#12642,#12643));
#12645=FACE_OUTER_BOUND('',#12644,.F.);
#12646=ADVANCED_FACE('',(#12645),#12620,.F.);
#12647=CARTESIAN_POINT('',(-1.27E1,7.25E0,-3.85E0));
#12648=DIRECTION('',(0.E0,1.E0,0.E0));
#12649=DIRECTION('',(1.E0,0.E0,0.E0));
#12650=AXIS2_PLACEMENT_3D('',#12647,#12648,#12649);
#12651=CYLINDRICAL_SURFACE('',#12650,1.7E0);
#12652=ORIENTED_EDGE('',*,*,#12639,.T.);
#12654=ORIENTED_EDGE('',*,*,#12653,.T.);
#12655=ORIENTED_EDGE('',*,*,#12623,.T.);
#12656=ORIENTED_EDGE('',*,*,#12621,.F.);
#12657=ORIENTED_EDGE('',*,*,#8013,.F.);
#12658=ORIENTED_EDGE('',*,*,#12641,.T.);
#12659=EDGE_LOOP('',(#12652,#12654,#12655,#12656,#12657,#12658));
#12660=FACE_OUTER_BOUND('',#12659,.F.);
#12661=ADVANCED_FACE('',(#12660),#12651,.F.);
#12662=CARTESIAN_POINT('',(-1.27E1,6.25E0,0.E0));
#12663=DIRECTION('',(0.E0,1.E0,0.E0));
#12664=DIRECTION('',(1.E0,0.E0,0.E0));
#12665=AXIS2_PLACEMENT_3D('',#12662,#12663,#12664);
#12666=PLANE('',#12665);
#12668=ORIENTED_EDGE('',*,*,#12667,.T.);
#12669=ORIENTED_EDGE('',*,*,#12653,.F.);
#12670=EDGE_LOOP('',(#12668,#12669));
#12671=FACE_OUTER_BOUND('',#12670,.F.);
#12672=ADVANCED_FACE('',(#12671),#12666,.T.);
#12673=CARTESIAN_POINT('',(-1.27E1,6.25E0,0.E0));
#12674=DIRECTION('',(0.E0,1.E0,0.E0));
#12675=DIRECTION('',(1.E0,0.E0,0.E0));
#12676=AXIS2_PLACEMENT_3D('',#12673,#12674,#12675);
#12677=PLANE('',#12676);
#12679=ORIENTED_EDGE('',*,*,#12678,.T.);
#12680=ORIENTED_EDGE('',*,*,#12631,.F.);
#12681=EDGE_LOOP('',(#12679,#12680));
#12682=FACE_OUTER_BOUND('',#12681,.F.);
#12683=ADVANCED_FACE('',(#12682),#12677,.T.);
#12684=CARTESIAN_POINT('',(-1.435812393988E1,6.25E0,-3.475E0));
#12685=DIRECTION('',(0.E0,0.E0,1.E0));
#12686=DIRECTION('',(1.E0,0.E0,0.E0));
#12687=AXIS2_PLACEMENT_3D('',#12684,#12685,#12686);
#12688=PLANE('',#12687);
#12689=ORIENTED_EDGE('',*,*,#12667,.F.);
#12690=ORIENTED_EDGE('',*,*,#12637,.T.);
#12692=ORIENTED_EDGE('',*,*,#12691,.T.);
#12693=ORIENTED_EDGE('',*,*,#12625,.F.);
#12694=EDGE_LOOP('',(#12689,#12690,#12692,#12693));
#12695=FACE_OUTER_BOUND('',#12694,.F.);
#12696=ADVANCED_FACE('',(#12695),#12688,.F.);
#12697=CARTESIAN_POINT('',(0.E0,5.75E0,0.E0));
#12698=DIRECTION('',(0.E0,1.E0,0.E0));
#12699=DIRECTION('',(1.E0,0.E0,0.E0));
#12700=AXIS2_PLACEMENT_3D('',#12697,#12698,#12699);
#12701=PLANE('',#12700);
#12702=ORIENTED_EDGE('',*,*,#12635,.F.);
#12704=ORIENTED_EDGE('',*,*,#12703,.F.);
#12705=ORIENTED_EDGE('',*,*,#12627,.F.);
#12706=ORIENTED_EDGE('',*,*,#12691,.F.);
#12707=EDGE_LOOP('',(#12702,#12704,#12705,#12706));
#12708=FACE_OUTER_BOUND('',#12707,.F.);
#12709=ADVANCED_FACE('',(#12708),#12701,.T.);
#12710=CARTESIAN_POINT('',(-1.104187606012E1,6.25E0,-4.225E0));
#12711=DIRECTION('',(0.E0,0.E0,-1.E0));
#12712=DIRECTION('',(-1.E0,0.E0,0.E0));
#12713=AXIS2_PLACEMENT_3D('',#12710,#12711,#12712);
#12714=PLANE('',#12713);
#12715=ORIENTED_EDGE('',*,*,#12678,.F.);
#12716=ORIENTED_EDGE('',*,*,#12629,.T.);
#12717=ORIENTED_EDGE('',*,*,#12703,.T.);
#12718=ORIENTED_EDGE('',*,*,#12633,.F.);
#12719=EDGE_LOOP('',(#12715,#12716,#12717,#12718));
#12720=FACE_OUTER_BOUND('',#12719,.F.);
#12721=ADVANCED_FACE('',(#12720),#12714,.F.);
#12722=CARTESIAN_POINT('',(-7.62E0,7.25E0,-3.85E0));
#12723=DIRECTION('',(0.E0,1.E0,0.E0));
#12724=DIRECTION('',(1.E0,0.E0,0.E0));
#12725=AXIS2_PLACEMENT_3D('',#12722,#12723,#12724);
#12726=CYLINDRICAL_SURFACE('',#12725,1.7E0);
#12728=ORIENTED_EDGE('',*,*,#12727,.T.);
#12730=ORIENTED_EDGE('',*,*,#12729,.F.);
#12732=ORIENTED_EDGE('',*,*,#12731,.T.);
#12734=ORIENTED_EDGE('',*,*,#12733,.T.);
#12736=ORIENTED_EDGE('',*,*,#12735,.F.);
#12738=ORIENTED_EDGE('',*,*,#12737,.T.);
#12740=ORIENTED_EDGE('',*,*,#12739,.T.);
#12742=ORIENTED_EDGE('',*,*,#12741,.T.);
#12744=ORIENTED_EDGE('',*,*,#12743,.F.);
#12746=ORIENTED_EDGE('',*,*,#12745,.F.);
#12748=ORIENTED_EDGE('',*,*,#12747,.F.);
#12749=ORIENTED_EDGE('',*,*,#8017,.F.);
#12750=EDGE_LOOP('',(#12728,#12730,#12732,#12734,#12736,#12738,#12740,#12742,
#12744,#12746,#12748,#12749));
#12751=FACE_OUTER_BOUND('',#12750,.F.);
#12752=ADVANCED_FACE('',(#12751),#12726,.F.);
#12753=CARTESIAN_POINT('',(-7.62E0,7.25E0,-3.85E0));
#12754=DIRECTION('',(0.E0,1.E0,0.E0));
#12755=DIRECTION('',(1.E0,0.E0,0.E0));
#12756=AXIS2_PLACEMENT_3D('',#12753,#12754,#12755);
#12757=CYLINDRICAL_SURFACE('',#12756,1.7E0);
#12758=ORIENTED_EDGE('',*,*,#12745,.T.);
#12760=ORIENTED_EDGE('',*,*,#12759,.T.);
#12761=ORIENTED_EDGE('',*,*,#12729,.T.);
#12762=ORIENTED_EDGE('',*,*,#12727,.F.);
#12763=ORIENTED_EDGE('',*,*,#8019,.F.);
#12764=ORIENTED_EDGE('',*,*,#12747,.T.);
#12765=EDGE_LOOP('',(#12758,#12760,#12761,#12762,#12763,#12764));
#12766=FACE_OUTER_BOUND('',#12765,.F.);
#12767=ADVANCED_FACE('',(#12766),#12757,.F.);
#12768=CARTESIAN_POINT('',(-7.62E0,6.25E0,0.E0));
#12769=DIRECTION('',(0.E0,1.E0,0.E0));
#12770=DIRECTION('',(1.E0,0.E0,0.E0));
#12771=AXIS2_PLACEMENT_3D('',#12768,#12769,#12770);
#12772=PLANE('',#12771);
#12774=ORIENTED_EDGE('',*,*,#12773,.T.);
#12775=ORIENTED_EDGE('',*,*,#12759,.F.);
#12776=EDGE_LOOP('',(#12774,#12775));
#12777=FACE_OUTER_BOUND('',#12776,.F.);
#12778=ADVANCED_FACE('',(#12777),#12772,.T.);
#12779=CARTESIAN_POINT('',(-7.62E0,6.25E0,0.E0));
#12780=DIRECTION('',(0.E0,1.E0,0.E0));
#12781=DIRECTION('',(1.E0,0.E0,0.E0));
#12782=AXIS2_PLACEMENT_3D('',#12779,#12780,#12781);
#12783=PLANE('',#12782);
#12785=ORIENTED_EDGE('',*,*,#12784,.T.);
#12786=ORIENTED_EDGE('',*,*,#12737,.F.);
#12787=EDGE_LOOP('',(#12785,#12786));
#12788=FACE_OUTER_BOUND('',#12787,.F.);
#12789=ADVANCED_FACE('',(#12788),#12783,.T.);
#12790=CARTESIAN_POINT('',(-9.278123939879E0,6.25E0,-3.475E0));
#12791=DIRECTION('',(0.E0,0.E0,1.E0));
#12792=DIRECTION('',(1.E0,0.E0,0.E0));
#12793=AXIS2_PLACEMENT_3D('',#12790,#12791,#12792);
#12794=PLANE('',#12793);
#12795=ORIENTED_EDGE('',*,*,#12773,.F.);
#12796=ORIENTED_EDGE('',*,*,#12743,.T.);
#12798=ORIENTED_EDGE('',*,*,#12797,.T.);
#12799=ORIENTED_EDGE('',*,*,#12731,.F.);
#12800=EDGE_LOOP('',(#12795,#12796,#12798,#12799));
#12801=FACE_OUTER_BOUND('',#12800,.F.);
#12802=ADVANCED_FACE('',(#12801),#12794,.F.);
#12803=CARTESIAN_POINT('',(0.E0,5.75E0,0.E0));
#12804=DIRECTION('',(0.E0,1.E0,0.E0));
#12805=DIRECTION('',(1.E0,0.E0,0.E0));
#12806=AXIS2_PLACEMENT_3D('',#12803,#12804,#12805);
#12807=PLANE('',#12806);
#12808=ORIENTED_EDGE('',*,*,#12741,.F.);
#12810=ORIENTED_EDGE('',*,*,#12809,.F.);
#12811=ORIENTED_EDGE('',*,*,#12733,.F.);
#12812=ORIENTED_EDGE('',*,*,#12797,.F.);
#12813=EDGE_LOOP('',(#12808,#12810,#12811,#12812));
#12814=FACE_OUTER_BOUND('',#12813,.F.);
#12815=ADVANCED_FACE('',(#12814),#12807,.T.);
#12816=CARTESIAN_POINT('',(-5.961876060121E0,6.25E0,-4.225E0));
#12817=DIRECTION('',(0.E0,0.E0,-1.E0));
#12818=DIRECTION('',(-1.E0,0.E0,0.E0));
#12819=AXIS2_PLACEMENT_3D('',#12816,#12817,#12818);
#12820=PLANE('',#12819);
#12821=ORIENTED_EDGE('',*,*,#12784,.F.);
#12822=ORIENTED_EDGE('',*,*,#12735,.T.);
#12823=ORIENTED_EDGE('',*,*,#12809,.T.);
#12824=ORIENTED_EDGE('',*,*,#12739,.F.);
#12825=EDGE_LOOP('',(#12821,#12822,#12823,#12824));
#12826=FACE_OUTER_BOUND('',#12825,.F.);
#12827=ADVANCED_FACE('',(#12826),#12820,.F.);
#12828=CARTESIAN_POINT('',(-2.54E0,7.25E0,-3.85E0));
#12829=DIRECTION('',(0.E0,1.E0,0.E0));
#12830=DIRECTION('',(1.E0,0.E0,0.E0));
#12831=AXIS2_PLACEMENT_3D('',#12828,#12829,#12830);
#12832=CYLINDRICAL_SURFACE('',#12831,1.7E0);
#12834=ORIENTED_EDGE('',*,*,#12833,.T.);
#12836=ORIENTED_EDGE('',*,*,#12835,.F.);
#12838=ORIENTED_EDGE('',*,*,#12837,.T.);
#12840=ORIENTED_EDGE('',*,*,#12839,.T.);
#12842=ORIENTED_EDGE('',*,*,#12841,.F.);
#12844=ORIENTED_EDGE('',*,*,#12843,.T.);
#12846=ORIENTED_EDGE('',*,*,#12845,.T.);
#12848=ORIENTED_EDGE('',*,*,#12847,.T.);
#12850=ORIENTED_EDGE('',*,*,#12849,.F.);
#12852=ORIENTED_EDGE('',*,*,#12851,.F.);
#12854=ORIENTED_EDGE('',*,*,#12853,.F.);
#12855=ORIENTED_EDGE('',*,*,#8023,.F.);
#12856=EDGE_LOOP('',(#12834,#12836,#12838,#12840,#12842,#12844,#12846,#12848,
#12850,#12852,#12854,#12855));
#12857=FACE_OUTER_BOUND('',#12856,.F.);
#12858=ADVANCED_FACE('',(#12857),#12832,.F.);
#12859=CARTESIAN_POINT('',(-2.54E0,7.25E0,-3.85E0));
#12860=DIRECTION('',(0.E0,1.E0,0.E0));
#12861=DIRECTION('',(1.E0,0.E0,0.E0));
#12862=AXIS2_PLACEMENT_3D('',#12859,#12860,#12861);
#12863=CYLINDRICAL_SURFACE('',#12862,1.7E0);
#12864=ORIENTED_EDGE('',*,*,#12851,.T.);
#12866=ORIENTED_EDGE('',*,*,#12865,.T.);
#12867=ORIENTED_EDGE('',*,*,#12835,.T.);
#12868=ORIENTED_EDGE('',*,*,#12833,.F.);
#12869=ORIENTED_EDGE('',*,*,#8025,.F.);
#12870=ORIENTED_EDGE('',*,*,#12853,.T.);
#12871=EDGE_LOOP('',(#12864,#12866,#12867,#12868,#12869,#12870));
#12872=FACE_OUTER_BOUND('',#12871,.F.);
#12873=ADVANCED_FACE('',(#12872),#12863,.F.);
#12874=CARTESIAN_POINT('',(-2.54E0,6.25E0,0.E0));
#12875=DIRECTION('',(0.E0,1.E0,0.E0));
#12876=DIRECTION('',(1.E0,0.E0,0.E0));
#12877=AXIS2_PLACEMENT_3D('',#12874,#12875,#12876);
#12878=PLANE('',#12877);
#12880=ORIENTED_EDGE('',*,*,#12879,.T.);
#12881=ORIENTED_EDGE('',*,*,#12865,.F.);
#12882=EDGE_LOOP('',(#12880,#12881));
#12883=FACE_OUTER_BOUND('',#12882,.F.);
#12884=ADVANCED_FACE('',(#12883),#12878,.T.);
#12885=CARTESIAN_POINT('',(-2.54E0,6.25E0,0.E0));
#12886=DIRECTION('',(0.E0,1.E0,0.E0));
#12887=DIRECTION('',(1.E0,0.E0,0.E0));
#12888=AXIS2_PLACEMENT_3D('',#12885,#12886,#12887);
#12889=PLANE('',#12888);
#12891=ORIENTED_EDGE('',*,*,#12890,.T.);
#12892=ORIENTED_EDGE('',*,*,#12843,.F.);
#12893=EDGE_LOOP('',(#12891,#12892));
#12894=FACE_OUTER_BOUND('',#12893,.F.);
#12895=ADVANCED_FACE('',(#12894),#12889,.T.);
#12896=CARTESIAN_POINT('',(-4.198123939879E0,6.25E0,-3.475E0));
#12897=DIRECTION('',(0.E0,0.E0,1.E0));
#12898=DIRECTION('',(1.E0,0.E0,0.E0));
#12899=AXIS2_PLACEMENT_3D('',#12896,#12897,#12898);
#12900=PLANE('',#12899);
#12901=ORIENTED_EDGE('',*,*,#12879,.F.);
#12902=ORIENTED_EDGE('',*,*,#12849,.T.);
#12904=ORIENTED_EDGE('',*,*,#12903,.T.);
#12905=ORIENTED_EDGE('',*,*,#12837,.F.);
#12906=EDGE_LOOP('',(#12901,#12902,#12904,#12905));
#12907=FACE_OUTER_BOUND('',#12906,.F.);
#12908=ADVANCED_FACE('',(#12907),#12900,.F.);
#12909=CARTESIAN_POINT('',(0.E0,5.75E0,0.E0));
#12910=DIRECTION('',(0.E0,1.E0,0.E0));
#12911=DIRECTION('',(1.E0,0.E0,0.E0));
#12912=AXIS2_PLACEMENT_3D('',#12909,#12910,#12911);
#12913=PLANE('',#12912);
#12914=ORIENTED_EDGE('',*,*,#12847,.F.);
#12916=ORIENTED_EDGE('',*,*,#12915,.F.);
#12917=ORIENTED_EDGE('',*,*,#12839,.F.);
#12918=ORIENTED_EDGE('',*,*,#12903,.F.);
#12919=EDGE_LOOP('',(#12914,#12916,#12917,#12918));
#12920=FACE_OUTER_BOUND('',#12919,.F.);
#12921=ADVANCED_FACE('',(#12920),#12913,.T.);
#12922=CARTESIAN_POINT('',(-8.818760601210E-1,6.25E0,-4.225E0));
#12923=DIRECTION('',(0.E0,0.E0,-1.E0));
#12924=DIRECTION('',(-1.E0,0.E0,0.E0));
#12925=AXIS2_PLACEMENT_3D('',#12922,#12923,#12924);
#12926=PLANE('',#12925);
#12927=ORIENTED_EDGE('',*,*,#12890,.F.);
#12928=ORIENTED_EDGE('',*,*,#12841,.T.);
#12929=ORIENTED_EDGE('',*,*,#12915,.T.);
#12930=ORIENTED_EDGE('',*,*,#12845,.F.);
#12931=EDGE_LOOP('',(#12927,#12928,#12929,#12930));
#12932=FACE_OUTER_BOUND('',#12931,.F.);
#12933=ADVANCED_FACE('',(#12932),#12926,.F.);
#12934=CARTESIAN_POINT('',(2.54E0,7.25E0,-3.85E0));
#12935=DIRECTION('',(0.E0,1.E0,0.E0));
#12936=DIRECTION('',(1.E0,0.E0,0.E0));
#12937=AXIS2_PLACEMENT_3D('',#12934,#12935,#12936);
#12938=CYLINDRICAL_SURFACE('',#12937,1.7E0);
#12940=ORIENTED_EDGE('',*,*,#12939,.T.);
#12942=ORIENTED_EDGE('',*,*,#12941,.F.);
#12944=ORIENTED_EDGE('',*,*,#12943,.T.);
#12946=ORIENTED_EDGE('',*,*,#12945,.T.);
#12948=ORIENTED_EDGE('',*,*,#12947,.F.);
#12950=ORIENTED_EDGE('',*,*,#12949,.T.);
#12952=ORIENTED_EDGE('',*,*,#12951,.T.);
#12954=ORIENTED_EDGE('',*,*,#12953,.T.);
#12956=ORIENTED_EDGE('',*,*,#12955,.F.);
#12958=ORIENTED_EDGE('',*,*,#12957,.F.);
#12960=ORIENTED_EDGE('',*,*,#12959,.F.);
#12961=ORIENTED_EDGE('',*,*,#8029,.F.);
#12962=EDGE_LOOP('',(#12940,#12942,#12944,#12946,#12948,#12950,#12952,#12954,
#12956,#12958,#12960,#12961));
#12963=FACE_OUTER_BOUND('',#12962,.F.);
#12964=ADVANCED_FACE('',(#12963),#12938,.F.);
#12965=CARTESIAN_POINT('',(2.54E0,7.25E0,-3.85E0));
#12966=DIRECTION('',(0.E0,1.E0,0.E0));
#12967=DIRECTION('',(1.E0,0.E0,0.E0));
#12968=AXIS2_PLACEMENT_3D('',#12965,#12966,#12967);
#12969=CYLINDRICAL_SURFACE('',#12968,1.7E0);
#12970=ORIENTED_EDGE('',*,*,#12957,.T.);
#12972=ORIENTED_EDGE('',*,*,#12971,.T.);
#12973=ORIENTED_EDGE('',*,*,#12941,.T.);
#12974=ORIENTED_EDGE('',*,*,#12939,.F.);
#12975=ORIENTED_EDGE('',*,*,#8031,.F.);
#12976=ORIENTED_EDGE('',*,*,#12959,.T.);
#12977=EDGE_LOOP('',(#12970,#12972,#12973,#12974,#12975,#12976));
#12978=FACE_OUTER_BOUND('',#12977,.F.);
#12979=ADVANCED_FACE('',(#12978),#12969,.F.);
#12980=CARTESIAN_POINT('',(2.54E0,6.25E0,0.E0));
#12981=DIRECTION('',(0.E0,1.E0,0.E0));
#12982=DIRECTION('',(1.E0,0.E0,0.E0));
#12983=AXIS2_PLACEMENT_3D('',#12980,#12981,#12982);
#12984=PLANE('',#12983);
#12986=ORIENTED_EDGE('',*,*,#12985,.T.);
#12987=ORIENTED_EDGE('',*,*,#12971,.F.);
#12988=EDGE_LOOP('',(#12986,#12987));
#12989=FACE_OUTER_BOUND('',#12988,.F.);
#12990=ADVANCED_FACE('',(#12989),#12984,.T.);
#12991=CARTESIAN_POINT('',(2.54E0,6.25E0,0.E0));
#12992=DIRECTION('',(0.E0,1.E0,0.E0));
#12993=DIRECTION('',(1.E0,0.E0,0.E0));
#12994=AXIS2_PLACEMENT_3D('',#12991,#12992,#12993);
#12995=PLANE('',#12994);
#12997=ORIENTED_EDGE('',*,*,#12996,.T.);
#12998=ORIENTED_EDGE('',*,*,#12949,.F.);
#12999=EDGE_LOOP('',(#12997,#12998));
#13000=FACE_OUTER_BOUND('',#12999,.F.);
#13001=ADVANCED_FACE('',(#13000),#12995,.T.);
#13002=CARTESIAN_POINT('',(8.818760601210E-1,6.25E0,-3.475E0));
#13003=DIRECTION('',(0.E0,0.E0,1.E0));
#13004=DIRECTION('',(1.E0,0.E0,0.E0));
#13005=AXIS2_PLACEMENT_3D('',#13002,#13003,#13004);
#13006=PLANE('',#13005);
#13007=ORIENTED_EDGE('',*,*,#12985,.F.);
#13008=ORIENTED_EDGE('',*,*,#12955,.T.);
#13010=ORIENTED_EDGE('',*,*,#13009,.T.);
#13011=ORIENTED_EDGE('',*,*,#12943,.F.);
#13012=EDGE_LOOP('',(#13007,#13008,#13010,#13011));
#13013=FACE_OUTER_BOUND('',#13012,.F.);
#13014=ADVANCED_FACE('',(#13013),#13006,.F.);
#13015=CARTESIAN_POINT('',(0.E0,5.75E0,0.E0));
#13016=DIRECTION('',(0.E0,1.E0,0.E0));
#13017=DIRECTION('',(1.E0,0.E0,0.E0));
#13018=AXIS2_PLACEMENT_3D('',#13015,#13016,#13017);
#13019=PLANE('',#13018);
#13020=ORIENTED_EDGE('',*,*,#12953,.F.);
#13022=ORIENTED_EDGE('',*,*,#13021,.F.);
#13023=ORIENTED_EDGE('',*,*,#12945,.F.);
#13024=ORIENTED_EDGE('',*,*,#13009,.F.);
#13025=EDGE_LOOP('',(#13020,#13022,#13023,#13024));
#13026=FACE_OUTER_BOUND('',#13025,.F.);
#13027=ADVANCED_FACE('',(#13026),#13019,.T.);
#13028=CARTESIAN_POINT('',(4.198123939879E0,6.25E0,-4.225E0));
#13029=DIRECTION('',(0.E0,0.E0,-1.E0));
#13030=DIRECTION('',(-1.E0,0.E0,0.E0));
#13031=AXIS2_PLACEMENT_3D('',#13028,#13029,#13030);
#13032=PLANE('',#13031);
#13033=ORIENTED_EDGE('',*,*,#12996,.F.);
#13034=ORIENTED_EDGE('',*,*,#12947,.T.);
#13035=ORIENTED_EDGE('',*,*,#13021,.T.);
#13036=ORIENTED_EDGE('',*,*,#12951,.F.);
#13037=EDGE_LOOP('',(#13033,#13034,#13035,#13036));
#13038=FACE_OUTER_BOUND('',#13037,.F.);
#13039=ADVANCED_FACE('',(#13038),#13032,.F.);
#13040=CARTESIAN_POINT('',(7.62E0,7.25E0,-3.85E0));
#13041=DIRECTION('',(0.E0,1.E0,0.E0));
#13042=DIRECTION('',(1.E0,0.E0,0.E0));
#13043=AXIS2_PLACEMENT_3D('',#13040,#13041,#13042);
#13044=CYLINDRICAL_SURFACE('',#13043,1.7E0);
#13046=ORIENTED_EDGE('',*,*,#13045,.T.);
#13048=ORIENTED_EDGE('',*,*,#13047,.F.);
#13050=ORIENTED_EDGE('',*,*,#13049,.T.);
#13052=ORIENTED_EDGE('',*,*,#13051,.T.);
#13054=ORIENTED_EDGE('',*,*,#13053,.F.);
#13056=ORIENTED_EDGE('',*,*,#13055,.T.);
#13058=ORIENTED_EDGE('',*,*,#13057,.T.);
#13060=ORIENTED_EDGE('',*,*,#13059,.T.);
#13062=ORIENTED_EDGE('',*,*,#13061,.F.);
#13064=ORIENTED_EDGE('',*,*,#13063,.F.);
#13066=ORIENTED_EDGE('',*,*,#13065,.F.);
#13067=ORIENTED_EDGE('',*,*,#8035,.F.);
#13068=EDGE_LOOP('',(#13046,#13048,#13050,#13052,#13054,#13056,#13058,#13060,
#13062,#13064,#13066,#13067));
#13069=FACE_OUTER_BOUND('',#13068,.F.);
#13070=ADVANCED_FACE('',(#13069),#13044,.F.);
#13071=CARTESIAN_POINT('',(7.62E0,7.25E0,-3.85E0));
#13072=DIRECTION('',(0.E0,1.E0,0.E0));
#13073=DIRECTION('',(1.E0,0.E0,0.E0));
#13074=AXIS2_PLACEMENT_3D('',#13071,#13072,#13073);
#13075=CYLINDRICAL_SURFACE('',#13074,1.7E0);
#13076=ORIENTED_EDGE('',*,*,#13063,.T.);
#13078=ORIENTED_EDGE('',*,*,#13077,.T.);
#13079=ORIENTED_EDGE('',*,*,#13047,.T.);
#13080=ORIENTED_EDGE('',*,*,#13045,.F.);
#13081=ORIENTED_EDGE('',*,*,#8037,.F.);
#13082=ORIENTED_EDGE('',*,*,#13065,.T.);
#13083=EDGE_LOOP('',(#13076,#13078,#13079,#13080,#13081,#13082));
#13084=FACE_OUTER_BOUND('',#13083,.F.);
#13085=ADVANCED_FACE('',(#13084),#13075,.F.);
#13086=CARTESIAN_POINT('',(7.62E0,6.25E0,0.E0));
#13087=DIRECTION('',(0.E0,1.E0,0.E0));
#13088=DIRECTION('',(1.E0,0.E0,0.E0));
#13089=AXIS2_PLACEMENT_3D('',#13086,#13087,#13088);
#13090=PLANE('',#13089);
#13092=ORIENTED_EDGE('',*,*,#13091,.T.);
#13093=ORIENTED_EDGE('',*,*,#13077,.F.);
#13094=EDGE_LOOP('',(#13092,#13093));
#13095=FACE_OUTER_BOUND('',#13094,.F.);
#13096=ADVANCED_FACE('',(#13095),#13090,.T.);
#13097=CARTESIAN_POINT('',(7.62E0,6.25E0,0.E0));
#13098=DIRECTION('',(0.E0,1.E0,0.E0));
#13099=DIRECTION('',(1.E0,0.E0,0.E0));
#13100=AXIS2_PLACEMENT_3D('',#13097,#13098,#13099);
#13101=PLANE('',#13100);
#13103=ORIENTED_EDGE('',*,*,#13102,.T.);
#13104=ORIENTED_EDGE('',*,*,#13055,.F.);
#13105=EDGE_LOOP('',(#13103,#13104));
#13106=FACE_OUTER_BOUND('',#13105,.F.);
#13107=ADVANCED_FACE('',(#13106),#13101,.T.);
#13108=CARTESIAN_POINT('',(5.961876060121E0,6.25E0,-3.475E0));
#13109=DIRECTION('',(0.E0,0.E0,1.E0));
#13110=DIRECTION('',(1.E0,0.E0,0.E0));
#13111=AXIS2_PLACEMENT_3D('',#13108,#13109,#13110);
#13112=PLANE('',#13111);
#13113=ORIENTED_EDGE('',*,*,#13091,.F.);
#13114=ORIENTED_EDGE('',*,*,#13061,.T.);
#13116=ORIENTED_EDGE('',*,*,#13115,.T.);
#13117=ORIENTED_EDGE('',*,*,#13049,.F.);
#13118=EDGE_LOOP('',(#13113,#13114,#13116,#13117));
#13119=FACE_OUTER_BOUND('',#13118,.F.);
#13120=ADVANCED_FACE('',(#13119),#13112,.F.);
#13121=CARTESIAN_POINT('',(0.E0,5.75E0,0.E0));
#13122=DIRECTION('',(0.E0,1.E0,0.E0));
#13123=DIRECTION('',(1.E0,0.E0,0.E0));
#13124=AXIS2_PLACEMENT_3D('',#13121,#13122,#13123);
#13125=PLANE('',#13124);
#13126=ORIENTED_EDGE('',*,*,#13059,.F.);
#13128=ORIENTED_EDGE('',*,*,#13127,.F.);
#13129=ORIENTED_EDGE('',*,*,#13051,.F.);
#13130=ORIENTED_EDGE('',*,*,#13115,.F.);
#13131=EDGE_LOOP('',(#13126,#13128,#13129,#13130));
#13132=FACE_OUTER_BOUND('',#13131,.F.);
#13133=ADVANCED_FACE('',(#13132),#13125,.T.);
#13134=CARTESIAN_POINT('',(9.278123939879E0,6.25E0,-4.225E0));
#13135=DIRECTION('',(0.E0,0.E0,-1.E0));
#13136=DIRECTION('',(-1.E0,0.E0,0.E0));
#13137=AXIS2_PLACEMENT_3D('',#13134,#13135,#13136);
#13138=PLANE('',#13137);
#13139=ORIENTED_EDGE('',*,*,#13102,.F.);
#13140=ORIENTED_EDGE('',*,*,#13053,.T.);
#13141=ORIENTED_EDGE('',*,*,#13127,.T.);
#13142=ORIENTED_EDGE('',*,*,#13057,.F.);
#13143=EDGE_LOOP('',(#13139,#13140,#13141,#13142));
#13144=FACE_OUTER_BOUND('',#13143,.F.);
#13145=ADVANCED_FACE('',(#13144),#13138,.F.);
#13146=CARTESIAN_POINT('',(1.27E1,7.25E0,-3.85E0));
#13147=DIRECTION('',(0.E0,1.E0,0.E0));
#13148=DIRECTION('',(1.E0,0.E0,0.E0));
#13149=AXIS2_PLACEMENT_3D('',#13146,#13147,#13148);
#13150=CYLINDRICAL_SURFACE('',#13149,1.7E0);
#13152=ORIENTED_EDGE('',*,*,#13151,.T.);
#13154=ORIENTED_EDGE('',*,*,#13153,.F.);
#13156=ORIENTED_EDGE('',*,*,#13155,.T.);
#13158=ORIENTED_EDGE('',*,*,#13157,.T.);
#13160=ORIENTED_EDGE('',*,*,#13159,.F.);
#13162=ORIENTED_EDGE('',*,*,#13161,.T.);
#13164=ORIENTED_EDGE('',*,*,#13163,.T.);
#13166=ORIENTED_EDGE('',*,*,#13165,.T.);
#13168=ORIENTED_EDGE('',*,*,#13167,.F.);
#13170=ORIENTED_EDGE('',*,*,#13169,.F.);
#13172=ORIENTED_EDGE('',*,*,#13171,.F.);
#13173=ORIENTED_EDGE('',*,*,#8041,.F.);
#13174=EDGE_LOOP('',(#13152,#13154,#13156,#13158,#13160,#13162,#13164,#13166,
#13168,#13170,#13172,#13173));
#13175=FACE_OUTER_BOUND('',#13174,.F.);
#13176=ADVANCED_FACE('',(#13175),#13150,.F.);
#13177=CARTESIAN_POINT('',(1.27E1,7.25E0,-3.85E0));
#13178=DIRECTION('',(0.E0,1.E0,0.E0));
#13179=DIRECTION('',(1.E0,0.E0,0.E0));
#13180=AXIS2_PLACEMENT_3D('',#13177,#13178,#13179);
#13181=CYLINDRICAL_SURFACE('',#13180,1.7E0);
#13182=ORIENTED_EDGE('',*,*,#13169,.T.);
#13184=ORIENTED_EDGE('',*,*,#13183,.T.);
#13185=ORIENTED_EDGE('',*,*,#13153,.T.);
#13186=ORIENTED_EDGE('',*,*,#13151,.F.);
#13187=ORIENTED_EDGE('',*,*,#8043,.F.);
#13188=ORIENTED_EDGE('',*,*,#13171,.T.);
#13189=EDGE_LOOP('',(#13182,#13184,#13185,#13186,#13187,#13188));
#13190=FACE_OUTER_BOUND('',#13189,.F.);
#13191=ADVANCED_FACE('',(#13190),#13181,.F.);
#13192=CARTESIAN_POINT('',(1.27E1,6.25E0,0.E0));
#13193=DIRECTION('',(0.E0,1.E0,0.E0));
#13194=DIRECTION('',(1.E0,0.E0,0.E0));
#13195=AXIS2_PLACEMENT_3D('',#13192,#13193,#13194);
#13196=PLANE('',#13195);
#13198=ORIENTED_EDGE('',*,*,#13197,.T.);
#13199=ORIENTED_EDGE('',*,*,#13183,.F.);
#13200=EDGE_LOOP('',(#13198,#13199));
#13201=FACE_OUTER_BOUND('',#13200,.F.);
#13202=ADVANCED_FACE('',(#13201),#13196,.T.);
#13203=CARTESIAN_POINT('',(1.27E1,6.25E0,0.E0));
#13204=DIRECTION('',(0.E0,1.E0,0.E0));
#13205=DIRECTION('',(1.E0,0.E0,0.E0));
#13206=AXIS2_PLACEMENT_3D('',#13203,#13204,#13205);
#13207=PLANE('',#13206);
#13209=ORIENTED_EDGE('',*,*,#13208,.T.);
#13210=ORIENTED_EDGE('',*,*,#13161,.F.);
#13211=EDGE_LOOP('',(#13209,#13210));
#13212=FACE_OUTER_BOUND('',#13211,.F.);
#13213=ADVANCED_FACE('',(#13212),#13207,.T.);
#13214=CARTESIAN_POINT('',(1.104187606012E1,6.25E0,-3.475E0));
#13215=DIRECTION('',(0.E0,0.E0,1.E0));
#13216=DIRECTION('',(1.E0,0.E0,0.E0));
#13217=AXIS2_PLACEMENT_3D('',#13214,#13215,#13216);
#13218=PLANE('',#13217);
#13219=ORIENTED_EDGE('',*,*,#13197,.F.);
#13220=ORIENTED_EDGE('',*,*,#13167,.T.);
#13222=ORIENTED_EDGE('',*,*,#13221,.T.);
#13223=ORIENTED_EDGE('',*,*,#13155,.F.);
#13224=EDGE_LOOP('',(#13219,#13220,#13222,#13223));
#13225=FACE_OUTER_BOUND('',#13224,.F.);
#13226=ADVANCED_FACE('',(#13225),#13218,.F.);
#13227=CARTESIAN_POINT('',(0.E0,5.75E0,0.E0));
#13228=DIRECTION('',(0.E0,1.E0,0.E0));
#13229=DIRECTION('',(1.E0,0.E0,0.E0));
#13230=AXIS2_PLACEMENT_3D('',#13227,#13228,#13229);
#13231=PLANE('',#13230);
#13232=ORIENTED_EDGE('',*,*,#13165,.F.);
#13234=ORIENTED_EDGE('',*,*,#13233,.F.);
#13235=ORIENTED_EDGE('',*,*,#13157,.F.);
#13236=ORIENTED_EDGE('',*,*,#13221,.F.);
#13237=EDGE_LOOP('',(#13232,#13234,#13235,#13236));
#13238=FACE_OUTER_BOUND('',#13237,.F.);
#13239=ADVANCED_FACE('',(#13238),#13231,.T.);
#13240=CARTESIAN_POINT('',(1.435812393988E1,6.25E0,-4.225E0));
#13241=DIRECTION('',(0.E0,0.E0,-1.E0));
#13242=DIRECTION('',(-1.E0,0.E0,0.E0));
#13243=AXIS2_PLACEMENT_3D('',#13240,#13241,#13242);
#13244=PLANE('',#13243);
#13245=ORIENTED_EDGE('',*,*,#13208,.F.);
#13246=ORIENTED_EDGE('',*,*,#13159,.T.);
#13247=ORIENTED_EDGE('',*,*,#13233,.T.);
#13248=ORIENTED_EDGE('',*,*,#13163,.F.);
#13249=EDGE_LOOP('',(#13245,#13246,#13247,#13248));
#13250=FACE_OUTER_BOUND('',#13249,.F.);
#13251=ADVANCED_FACE('',(#13250),#13244,.F.);
#13252=CARTESIAN_POINT('',(1.778E1,7.25E0,-3.85E0));
#13253=DIRECTION('',(0.E0,1.E0,0.E0));
#13254=DIRECTION('',(1.E0,0.E0,0.E0));
#13255=AXIS2_PLACEMENT_3D('',#13252,#13253,#13254);
#13256=CYLINDRICAL_SURFACE('',#13255,1.7E0);
#13258=ORIENTED_EDGE('',*,*,#13257,.T.);
#13260=ORIENTED_EDGE('',*,*,#13259,.F.);
#13262=ORIENTED_EDGE('',*,*,#13261,.T.);
#13264=ORIENTED_EDGE('',*,*,#13263,.T.);
#13266=ORIENTED_EDGE('',*,*,#13265,.F.);
#13268=ORIENTED_EDGE('',*,*,#13267,.T.);
#13270=ORIENTED_EDGE('',*,*,#13269,.T.);
#13272=ORIENTED_EDGE('',*,*,#13271,.T.);
#13274=ORIENTED_EDGE('',*,*,#13273,.F.);
#13276=ORIENTED_EDGE('',*,*,#13275,.F.);
#13278=ORIENTED_EDGE('',*,*,#13277,.F.);
#13279=ORIENTED_EDGE('',*,*,#8047,.F.);
#13280=EDGE_LOOP('',(#13258,#13260,#13262,#13264,#13266,#13268,#13270,#13272,
#13274,#13276,#13278,#13279));
#13281=FACE_OUTER_BOUND('',#13280,.F.);
#13282=ADVANCED_FACE('',(#13281),#13256,.F.);
#13283=CARTESIAN_POINT('',(1.778E1,7.25E0,-3.85E0));
#13284=DIRECTION('',(0.E0,1.E0,0.E0));
#13285=DIRECTION('',(1.E0,0.E0,0.E0));
#13286=AXIS2_PLACEMENT_3D('',#13283,#13284,#13285);
#13287=CYLINDRICAL_SURFACE('',#13286,1.7E0);
#13288=ORIENTED_EDGE('',*,*,#13275,.T.);
#13290=ORIENTED_EDGE('',*,*,#13289,.T.);
#13291=ORIENTED_EDGE('',*,*,#13259,.T.);
#13292=ORIENTED_EDGE('',*,*,#13257,.F.);
#13293=ORIENTED_EDGE('',*,*,#8049,.F.);
#13294=ORIENTED_EDGE('',*,*,#13277,.T.);
#13295=EDGE_LOOP('',(#13288,#13290,#13291,#13292,#13293,#13294));
#13296=FACE_OUTER_BOUND('',#13295,.F.);
#13297=ADVANCED_FACE('',(#13296),#13287,.F.);
#13298=CARTESIAN_POINT('',(1.778E1,6.25E0,0.E0));
#13299=DIRECTION('',(0.E0,1.E0,0.E0));
#13300=DIRECTION('',(1.E0,0.E0,0.E0));
#13301=AXIS2_PLACEMENT_3D('',#13298,#13299,#13300);
#13302=PLANE('',#13301);
#13304=ORIENTED_EDGE('',*,*,#13303,.T.);
#13305=ORIENTED_EDGE('',*,*,#13289,.F.);
#13306=EDGE_LOOP('',(#13304,#13305));
#13307=FACE_OUTER_BOUND('',#13306,.F.);
#13308=ADVANCED_FACE('',(#13307),#13302,.T.);
#13309=CARTESIAN_POINT('',(1.778E1,6.25E0,0.E0));
#13310=DIRECTION('',(0.E0,1.E0,0.E0));
#13311=DIRECTION('',(1.E0,0.E0,0.E0));
#13312=AXIS2_PLACEMENT_3D('',#13309,#13310,#13311);
#13313=PLANE('',#13312);
#13315=ORIENTED_EDGE('',*,*,#13314,.T.);
#13316=ORIENTED_EDGE('',*,*,#13267,.F.);
#13317=EDGE_LOOP('',(#13315,#13316));
#13318=FACE_OUTER_BOUND('',#13317,.F.);
#13319=ADVANCED_FACE('',(#13318),#13313,.T.);
#13320=CARTESIAN_POINT('',(1.612187606012E1,6.25E0,-3.475E0));
#13321=DIRECTION('',(0.E0,0.E0,1.E0));
#13322=DIRECTION('',(1.E0,0.E0,0.E0));
#13323=AXIS2_PLACEMENT_3D('',#13320,#13321,#13322);
#13324=PLANE('',#13323);
#13325=ORIENTED_EDGE('',*,*,#13303,.F.);
#13326=ORIENTED_EDGE('',*,*,#13273,.T.);
#13328=ORIENTED_EDGE('',*,*,#13327,.T.);
#13329=ORIENTED_EDGE('',*,*,#13261,.F.);
#13330=EDGE_LOOP('',(#13325,#13326,#13328,#13329));
#13331=FACE_OUTER_BOUND('',#13330,.F.);
#13332=ADVANCED_FACE('',(#13331),#13324,.F.);
#13333=CARTESIAN_POINT('',(0.E0,5.75E0,0.E0));
#13334=DIRECTION('',(0.E0,1.E0,0.E0));
#13335=DIRECTION('',(1.E0,0.E0,0.E0));
#13336=AXIS2_PLACEMENT_3D('',#13333,#13334,#13335);
#13337=PLANE('',#13336);
#13338=ORIENTED_EDGE('',*,*,#13271,.F.);
#13340=ORIENTED_EDGE('',*,*,#13339,.F.);
#13341=ORIENTED_EDGE('',*,*,#13263,.F.);
#13342=ORIENTED_EDGE('',*,*,#13327,.F.);
#13343=EDGE_LOOP('',(#13338,#13340,#13341,#13342));
#13344=FACE_OUTER_BOUND('',#13343,.F.);
#13345=ADVANCED_FACE('',(#13344),#13337,.T.);
#13346=CARTESIAN_POINT('',(1.943812393988E1,6.25E0,-4.225E0));
#13347=DIRECTION('',(0.E0,0.E0,-1.E0));
#13348=DIRECTION('',(-1.E0,0.E0,0.E0));
#13349=AXIS2_PLACEMENT_3D('',#13346,#13347,#13348);
#13350=PLANE('',#13349);
#13351=ORIENTED_EDGE('',*,*,#13314,.F.);
#13352=ORIENTED_EDGE('',*,*,#13265,.T.);
#13353=ORIENTED_EDGE('',*,*,#13339,.T.);
#13354=ORIENTED_EDGE('',*,*,#13269,.F.);
#13355=EDGE_LOOP('',(#13351,#13352,#13353,#13354));
#13356=FACE_OUTER_BOUND('',#13355,.F.);
#13357=ADVANCED_FACE('',(#13356),#13350,.F.);
#13358=CARTESIAN_POINT('',(2.286E1,7.25E0,-3.85E0));
#13359=DIRECTION('',(0.E0,1.E0,0.E0));
#13360=DIRECTION('',(1.E0,0.E0,0.E0));
#13361=AXIS2_PLACEMENT_3D('',#13358,#13359,#13360);
#13362=CYLINDRICAL_SURFACE('',#13361,1.7E0);
#13364=ORIENTED_EDGE('',*,*,#13363,.T.);
#13366=ORIENTED_EDGE('',*,*,#13365,.F.);
#13368=ORIENTED_EDGE('',*,*,#13367,.T.);
#13370=ORIENTED_EDGE('',*,*,#13369,.T.);
#13372=ORIENTED_EDGE('',*,*,#13371,.F.);
#13374=ORIENTED_EDGE('',*,*,#13373,.T.);
#13376=ORIENTED_EDGE('',*,*,#13375,.T.);
#13378=ORIENTED_EDGE('',*,*,#13377,.T.);
#13380=ORIENTED_EDGE('',*,*,#13379,.F.);
#13382=ORIENTED_EDGE('',*,*,#13381,.F.);
#13384=ORIENTED_EDGE('',*,*,#13383,.F.);
#13385=ORIENTED_EDGE('',*,*,#8053,.F.);
#13386=EDGE_LOOP('',(#13364,#13366,#13368,#13370,#13372,#13374,#13376,#13378,
#13380,#13382,#13384,#13385));
#13387=FACE_OUTER_BOUND('',#13386,.F.);
#13388=ADVANCED_FACE('',(#13387),#13362,.F.);
#13389=CARTESIAN_POINT('',(2.286E1,7.25E0,-3.85E0));
#13390=DIRECTION('',(0.E0,1.E0,0.E0));
#13391=DIRECTION('',(1.E0,0.E0,0.E0));
#13392=AXIS2_PLACEMENT_3D('',#13389,#13390,#13391);
#13393=CYLINDRICAL_SURFACE('',#13392,1.7E0);
#13394=ORIENTED_EDGE('',*,*,#13381,.T.);
#13396=ORIENTED_EDGE('',*,*,#13395,.T.);
#13397=ORIENTED_EDGE('',*,*,#13365,.T.);
#13398=ORIENTED_EDGE('',*,*,#13363,.F.);
#13399=ORIENTED_EDGE('',*,*,#8055,.F.);
#13400=ORIENTED_EDGE('',*,*,#13383,.T.);
#13401=EDGE_LOOP('',(#13394,#13396,#13397,#13398,#13399,#13400));
#13402=FACE_OUTER_BOUND('',#13401,.F.);
#13403=ADVANCED_FACE('',(#13402),#13393,.F.);
#13404=CARTESIAN_POINT('',(2.286E1,6.25E0,0.E0));
#13405=DIRECTION('',(0.E0,1.E0,0.E0));
#13406=DIRECTION('',(1.E0,0.E0,0.E0));
#13407=AXIS2_PLACEMENT_3D('',#13404,#13405,#13406);
#13408=PLANE('',#13407);
#13410=ORIENTED_EDGE('',*,*,#13409,.T.);
#13411=ORIENTED_EDGE('',*,*,#13395,.F.);
#13412=EDGE_LOOP('',(#13410,#13411));
#13413=FACE_OUTER_BOUND('',#13412,.F.);
#13414=ADVANCED_FACE('',(#13413),#13408,.T.);
#13415=CARTESIAN_POINT('',(2.286E1,6.25E0,0.E0));
#13416=DIRECTION('',(0.E0,1.E0,0.E0));
#13417=DIRECTION('',(1.E0,0.E0,0.E0));
#13418=AXIS2_PLACEMENT_3D('',#13415,#13416,#13417);
#13419=PLANE('',#13418);
#13421=ORIENTED_EDGE('',*,*,#13420,.T.);
#13422=ORIENTED_EDGE('',*,*,#13373,.F.);
#13423=EDGE_LOOP('',(#13421,#13422));
#13424=FACE_OUTER_BOUND('',#13423,.F.);
#13425=ADVANCED_FACE('',(#13424),#13419,.T.);
#13426=CARTESIAN_POINT('',(2.120187606012E1,6.25E0,-3.475E0));
#13427=DIRECTION('',(0.E0,0.E0,1.E0));
#13428=DIRECTION('',(1.E0,0.E0,0.E0));
#13429=AXIS2_PLACEMENT_3D('',#13426,#13427,#13428);
#13430=PLANE('',#13429);
#13431=ORIENTED_EDGE('',*,*,#13409,.F.);
#13432=ORIENTED_EDGE('',*,*,#13379,.T.);
#13434=ORIENTED_EDGE('',*,*,#13433,.T.);
#13435=ORIENTED_EDGE('',*,*,#13367,.F.);
#13436=EDGE_LOOP('',(#13431,#13432,#13434,#13435));
#13437=FACE_OUTER_BOUND('',#13436,.F.);
#13438=ADVANCED_FACE('',(#13437),#13430,.F.);
#13439=CARTESIAN_POINT('',(0.E0,5.75E0,0.E0));
#13440=DIRECTION('',(0.E0,1.E0,0.E0));
#13441=DIRECTION('',(1.E0,0.E0,0.E0));
#13442=AXIS2_PLACEMENT_3D('',#13439,#13440,#13441);
#13443=PLANE('',#13442);
#13444=ORIENTED_EDGE('',*,*,#13377,.F.);
#13446=ORIENTED_EDGE('',*,*,#13445,.F.);
#13447=ORIENTED_EDGE('',*,*,#13369,.F.);
#13448=ORIENTED_EDGE('',*,*,#13433,.F.);
#13449=EDGE_LOOP('',(#13444,#13446,#13447,#13448));
#13450=FACE_OUTER_BOUND('',#13449,.F.);
#13451=ADVANCED_FACE('',(#13450),#13443,.T.);
#13452=CARTESIAN_POINT('',(2.451812393988E1,6.25E0,-4.225E0));
#13453=DIRECTION('',(0.E0,0.E0,-1.E0));
#13454=DIRECTION('',(-1.E0,0.E0,0.E0));
#13455=AXIS2_PLACEMENT_3D('',#13452,#13453,#13454);
#13456=PLANE('',#13455);
#13457=ORIENTED_EDGE('',*,*,#13420,.F.);
#13458=ORIENTED_EDGE('',*,*,#13371,.T.);
#13459=ORIENTED_EDGE('',*,*,#13445,.T.);
#13460=ORIENTED_EDGE('',*,*,#13375,.F.);
#13461=EDGE_LOOP('',(#13457,#13458,#13459,#13460));
#13462=FACE_OUTER_BOUND('',#13461,.F.);
#13463=ADVANCED_FACE('',(#13462),#13456,.F.);
#13464=CARTESIAN_POINT('',(2.794E1,7.25E0,-3.85E0));
#13465=DIRECTION('',(0.E0,1.E0,0.E0));
#13466=DIRECTION('',(1.E0,0.E0,0.E0));
#13467=AXIS2_PLACEMENT_3D('',#13464,#13465,#13466);
#13468=CYLINDRICAL_SURFACE('',#13467,1.7E0);
#13470=ORIENTED_EDGE('',*,*,#13469,.T.);
#13472=ORIENTED_EDGE('',*,*,#13471,.F.);
#13474=ORIENTED_EDGE('',*,*,#13473,.T.);
#13476=ORIENTED_EDGE('',*,*,#13475,.T.);
#13478=ORIENTED_EDGE('',*,*,#13477,.F.);
#13480=ORIENTED_EDGE('',*,*,#13479,.T.);
#13482=ORIENTED_EDGE('',*,*,#13481,.T.);
#13484=ORIENTED_EDGE('',*,*,#13483,.T.);
#13486=ORIENTED_EDGE('',*,*,#13485,.F.);
#13488=ORIENTED_EDGE('',*,*,#13487,.F.);
#13490=ORIENTED_EDGE('',*,*,#13489,.F.);
#13491=ORIENTED_EDGE('',*,*,#8059,.F.);
#13492=EDGE_LOOP('',(#13470,#13472,#13474,#13476,#13478,#13480,#13482,#13484,
#13486,#13488,#13490,#13491));
#13493=FACE_OUTER_BOUND('',#13492,.F.);
#13494=ADVANCED_FACE('',(#13493),#13468,.F.);
#13495=CARTESIAN_POINT('',(2.794E1,7.25E0,-3.85E0));
#13496=DIRECTION('',(0.E0,1.E0,0.E0));
#13497=DIRECTION('',(1.E0,0.E0,0.E0));
#13498=AXIS2_PLACEMENT_3D('',#13495,#13496,#13497);
#13499=CYLINDRICAL_SURFACE('',#13498,1.7E0);
#13500=ORIENTED_EDGE('',*,*,#13487,.T.);
#13502=ORIENTED_EDGE('',*,*,#13501,.T.);
#13503=ORIENTED_EDGE('',*,*,#13471,.T.);
#13504=ORIENTED_EDGE('',*,*,#13469,.F.);
#13505=ORIENTED_EDGE('',*,*,#8061,.F.);
#13506=ORIENTED_EDGE('',*,*,#13489,.T.);
#13507=EDGE_LOOP('',(#13500,#13502,#13503,#13504,#13505,#13506));
#13508=FACE_OUTER_BOUND('',#13507,.F.);
#13509=ADVANCED_FACE('',(#13508),#13499,.F.);
#13510=CARTESIAN_POINT('',(2.794E1,6.25E0,0.E0));
#13511=DIRECTION('',(0.E0,1.E0,0.E0));
#13512=DIRECTION('',(1.E0,0.E0,0.E0));
#13513=AXIS2_PLACEMENT_3D('',#13510,#13511,#13512);
#13514=PLANE('',#13513);
#13516=ORIENTED_EDGE('',*,*,#13515,.T.);
#13517=ORIENTED_EDGE('',*,*,#13501,.F.);
#13518=EDGE_LOOP('',(#13516,#13517));
#13519=FACE_OUTER_BOUND('',#13518,.F.);
#13520=ADVANCED_FACE('',(#13519),#13514,.T.);
#13521=CARTESIAN_POINT('',(2.794E1,6.25E0,0.E0));
#13522=DIRECTION('',(0.E0,1.E0,0.E0));
#13523=DIRECTION('',(1.E0,0.E0,0.E0));
#13524=AXIS2_PLACEMENT_3D('',#13521,#13522,#13523);
#13525=PLANE('',#13524);
#13527=ORIENTED_EDGE('',*,*,#13526,.T.);
#13528=ORIENTED_EDGE('',*,*,#13479,.F.);
#13529=EDGE_LOOP('',(#13527,#13528));
#13530=FACE_OUTER_BOUND('',#13529,.F.);
#13531=ADVANCED_FACE('',(#13530),#13525,.T.);
#13532=CARTESIAN_POINT('',(2.628187606012E1,6.25E0,-3.475E0));
#13533=DIRECTION('',(0.E0,0.E0,1.E0));
#13534=DIRECTION('',(1.E0,0.E0,0.E0));
#13535=AXIS2_PLACEMENT_3D('',#13532,#13533,#13534);
#13536=PLANE('',#13535);
#13537=ORIENTED_EDGE('',*,*,#13515,.F.);
#13538=ORIENTED_EDGE('',*,*,#13485,.T.);
#13540=ORIENTED_EDGE('',*,*,#13539,.T.);
#13541=ORIENTED_EDGE('',*,*,#13473,.F.);
#13542=EDGE_LOOP('',(#13537,#13538,#13540,#13541));
#13543=FACE_OUTER_BOUND('',#13542,.F.);
#13544=ADVANCED_FACE('',(#13543),#13536,.F.);
#13545=CARTESIAN_POINT('',(0.E0,5.75E0,0.E0));
#13546=DIRECTION('',(0.E0,1.E0,0.E0));
#13547=DIRECTION('',(1.E0,0.E0,0.E0));
#13548=AXIS2_PLACEMENT_3D('',#13545,#13546,#13547);
#13549=PLANE('',#13548);
#13550=ORIENTED_EDGE('',*,*,#13483,.F.);
#13552=ORIENTED_EDGE('',*,*,#13551,.F.);
#13553=ORIENTED_EDGE('',*,*,#13475,.F.);
#13554=ORIENTED_EDGE('',*,*,#13539,.F.);
#13555=EDGE_LOOP('',(#13550,#13552,#13553,#13554));
#13556=FACE_OUTER_BOUND('',#13555,.F.);
#13557=ADVANCED_FACE('',(#13556),#13549,.T.);
#13558=CARTESIAN_POINT('',(2.959812393988E1,6.25E0,-4.225E0));
#13559=DIRECTION('',(0.E0,0.E0,-1.E0));
#13560=DIRECTION('',(-1.E0,0.E0,0.E0));
#13561=AXIS2_PLACEMENT_3D('',#13558,#13559,#13560);
#13562=PLANE('',#13561);
#13563=ORIENTED_EDGE('',*,*,#13526,.F.);
#13564=ORIENTED_EDGE('',*,*,#13477,.T.);
#13565=ORIENTED_EDGE('',*,*,#13551,.T.);
#13566=ORIENTED_EDGE('',*,*,#13481,.F.);
#13567=EDGE_LOOP('',(#13563,#13564,#13565,#13566));
#13568=FACE_OUTER_BOUND('',#13567,.F.);
#13569=ADVANCED_FACE('',(#13568),#13562,.F.);
#13570=CARTESIAN_POINT('',(3.302E1,7.25E0,-3.85E0));
#13571=DIRECTION('',(0.E0,1.E0,0.E0));
#13572=DIRECTION('',(1.E0,0.E0,0.E0));
#13573=AXIS2_PLACEMENT_3D('',#13570,#13571,#13572);
#13574=CYLINDRICAL_SURFACE('',#13573,1.7E0);
#13576=ORIENTED_EDGE('',*,*,#13575,.T.);
#13578=ORIENTED_EDGE('',*,*,#13577,.F.);
#13580=ORIENTED_EDGE('',*,*,#13579,.T.);
#13582=ORIENTED_EDGE('',*,*,#13581,.T.);
#13584=ORIENTED_EDGE('',*,*,#13583,.F.);
#13586=ORIENTED_EDGE('',*,*,#13585,.T.);
#13588=ORIENTED_EDGE('',*,*,#13587,.T.);
#13590=ORIENTED_EDGE('',*,*,#13589,.T.);
#13592=ORIENTED_EDGE('',*,*,#13591,.F.);
#13594=ORIENTED_EDGE('',*,*,#13593,.F.);
#13596=ORIENTED_EDGE('',*,*,#13595,.F.);
#13597=ORIENTED_EDGE('',*,*,#8065,.F.);
#13598=EDGE_LOOP('',(#13576,#13578,#13580,#13582,#13584,#13586,#13588,#13590,
#13592,#13594,#13596,#13597));
#13599=FACE_OUTER_BOUND('',#13598,.F.);
#13600=ADVANCED_FACE('',(#13599),#13574,.F.);
#13601=CARTESIAN_POINT('',(3.302E1,7.25E0,-3.85E0));
#13602=DIRECTION('',(0.E0,1.E0,0.E0));
#13603=DIRECTION('',(1.E0,0.E0,0.E0));
#13604=AXIS2_PLACEMENT_3D('',#13601,#13602,#13603);
#13605=CYLINDRICAL_SURFACE('',#13604,1.7E0);
#13606=ORIENTED_EDGE('',*,*,#13593,.T.);
#13608=ORIENTED_EDGE('',*,*,#13607,.T.);
#13609=ORIENTED_EDGE('',*,*,#13577,.T.);
#13610=ORIENTED_EDGE('',*,*,#13575,.F.);
#13611=ORIENTED_EDGE('',*,*,#8067,.F.);
#13612=ORIENTED_EDGE('',*,*,#13595,.T.);
#13613=EDGE_LOOP('',(#13606,#13608,#13609,#13610,#13611,#13612));
#13614=FACE_OUTER_BOUND('',#13613,.F.);
#13615=ADVANCED_FACE('',(#13614),#13605,.F.);
#13616=CARTESIAN_POINT('',(3.302E1,6.25E0,0.E0));
#13617=DIRECTION('',(0.E0,1.E0,0.E0));
#13618=DIRECTION('',(1.E0,0.E0,0.E0));
#13619=AXIS2_PLACEMENT_3D('',#13616,#13617,#13618);
#13620=PLANE('',#13619);
#13622=ORIENTED_EDGE('',*,*,#13621,.T.);
#13623=ORIENTED_EDGE('',*,*,#13607,.F.);
#13624=EDGE_LOOP('',(#13622,#13623));
#13625=FACE_OUTER_BOUND('',#13624,.F.);
#13626=ADVANCED_FACE('',(#13625),#13620,.T.);
#13627=CARTESIAN_POINT('',(3.302E1,6.25E0,0.E0));
#13628=DIRECTION('',(0.E0,1.E0,0.E0));
#13629=DIRECTION('',(1.E0,0.E0,0.E0));
#13630=AXIS2_PLACEMENT_3D('',#13627,#13628,#13629);
#13631=PLANE('',#13630);
#13633=ORIENTED_EDGE('',*,*,#13632,.T.);
#13634=ORIENTED_EDGE('',*,*,#13585,.F.);
#13635=EDGE_LOOP('',(#13633,#13634));
#13636=FACE_OUTER_BOUND('',#13635,.F.);
#13637=ADVANCED_FACE('',(#13636),#13631,.T.);
#13638=CARTESIAN_POINT('',(3.136187606012E1,6.25E0,-3.475E0));
#13639=DIRECTION('',(0.E0,0.E0,1.E0));
#13640=DIRECTION('',(1.E0,0.E0,0.E0));
#13641=AXIS2_PLACEMENT_3D('',#13638,#13639,#13640);
#13642=PLANE('',#13641);
#13643=ORIENTED_EDGE('',*,*,#13621,.F.);
#13644=ORIENTED_EDGE('',*,*,#13591,.T.);
#13646=ORIENTED_EDGE('',*,*,#13645,.T.);
#13647=ORIENTED_EDGE('',*,*,#13579,.F.);
#13648=EDGE_LOOP('',(#13643,#13644,#13646,#13647));
#13649=FACE_OUTER_BOUND('',#13648,.F.);
#13650=ADVANCED_FACE('',(#13649),#13642,.F.);
#13651=CARTESIAN_POINT('',(0.E0,5.75E0,0.E0));
#13652=DIRECTION('',(0.E0,1.E0,0.E0));
#13653=DIRECTION('',(1.E0,0.E0,0.E0));
#13654=AXIS2_PLACEMENT_3D('',#13651,#13652,#13653);
#13655=PLANE('',#13654);
#13656=ORIENTED_EDGE('',*,*,#13589,.F.);
#13658=ORIENTED_EDGE('',*,*,#13657,.F.);
#13659=ORIENTED_EDGE('',*,*,#13581,.F.);
#13660=ORIENTED_EDGE('',*,*,#13645,.F.);
#13661=EDGE_LOOP('',(#13656,#13658,#13659,#13660));
#13662=FACE_OUTER_BOUND('',#13661,.F.);
#13663=ADVANCED_FACE('',(#13662),#13655,.T.);
#13664=CARTESIAN_POINT('',(3.467812393988E1,6.25E0,-4.225E0));
#13665=DIRECTION('',(0.E0,0.E0,-1.E0));
#13666=DIRECTION('',(-1.E0,0.E0,0.E0));
#13667=AXIS2_PLACEMENT_3D('',#13664,#13665,#13666);
#13668=PLANE('',#13667);
#13669=ORIENTED_EDGE('',*,*,#13632,.F.);
#13670=ORIENTED_EDGE('',*,*,#13583,.T.);
#13671=ORIENTED_EDGE('',*,*,#13657,.T.);
#13672=ORIENTED_EDGE('',*,*,#13587,.F.);
#13673=EDGE_LOOP('',(#13669,#13670,#13671,#13672));
#13674=FACE_OUTER_BOUND('',#13673,.F.);
#13675=ADVANCED_FACE('',(#13674),#13668,.F.);
#13676=CARTESIAN_POINT('',(-3.048E1,7.25E0,-5.2E0));
#13677=DIRECTION('',(0.E0,1.E0,0.E0));
#13678=DIRECTION('',(1.E0,0.E0,0.E0));
#13679=AXIS2_PLACEMENT_3D('',#13676,#13677,#13678);
#13680=CYLINDRICAL_SURFACE('',#13679,5.E-1);
#13681=ORIENTED_EDGE('',*,*,#8071,.F.);
#13683=ORIENTED_EDGE('',*,*,#13682,.T.);
#13685=ORIENTED_EDGE('',*,*,#13684,.T.);
#13687=ORIENTED_EDGE('',*,*,#13686,.F.);
#13688=EDGE_LOOP('',(#13681,#13683,#13685,#13687));
#13689=FACE_OUTER_BOUND('',#13688,.F.);
#13690=ADVANCED_FACE('',(#13689),#13680,.F.);
#13691=CARTESIAN_POINT('',(-3.048E1,7.25E0,-5.2E0));
#13692=DIRECTION('',(0.E0,1.E0,0.E0));
#13693=DIRECTION('',(1.E0,0.E0,0.E0));
#13694=AXIS2_PLACEMENT_3D('',#13691,#13692,#13693);
#13695=CYLINDRICAL_SURFACE('',#13694,5.E-1);
#13696=ORIENTED_EDGE('',*,*,#8073,.F.);
#13697=ORIENTED_EDGE('',*,*,#13686,.T.);
#13699=ORIENTED_EDGE('',*,*,#13698,.T.);
#13700=ORIENTED_EDGE('',*,*,#13682,.F.);
#13701=EDGE_LOOP('',(#13696,#13697,#13699,#13700));
#13702=FACE_OUTER_BOUND('',#13701,.F.);
#13703=ADVANCED_FACE('',(#13702),#13695,.F.);
#13704=CARTESIAN_POINT('',(0.E0,6.25E0,0.E0));
#13705=DIRECTION('',(0.E0,1.E0,0.E0));
#13706=DIRECTION('',(1.E0,0.E0,0.E0));
#13707=AXIS2_PLACEMENT_3D('',#13704,#13705,#13706);
#13708=PLANE('',#13707);
#13709=ORIENTED_EDGE('',*,*,#13684,.F.);
#13710=ORIENTED_EDGE('',*,*,#13698,.F.);
#13711=EDGE_LOOP('',(#13709,#13710));
#13712=FACE_OUTER_BOUND('',#13711,.F.);
#13713=ADVANCED_FACE('',(#13712),#13708,.T.);
#13714=CARTESIAN_POINT('',(-2.54E1,7.25E0,-5.2E0));
#13715=DIRECTION('',(0.E0,1.E0,0.E0));
#13716=DIRECTION('',(1.E0,0.E0,0.E0));
#13717=AXIS2_PLACEMENT_3D('',#13714,#13715,#13716);
#13718=CYLINDRICAL_SURFACE('',#13717,5.E-1);
#13719=ORIENTED_EDGE('',*,*,#8077,.F.);
#13721=ORIENTED_EDGE('',*,*,#13720,.T.);
#13723=ORIENTED_EDGE('',*,*,#13722,.T.);
#13725=ORIENTED_EDGE('',*,*,#13724,.F.);
#13726=EDGE_LOOP('',(#13719,#13721,#13723,#13725));
#13727=FACE_OUTER_BOUND('',#13726,.F.);
#13728=ADVANCED_FACE('',(#13727),#13718,.F.);
#13729=CARTESIAN_POINT('',(-2.54E1,7.25E0,-5.2E0));
#13730=DIRECTION('',(0.E0,1.E0,0.E0));
#13731=DIRECTION('',(1.E0,0.E0,0.E0));
#13732=AXIS2_PLACEMENT_3D('',#13729,#13730,#13731);
#13733=CYLINDRICAL_SURFACE('',#13732,5.E-1);
#13734=ORIENTED_EDGE('',*,*,#8079,.F.);
#13735=ORIENTED_EDGE('',*,*,#13724,.T.);
#13737=ORIENTED_EDGE('',*,*,#13736,.T.);
#13738=ORIENTED_EDGE('',*,*,#13720,.F.);
#13739=EDGE_LOOP('',(#13734,#13735,#13737,#13738));
#13740=FACE_OUTER_BOUND('',#13739,.F.);
#13741=ADVANCED_FACE('',(#13740),#13733,.F.);
#13742=CARTESIAN_POINT('',(0.E0,6.25E0,0.E0));
#13743=DIRECTION('',(0.E0,1.E0,0.E0));
#13744=DIRECTION('',(1.E0,0.E0,0.E0));
#13745=AXIS2_PLACEMENT_3D('',#13742,#13743,#13744);
#13746=PLANE('',#13745);
#13747=ORIENTED_EDGE('',*,*,#13722,.F.);
#13748=ORIENTED_EDGE('',*,*,#13736,.F.);
#13749=EDGE_LOOP('',(#13747,#13748));
#13750=FACE_OUTER_BOUND('',#13749,.F.);
#13751=ADVANCED_FACE('',(#13750),#13746,.T.);
#13752=CARTESIAN_POINT('',(-2.032E1,7.25E0,-5.2E0));
#13753=DIRECTION('',(0.E0,1.E0,0.E0));
#13754=DIRECTION('',(1.E0,0.E0,0.E0));
#13755=AXIS2_PLACEMENT_3D('',#13752,#13753,#13754);
#13756=CYLINDRICAL_SURFACE('',#13755,5.E-1);
#13757=ORIENTED_EDGE('',*,*,#8083,.F.);
#13759=ORIENTED_EDGE('',*,*,#13758,.T.);
#13761=ORIENTED_EDGE('',*,*,#13760,.T.);
#13763=ORIENTED_EDGE('',*,*,#13762,.F.);
#13764=EDGE_LOOP('',(#13757,#13759,#13761,#13763));
#13765=FACE_OUTER_BOUND('',#13764,.F.);
#13766=ADVANCED_FACE('',(#13765),#13756,.F.);
#13767=CARTESIAN_POINT('',(-2.032E1,7.25E0,-5.2E0));
#13768=DIRECTION('',(0.E0,1.E0,0.E0));
#13769=DIRECTION('',(1.E0,0.E0,0.E0));
#13770=AXIS2_PLACEMENT_3D('',#13767,#13768,#13769);
#13771=CYLINDRICAL_SURFACE('',#13770,5.E-1);
#13772=ORIENTED_EDGE('',*,*,#8085,.F.);
#13773=ORIENTED_EDGE('',*,*,#13762,.T.);
#13775=ORIENTED_EDGE('',*,*,#13774,.T.);
#13776=ORIENTED_EDGE('',*,*,#13758,.F.);
#13777=EDGE_LOOP('',(#13772,#13773,#13775,#13776));
#13778=FACE_OUTER_BOUND('',#13777,.F.);
#13779=ADVANCED_FACE('',(#13778),#13771,.F.);
#13780=CARTESIAN_POINT('',(0.E0,6.25E0,0.E0));
#13781=DIRECTION('',(0.E0,1.E0,0.E0));
#13782=DIRECTION('',(1.E0,0.E0,0.E0));
#13783=AXIS2_PLACEMENT_3D('',#13780,#13781,#13782);
#13784=PLANE('',#13783);
#13785=ORIENTED_EDGE('',*,*,#13760,.F.);
#13786=ORIENTED_EDGE('',*,*,#13774,.F.);
#13787=EDGE_LOOP('',(#13785,#13786));
#13788=FACE_OUTER_BOUND('',#13787,.F.);
#13789=ADVANCED_FACE('',(#13788),#13784,.T.);
#13790=CARTESIAN_POINT('',(-1.524E1,7.25E0,-5.2E0));
#13791=DIRECTION('',(0.E0,1.E0,0.E0));
#13792=DIRECTION('',(1.E0,0.E0,0.E0));
#13793=AXIS2_PLACEMENT_3D('',#13790,#13791,#13792);
#13794=CYLINDRICAL_SURFACE('',#13793,5.E-1);
#13795=ORIENTED_EDGE('',*,*,#8089,.F.);
#13797=ORIENTED_EDGE('',*,*,#13796,.T.);
#13799=ORIENTED_EDGE('',*,*,#13798,.T.);
#13801=ORIENTED_EDGE('',*,*,#13800,.F.);
#13802=EDGE_LOOP('',(#13795,#13797,#13799,#13801));
#13803=FACE_OUTER_BOUND('',#13802,.F.);
#13804=ADVANCED_FACE('',(#13803),#13794,.F.);
#13805=CARTESIAN_POINT('',(-1.524E1,7.25E0,-5.2E0));
#13806=DIRECTION('',(0.E0,1.E0,0.E0));
#13807=DIRECTION('',(1.E0,0.E0,0.E0));
#13808=AXIS2_PLACEMENT_3D('',#13805,#13806,#13807);
#13809=CYLINDRICAL_SURFACE('',#13808,5.E-1);
#13810=ORIENTED_EDGE('',*,*,#8091,.F.);
#13811=ORIENTED_EDGE('',*,*,#13800,.T.);
#13813=ORIENTED_EDGE('',*,*,#13812,.T.);
#13814=ORIENTED_EDGE('',*,*,#13796,.F.);
#13815=EDGE_LOOP('',(#13810,#13811,#13813,#13814));
#13816=FACE_OUTER_BOUND('',#13815,.F.);
#13817=ADVANCED_FACE('',(#13816),#13809,.F.);
#13818=CARTESIAN_POINT('',(0.E0,6.25E0,0.E0));
#13819=DIRECTION('',(0.E0,1.E0,0.E0));
#13820=DIRECTION('',(1.E0,0.E0,0.E0));
#13821=AXIS2_PLACEMENT_3D('',#13818,#13819,#13820);
#13822=PLANE('',#13821);
#13823=ORIENTED_EDGE('',*,*,#13798,.F.);
#13824=ORIENTED_EDGE('',*,*,#13812,.F.);
#13825=EDGE_LOOP('',(#13823,#13824));
#13826=FACE_OUTER_BOUND('',#13825,.F.);
#13827=ADVANCED_FACE('',(#13826),#13822,.T.);
#13828=CARTESIAN_POINT('',(-1.016E1,7.25E0,-5.2E0));
#13829=DIRECTION('',(0.E0,1.E0,0.E0));
#13830=DIRECTION('',(1.E0,0.E0,0.E0));
#13831=AXIS2_PLACEMENT_3D('',#13828,#13829,#13830);
#13832=CYLINDRICAL_SURFACE('',#13831,5.E-1);
#13833=ORIENTED_EDGE('',*,*,#8095,.F.);
#13835=ORIENTED_EDGE('',*,*,#13834,.T.);
#13837=ORIENTED_EDGE('',*,*,#13836,.T.);
#13839=ORIENTED_EDGE('',*,*,#13838,.F.);
#13840=EDGE_LOOP('',(#13833,#13835,#13837,#13839));
#13841=FACE_OUTER_BOUND('',#13840,.F.);
#13842=ADVANCED_FACE('',(#13841),#13832,.F.);
#13843=CARTESIAN_POINT('',(-1.016E1,7.25E0,-5.2E0));
#13844=DIRECTION('',(0.E0,1.E0,0.E0));
#13845=DIRECTION('',(1.E0,0.E0,0.E0));
#13846=AXIS2_PLACEMENT_3D('',#13843,#13844,#13845);
#13847=CYLINDRICAL_SURFACE('',#13846,5.E-1);
#13848=ORIENTED_EDGE('',*,*,#8097,.F.);
#13849=ORIENTED_EDGE('',*,*,#13838,.T.);
#13851=ORIENTED_EDGE('',*,*,#13850,.T.);
#13852=ORIENTED_EDGE('',*,*,#13834,.F.);
#13853=EDGE_LOOP('',(#13848,#13849,#13851,#13852));
#13854=FACE_OUTER_BOUND('',#13853,.F.);
#13855=ADVANCED_FACE('',(#13854),#13847,.F.);
#13856=CARTESIAN_POINT('',(0.E0,6.25E0,0.E0));
#13857=DIRECTION('',(0.E0,1.E0,0.E0));
#13858=DIRECTION('',(1.E0,0.E0,0.E0));
#13859=AXIS2_PLACEMENT_3D('',#13856,#13857,#13858);
#13860=PLANE('',#13859);
#13861=ORIENTED_EDGE('',*,*,#13836,.F.);
#13862=ORIENTED_EDGE('',*,*,#13850,.F.);
#13863=EDGE_LOOP('',(#13861,#13862));
#13864=FACE_OUTER_BOUND('',#13863,.F.);
#13865=ADVANCED_FACE('',(#13864),#13860,.T.);
#13866=CARTESIAN_POINT('',(-5.08E0,7.25E0,-5.2E0));
#13867=DIRECTION('',(0.E0,1.E0,0.E0));
#13868=DIRECTION('',(1.E0,0.E0,0.E0));
#13869=AXIS2_PLACEMENT_3D('',#13866,#13867,#13868);
#13870=CYLINDRICAL_SURFACE('',#13869,5.E-1);
#13871=ORIENTED_EDGE('',*,*,#8101,.F.);
#13873=ORIENTED_EDGE('',*,*,#13872,.T.);
#13875=ORIENTED_EDGE('',*,*,#13874,.T.);
#13877=ORIENTED_EDGE('',*,*,#13876,.F.);
#13878=EDGE_LOOP('',(#13871,#13873,#13875,#13877));
#13879=FACE_OUTER_BOUND('',#13878,.F.);
#13880=ADVANCED_FACE('',(#13879),#13870,.F.);
#13881=CARTESIAN_POINT('',(-5.08E0,7.25E0,-5.2E0));
#13882=DIRECTION('',(0.E0,1.E0,0.E0));
#13883=DIRECTION('',(1.E0,0.E0,0.E0));
#13884=AXIS2_PLACEMENT_3D('',#13881,#13882,#13883);
#13885=CYLINDRICAL_SURFACE('',#13884,5.E-1);
#13886=ORIENTED_EDGE('',*,*,#8103,.F.);
#13887=ORIENTED_EDGE('',*,*,#13876,.T.);
#13889=ORIENTED_EDGE('',*,*,#13888,.T.);
#13890=ORIENTED_EDGE('',*,*,#13872,.F.);
#13891=EDGE_LOOP('',(#13886,#13887,#13889,#13890));
#13892=FACE_OUTER_BOUND('',#13891,.F.);
#13893=ADVANCED_FACE('',(#13892),#13885,.F.);
#13894=CARTESIAN_POINT('',(0.E0,6.25E0,0.E0));
#13895=DIRECTION('',(0.E0,1.E0,0.E0));
#13896=DIRECTION('',(1.E0,0.E0,0.E0));
#13897=AXIS2_PLACEMENT_3D('',#13894,#13895,#13896);
#13898=PLANE('',#13897);
#13899=ORIENTED_EDGE('',*,*,#13874,.F.);
#13900=ORIENTED_EDGE('',*,*,#13888,.F.);
#13901=EDGE_LOOP('',(#13899,#13900));
#13902=FACE_OUTER_BOUND('',#13901,.F.);
#13903=ADVANCED_FACE('',(#13902),#13898,.T.);
#13904=CARTESIAN_POINT('',(0.E0,7.25E0,-5.2E0));
#13905=DIRECTION('',(0.E0,1.E0,0.E0));
#13906=DIRECTION('',(1.E0,0.E0,0.E0));
#13907=AXIS2_PLACEMENT_3D('',#13904,#13905,#13906);
#13908=CYLINDRICAL_SURFACE('',#13907,5.E-1);
#13909=ORIENTED_EDGE('',*,*,#8107,.F.);
#13911=ORIENTED_EDGE('',*,*,#13910,.T.);
#13913=ORIENTED_EDGE('',*,*,#13912,.T.);
#13915=ORIENTED_EDGE('',*,*,#13914,.F.);
#13916=EDGE_LOOP('',(#13909,#13911,#13913,#13915));
#13917=FACE_OUTER_BOUND('',#13916,.F.);
#13918=ADVANCED_FACE('',(#13917),#13908,.F.);
#13919=CARTESIAN_POINT('',(0.E0,7.25E0,-5.2E0));
#13920=DIRECTION('',(0.E0,1.E0,0.E0));
#13921=DIRECTION('',(1.E0,0.E0,0.E0));
#13922=AXIS2_PLACEMENT_3D('',#13919,#13920,#13921);
#13923=CYLINDRICAL_SURFACE('',#13922,5.E-1);
#13924=ORIENTED_EDGE('',*,*,#8109,.F.);
#13925=ORIENTED_EDGE('',*,*,#13914,.T.);
#13927=ORIENTED_EDGE('',*,*,#13926,.T.);
#13928=ORIENTED_EDGE('',*,*,#13910,.F.);
#13929=EDGE_LOOP('',(#13924,#13925,#13927,#13928));
#13930=FACE_OUTER_BOUND('',#13929,.F.);
#13931=ADVANCED_FACE('',(#13930),#13923,.F.);
#13932=CARTESIAN_POINT('',(0.E0,6.25E0,0.E0));
#13933=DIRECTION('',(0.E0,1.E0,0.E0));
#13934=DIRECTION('',(1.E0,0.E0,0.E0));
#13935=AXIS2_PLACEMENT_3D('',#13932,#13933,#13934);
#13936=PLANE('',#13935);
#13937=ORIENTED_EDGE('',*,*,#13912,.F.);
#13938=ORIENTED_EDGE('',*,*,#13926,.F.);
#13939=EDGE_LOOP('',(#13937,#13938));
#13940=FACE_OUTER_BOUND('',#13939,.F.);
#13941=ADVANCED_FACE('',(#13940),#13936,.T.);
#13942=CARTESIAN_POINT('',(5.08E0,7.25E0,-5.2E0));
#13943=DIRECTION('',(0.E0,1.E0,0.E0));
#13944=DIRECTION('',(1.E0,0.E0,0.E0));
#13945=AXIS2_PLACEMENT_3D('',#13942,#13943,#13944);
#13946=CYLINDRICAL_SURFACE('',#13945,5.E-1);
#13947=ORIENTED_EDGE('',*,*,#8113,.F.);
#13949=ORIENTED_EDGE('',*,*,#13948,.T.);
#13951=ORIENTED_EDGE('',*,*,#13950,.T.);
#13953=ORIENTED_EDGE('',*,*,#13952,.F.);
#13954=EDGE_LOOP('',(#13947,#13949,#13951,#13953));
#13955=FACE_OUTER_BOUND('',#13954,.F.);
#13956=ADVANCED_FACE('',(#13955),#13946,.F.);
#13957=CARTESIAN_POINT('',(5.08E0,7.25E0,-5.2E0));
#13958=DIRECTION('',(0.E0,1.E0,0.E0));
#13959=DIRECTION('',(1.E0,0.E0,0.E0));
#13960=AXIS2_PLACEMENT_3D('',#13957,#13958,#13959);
#13961=CYLINDRICAL_SURFACE('',#13960,5.E-1);
#13962=ORIENTED_EDGE('',*,*,#8115,.F.);
#13963=ORIENTED_EDGE('',*,*,#13952,.T.);
#13965=ORIENTED_EDGE('',*,*,#13964,.T.);
#13966=ORIENTED_EDGE('',*,*,#13948,.F.);
#13967=EDGE_LOOP('',(#13962,#13963,#13965,#13966));
#13968=FACE_OUTER_BOUND('',#13967,.F.);
#13969=ADVANCED_FACE('',(#13968),#13961,.F.);
#13970=CARTESIAN_POINT('',(0.E0,6.25E0,0.E0));
#13971=DIRECTION('',(0.E0,1.E0,0.E0));
#13972=DIRECTION('',(1.E0,0.E0,0.E0));
#13973=AXIS2_PLACEMENT_3D('',#13970,#13971,#13972);
#13974=PLANE('',#13973);
#13975=ORIENTED_EDGE('',*,*,#13950,.F.);
#13976=ORIENTED_EDGE('',*,*,#13964,.F.);
#13977=EDGE_LOOP('',(#13975,#13976));
#13978=FACE_OUTER_BOUND('',#13977,.F.);
#13979=ADVANCED_FACE('',(#13978),#13974,.T.);
#13980=CARTESIAN_POINT('',(1.016E1,7.25E0,-5.2E0));
#13981=DIRECTION('',(0.E0,1.E0,0.E0));
#13982=DIRECTION('',(1.E0,0.E0,0.E0));
#13983=AXIS2_PLACEMENT_3D('',#13980,#13981,#13982);
#13984=CYLINDRICAL_SURFACE('',#13983,5.E-1);
#13985=ORIENTED_EDGE('',*,*,#8119,.F.);
#13987=ORIENTED_EDGE('',*,*,#13986,.T.);
#13989=ORIENTED_EDGE('',*,*,#13988,.T.);
#13991=ORIENTED_EDGE('',*,*,#13990,.F.);
#13992=EDGE_LOOP('',(#13985,#13987,#13989,#13991));
#13993=FACE_OUTER_BOUND('',#13992,.F.);
#13994=ADVANCED_FACE('',(#13993),#13984,.F.);
#13995=CARTESIAN_POINT('',(1.016E1,7.25E0,-5.2E0));
#13996=DIRECTION('',(0.E0,1.E0,0.E0));
#13997=DIRECTION('',(1.E0,0.E0,0.E0));
#13998=AXIS2_PLACEMENT_3D('',#13995,#13996,#13997);
#13999=CYLINDRICAL_SURFACE('',#13998,5.E-1);
#14000=ORIENTED_EDGE('',*,*,#8121,.F.);
#14001=ORIENTED_EDGE('',*,*,#13990,.T.);
#14003=ORIENTED_EDGE('',*,*,#14002,.T.);
#14004=ORIENTED_EDGE('',*,*,#13986,.F.);
#14005=EDGE_LOOP('',(#14000,#14001,#14003,#14004));
#14006=FACE_OUTER_BOUND('',#14005,.F.);
#14007=ADVANCED_FACE('',(#14006),#13999,.F.);
#14008=CARTESIAN_POINT('',(0.E0,6.25E0,0.E0));
#14009=DIRECTION('',(0.E0,1.E0,0.E0));
#14010=DIRECTION('',(1.E0,0.E0,0.E0));
#14011=AXIS2_PLACEMENT_3D('',#14008,#14009,#14010);
#14012=PLANE('',#14011);
#14013=ORIENTED_EDGE('',*,*,#13988,.F.);
#14014=ORIENTED_EDGE('',*,*,#14002,.F.);
#14015=EDGE_LOOP('',(#14013,#14014));
#14016=FACE_OUTER_BOUND('',#14015,.F.);
#14017=ADVANCED_FACE('',(#14016),#14012,.T.);
#14018=CARTESIAN_POINT('',(1.524E1,7.25E0,-5.2E0));
#14019=DIRECTION('',(0.E0,1.E0,0.E0));
#14020=DIRECTION('',(1.E0,0.E0,0.E0));
#14021=AXIS2_PLACEMENT_3D('',#14018,#14019,#14020);
#14022=CYLINDRICAL_SURFACE('',#14021,5.E-1);
#14023=ORIENTED_EDGE('',*,*,#8125,.F.);
#14025=ORIENTED_EDGE('',*,*,#14024,.T.);
#14027=ORIENTED_EDGE('',*,*,#14026,.T.);
#14029=ORIENTED_EDGE('',*,*,#14028,.F.);
#14030=EDGE_LOOP('',(#14023,#14025,#14027,#14029));
#14031=FACE_OUTER_BOUND('',#14030,.F.);
#14032=ADVANCED_FACE('',(#14031),#14022,.F.);
#14033=CARTESIAN_POINT('',(1.524E1,7.25E0,-5.2E0));
#14034=DIRECTION('',(0.E0,1.E0,0.E0));
#14035=DIRECTION('',(1.E0,0.E0,0.E0));
#14036=AXIS2_PLACEMENT_3D('',#14033,#14034,#14035);
#14037=CYLINDRICAL_SURFACE('',#14036,5.E-1);
#14038=ORIENTED_EDGE('',*,*,#8127,.F.);
#14039=ORIENTED_EDGE('',*,*,#14028,.T.);
#14041=ORIENTED_EDGE('',*,*,#14040,.T.);
#14042=ORIENTED_EDGE('',*,*,#14024,.F.);
#14043=EDGE_LOOP('',(#14038,#14039,#14041,#14042));
#14044=FACE_OUTER_BOUND('',#14043,.F.);
#14045=ADVANCED_FACE('',(#14044),#14037,.F.);
#14046=CARTESIAN_POINT('',(0.E0,6.25E0,0.E0));
#14047=DIRECTION('',(0.E0,1.E0,0.E0));
#14048=DIRECTION('',(1.E0,0.E0,0.E0));
#14049=AXIS2_PLACEMENT_3D('',#14046,#14047,#14048);
#14050=PLANE('',#14049);
#14051=ORIENTED_EDGE('',*,*,#14026,.F.);
#14052=ORIENTED_EDGE('',*,*,#14040,.F.);
#14053=EDGE_LOOP('',(#14051,#14052));
#14054=FACE_OUTER_BOUND('',#14053,.F.);
#14055=ADVANCED_FACE('',(#14054),#14050,.T.);
#14056=CARTESIAN_POINT('',(2.032E1,7.25E0,-5.2E0));
#14057=DIRECTION('',(0.E0,1.E0,0.E0));
#14058=DIRECTION('',(1.E0,0.E0,0.E0));
#14059=AXIS2_PLACEMENT_3D('',#14056,#14057,#14058);
#14060=CYLINDRICAL_SURFACE('',#14059,5.E-1);
#14061=ORIENTED_EDGE('',*,*,#8131,.F.);
#14063=ORIENTED_EDGE('',*,*,#14062,.T.);
#14065=ORIENTED_EDGE('',*,*,#14064,.T.);
#14067=ORIENTED_EDGE('',*,*,#14066,.F.);
#14068=EDGE_LOOP('',(#14061,#14063,#14065,#14067));
#14069=FACE_OUTER_BOUND('',#14068,.F.);
#14070=ADVANCED_FACE('',(#14069),#14060,.F.);
#14071=CARTESIAN_POINT('',(2.032E1,7.25E0,-5.2E0));
#14072=DIRECTION('',(0.E0,1.E0,0.E0));
#14073=DIRECTION('',(1.E0,0.E0,0.E0));
#14074=AXIS2_PLACEMENT_3D('',#14071,#14072,#14073);
#14075=CYLINDRICAL_SURFACE('',#14074,5.E-1);
#14076=ORIENTED_EDGE('',*,*,#8133,.F.);
#14077=ORIENTED_EDGE('',*,*,#14066,.T.);
#14079=ORIENTED_EDGE('',*,*,#14078,.T.);
#14080=ORIENTED_EDGE('',*,*,#14062,.F.);
#14081=EDGE_LOOP('',(#14076,#14077,#14079,#14080));
#14082=FACE_OUTER_BOUND('',#14081,.F.);
#14083=ADVANCED_FACE('',(#14082),#14075,.F.);
#14084=CARTESIAN_POINT('',(0.E0,6.25E0,0.E0));
#14085=DIRECTION('',(0.E0,1.E0,0.E0));
#14086=DIRECTION('',(1.E0,0.E0,0.E0));
#14087=AXIS2_PLACEMENT_3D('',#14084,#14085,#14086);
#14088=PLANE('',#14087);
#14089=ORIENTED_EDGE('',*,*,#14064,.F.);
#14090=ORIENTED_EDGE('',*,*,#14078,.F.);
#14091=EDGE_LOOP('',(#14089,#14090));
#14092=FACE_OUTER_BOUND('',#14091,.F.);
#14093=ADVANCED_FACE('',(#14092),#14088,.T.);
#14094=CARTESIAN_POINT('',(2.54E1,7.25E0,-5.2E0));
#14095=DIRECTION('',(0.E0,1.E0,0.E0));
#14096=DIRECTION('',(1.E0,0.E0,0.E0));
#14097=AXIS2_PLACEMENT_3D('',#14094,#14095,#14096);
#14098=CYLINDRICAL_SURFACE('',#14097,5.E-1);
#14099=ORIENTED_EDGE('',*,*,#8137,.F.);
#14101=ORIENTED_EDGE('',*,*,#14100,.T.);
#14103=ORIENTED_EDGE('',*,*,#14102,.T.);
#14105=ORIENTED_EDGE('',*,*,#14104,.F.);
#14106=EDGE_LOOP('',(#14099,#14101,#14103,#14105));
#14107=FACE_OUTER_BOUND('',#14106,.F.);
#14108=ADVANCED_FACE('',(#14107),#14098,.F.);
#14109=CARTESIAN_POINT('',(2.54E1,7.25E0,-5.2E0));
#14110=DIRECTION('',(0.E0,1.E0,0.E0));
#14111=DIRECTION('',(1.E0,0.E0,0.E0));
#14112=AXIS2_PLACEMENT_3D('',#14109,#14110,#14111);
#14113=CYLINDRICAL_SURFACE('',#14112,5.E-1);
#14114=ORIENTED_EDGE('',*,*,#8139,.F.);
#14115=ORIENTED_EDGE('',*,*,#14104,.T.);
#14117=ORIENTED_EDGE('',*,*,#14116,.T.);
#14118=ORIENTED_EDGE('',*,*,#14100,.F.);
#14119=EDGE_LOOP('',(#14114,#14115,#14117,#14118));
#14120=FACE_OUTER_BOUND('',#14119,.F.);
#14121=ADVANCED_FACE('',(#14120),#14113,.F.);
#14122=CARTESIAN_POINT('',(0.E0,6.25E0,0.E0));
#14123=DIRECTION('',(0.E0,1.E0,0.E0));
#14124=DIRECTION('',(1.E0,0.E0,0.E0));
#14125=AXIS2_PLACEMENT_3D('',#14122,#14123,#14124);
#14126=PLANE('',#14125);
#14127=ORIENTED_EDGE('',*,*,#14102,.F.);
#14128=ORIENTED_EDGE('',*,*,#14116,.F.);
#14129=EDGE_LOOP('',(#14127,#14128));
#14130=FACE_OUTER_BOUND('',#14129,.F.);
#14131=ADVANCED_FACE('',(#14130),#14126,.T.);
#14132=CARTESIAN_POINT('',(3.048E1,7.25E0,-5.2E0));
#14133=DIRECTION('',(0.E0,1.E0,0.E0));
#14134=DIRECTION('',(1.E0,0.E0,0.E0));
#14135=AXIS2_PLACEMENT_3D('',#14132,#14133,#14134);
#14136=CYLINDRICAL_SURFACE('',#14135,5.E-1);
#14137=ORIENTED_EDGE('',*,*,#8143,.F.);
#14139=ORIENTED_EDGE('',*,*,#14138,.T.);
#14141=ORIENTED_EDGE('',*,*,#14140,.T.);
#14143=ORIENTED_EDGE('',*,*,#14142,.F.);
#14144=EDGE_LOOP('',(#14137,#14139,#14141,#14143));
#14145=FACE_OUTER_BOUND('',#14144,.F.);
#14146=ADVANCED_FACE('',(#14145),#14136,.F.);
#14147=CARTESIAN_POINT('',(3.048E1,7.25E0,-5.2E0));
#14148=DIRECTION('',(0.E0,1.E0,0.E0));
#14149=DIRECTION('',(1.E0,0.E0,0.E0));
#14150=AXIS2_PLACEMENT_3D('',#14147,#14148,#14149);
#14151=CYLINDRICAL_SURFACE('',#14150,5.E-1);
#14152=ORIENTED_EDGE('',*,*,#8145,.F.);
#14153=ORIENTED_EDGE('',*,*,#14142,.T.);
#14155=ORIENTED_EDGE('',*,*,#14154,.T.);
#14156=ORIENTED_EDGE('',*,*,#14138,.F.);
#14157=EDGE_LOOP('',(#14152,#14153,#14155,#14156));
#14158=FACE_OUTER_BOUND('',#14157,.F.);
#14159=ADVANCED_FACE('',(#14158),#14151,.F.);
#14160=CARTESIAN_POINT('',(0.E0,6.25E0,0.E0));
#14161=DIRECTION('',(0.E0,1.E0,0.E0));
#14162=DIRECTION('',(1.E0,0.E0,0.E0));
#14163=AXIS2_PLACEMENT_3D('',#14160,#14161,#14162);
#14164=PLANE('',#14163);
#14165=ORIENTED_EDGE('',*,*,#14140,.F.);
#14166=ORIENTED_EDGE('',*,*,#14154,.F.);
#14167=EDGE_LOOP('',(#14165,#14166));
#14168=FACE_OUTER_BOUND('',#14167,.F.);
#14169=ADVANCED_FACE('',(#14168),#14164,.T.);
#14170=CARTESIAN_POINT('',(-3.14575E1,2.75E-1,-9.5E-1));
#14171=DIRECTION('',(9.810740282764E-1,0.E0,-1.936330318967E-1));
#14172=DIRECTION('',(0.E0,1.E0,0.E0));
#14173=AXIS2_PLACEMENT_3D('',#14170,#14171,#14172);
#14174=PLANE('',#14173);
#14176=ORIENTED_EDGE('',*,*,#14175,.F.);
#14177=ORIENTED_EDGE('',*,*,#7805,.F.);
#14179=ORIENTED_EDGE('',*,*,#14178,.F.);
#14181=ORIENTED_EDGE('',*,*,#14180,.T.);
#14183=ORIENTED_EDGE('',*,*,#14182,.T.);
#14184=EDGE_LOOP('',(#14176,#14177,#14179,#14181,#14183));
#14185=FACE_OUTER_BOUND('',#14184,.F.);
#14186=ADVANCED_FACE('',(#14185),#14174,.F.);
#14187=CARTESIAN_POINT('',(-3.477E1,2.25E0,0.E0));
#14188=DIRECTION('',(0.E0,-1.E0,0.E0));
#14189=DIRECTION('',(1.E0,0.E0,0.E0));
#14190=AXIS2_PLACEMENT_3D('',#14187,#14188,#14189);
#14191=PLANE('',#14190);
#14193=ORIENTED_EDGE('',*,*,#14192,.F.);
#14194=ORIENTED_EDGE('',*,*,#7807,.T.);
#14195=ORIENTED_EDGE('',*,*,#14175,.T.);
#14197=ORIENTED_EDGE('',*,*,#14196,.T.);
#14198=EDGE_LOOP('',(#14193,#14194,#14195,#14197));
#14199=FACE_OUTER_BOUND('',#14198,.F.);
#14200=ADVANCED_FACE('',(#14199),#14191,.T.);
#14201=CARTESIAN_POINT('',(-3.45825E1,2.75E-1,-9.5E-1));
#14202=DIRECTION('',(-9.810740282764E-1,0.E0,-1.936330318967E-1));
#14203=DIRECTION('',(0.E0,-1.E0,0.E0));
#14204=AXIS2_PLACEMENT_3D('',#14201,#14202,#14203);
#14205=PLANE('',#14204);
#14206=ORIENTED_EDGE('',*,*,#14192,.T.);
#14208=ORIENTED_EDGE('',*,*,#14207,.F.);
#14210=ORIENTED_EDGE('',*,*,#14209,.T.);
#14212=ORIENTED_EDGE('',*,*,#14211,.T.);
#14213=ORIENTED_EDGE('',*,*,#7809,.F.);
#14214=EDGE_LOOP('',(#14206,#14208,#14210,#14212,#14213));
#14215=FACE_OUTER_BOUND('',#14214,.F.);
#14216=ADVANCED_FACE('',(#14215),#14205,.F.);
#14217=CARTESIAN_POINT('',(-3.302E1,2.E0,-9.5E-1));
#14218=DIRECTION('',(0.E0,7.071067811865E-1,-7.071067811865E-1));
#14219=DIRECTION('',(-1.E0,0.E0,0.E0));
#14220=AXIS2_PLACEMENT_3D('',#14217,#14218,#14219);
#14221=PLANE('',#14220);
#14222=ORIENTED_EDGE('',*,*,#14196,.F.);
#14223=ORIENTED_EDGE('',*,*,#14182,.F.);
#14225=ORIENTED_EDGE('',*,*,#14224,.T.);
#14226=ORIENTED_EDGE('',*,*,#14207,.T.);
#14227=EDGE_LOOP('',(#14222,#14223,#14225,#14226));
#14228=FACE_OUTER_BOUND('',#14227,.F.);
#14229=ADVANCED_FACE('',(#14228),#14221,.F.);
#14230=CARTESIAN_POINT('',(0.E0,0.E0,-1.9E0));
#14231=DIRECTION('',(0.E0,0.E0,1.E0));
#14232=DIRECTION('',(1.E0,0.E0,0.E0));
#14233=AXIS2_PLACEMENT_3D('',#14230,#14231,#14232);
#14234=PLANE('',#14233);
#14235=ORIENTED_EDGE('',*,*,#14209,.F.);
#14236=ORIENTED_EDGE('',*,*,#14224,.F.);
#14237=ORIENTED_EDGE('',*,*,#14180,.F.);
#14239=ORIENTED_EDGE('',*,*,#14238,.F.);
#14240=EDGE_LOOP('',(#14235,#14236,#14237,#14239));
#14241=FACE_OUTER_BOUND('',#14240,.F.);
#14242=ADVANCED_FACE('',(#14241),#14234,.T.);
#14243=CARTESIAN_POINT('',(-3.302E1,-1.45E0,-9.5E-1));
#14244=DIRECTION('',(0.E0,-9.216353751381E-1,-3.880570000581E-1));
#14245=DIRECTION('',(1.E0,0.E0,0.E0));
#14246=AXIS2_PLACEMENT_3D('',#14243,#14244,#14245);
#14247=PLANE('',#14246);
#14248=ORIENTED_EDGE('',*,*,#7811,.F.);
#14249=ORIENTED_EDGE('',*,*,#14211,.F.);
#14250=ORIENTED_EDGE('',*,*,#14238,.T.);
#14251=ORIENTED_EDGE('',*,*,#14178,.T.);
#14252=EDGE_LOOP('',(#14248,#14249,#14250,#14251));
#14253=FACE_OUTER_BOUND('',#14252,.F.);
#14254=ADVANCED_FACE('',(#14253),#14247,.F.);
#14255=CARTESIAN_POINT('',(-2.63775E1,2.75E-1,-9.5E-1));
#14256=DIRECTION('',(9.810740282764E-1,0.E0,-1.936330318967E-1));
#14257=DIRECTION('',(0.E0,1.E0,0.E0));
#14258=AXIS2_PLACEMENT_3D('',#14255,#14256,#14257);
#14259=PLANE('',#14258);
#14261=ORIENTED_EDGE('',*,*,#14260,.F.);
#14262=ORIENTED_EDGE('',*,*,#7815,.T.);
#14264=ORIENTED_EDGE('',*,*,#14263,.F.);
#14266=ORIENTED_EDGE('',*,*,#14265,.T.);
#14268=ORIENTED_EDGE('',*,*,#14267,.T.);
#14269=EDGE_LOOP('',(#14261,#14262,#14264,#14266,#14268));
#14270=FACE_OUTER_BOUND('',#14269,.F.);
#14271=ADVANCED_FACE('',(#14270),#14259,.F.);
#14272=CARTESIAN_POINT('',(-2.969E1,2.25E0,0.E0));
#14273=DIRECTION('',(0.E0,-1.E0,0.E0));
#14274=DIRECTION('',(1.E0,0.E0,0.E0));
#14275=AXIS2_PLACEMENT_3D('',#14272,#14273,#14274);
#14276=PLANE('',#14275);
#14278=ORIENTED_EDGE('',*,*,#14277,.F.);
#14279=ORIENTED_EDGE('',*,*,#7817,.T.);
#14280=ORIENTED_EDGE('',*,*,#14260,.T.);
#14282=ORIENTED_EDGE('',*,*,#14281,.T.);
#14283=EDGE_LOOP('',(#14278,#14279,#14280,#14282));
#14284=FACE_OUTER_BOUND('',#14283,.F.);
#14285=ADVANCED_FACE('',(#14284),#14276,.T.);
#14286=CARTESIAN_POINT('',(-2.95025E1,2.75E-1,-9.5E-1));
#14287=DIRECTION('',(-9.810740282764E-1,0.E0,-1.936330318967E-1));
#14288=DIRECTION('',(0.E0,-1.E0,0.E0));
#14289=AXIS2_PLACEMENT_3D('',#14286,#14287,#14288);
#14290=PLANE('',#14289);
#14291=ORIENTED_EDGE('',*,*,#14277,.T.);
#14293=ORIENTED_EDGE('',*,*,#14292,.F.);
#14295=ORIENTED_EDGE('',*,*,#14294,.T.);
#14297=ORIENTED_EDGE('',*,*,#14296,.T.);
#14298=ORIENTED_EDGE('',*,*,#7819,.F.);
#14299=EDGE_LOOP('',(#14291,#14293,#14295,#14297,#14298));
#14300=FACE_OUTER_BOUND('',#14299,.F.);
#14301=ADVANCED_FACE('',(#14300),#14290,.F.);
#14302=CARTESIAN_POINT('',(-2.794E1,2.E0,-9.5E-1));
#14303=DIRECTION('',(0.E0,7.071067811865E-1,-7.071067811865E-1));
#14304=DIRECTION('',(-1.E0,0.E0,0.E0));
#14305=AXIS2_PLACEMENT_3D('',#14302,#14303,#14304);
#14306=PLANE('',#14305);
#14307=ORIENTED_EDGE('',*,*,#14281,.F.);
#14308=ORIENTED_EDGE('',*,*,#14267,.F.);
#14310=ORIENTED_EDGE('',*,*,#14309,.T.);
#14311=ORIENTED_EDGE('',*,*,#14292,.T.);
#14312=EDGE_LOOP('',(#14307,#14308,#14310,#14311));
#14313=FACE_OUTER_BOUND('',#14312,.F.);
#14314=ADVANCED_FACE('',(#14313),#14306,.F.);
#14315=CARTESIAN_POINT('',(0.E0,0.E0,-1.9E0));
#14316=DIRECTION('',(0.E0,0.E0,1.E0));
#14317=DIRECTION('',(1.E0,0.E0,0.E0));
#14318=AXIS2_PLACEMENT_3D('',#14315,#14316,#14317);
#14319=PLANE('',#14318);
#14320=ORIENTED_EDGE('',*,*,#14294,.F.);
#14321=ORIENTED_EDGE('',*,*,#14309,.F.);
#14322=ORIENTED_EDGE('',*,*,#14265,.F.);
#14324=ORIENTED_EDGE('',*,*,#14323,.F.);
#14325=EDGE_LOOP('',(#14320,#14321,#14322,#14324));
#14326=FACE_OUTER_BOUND('',#14325,.F.);
#14327=ADVANCED_FACE('',(#14326),#14319,.T.);
#14328=CARTESIAN_POINT('',(-2.794E1,-1.45E0,-9.5E-1));
#14329=DIRECTION('',(0.E0,-9.216353751381E-1,-3.880570000581E-1));
#14330=DIRECTION('',(1.E0,0.E0,0.E0));
#14331=AXIS2_PLACEMENT_3D('',#14328,#14329,#14330);
#14332=PLANE('',#14331);
#14333=ORIENTED_EDGE('',*,*,#7821,.F.);
#14334=ORIENTED_EDGE('',*,*,#14296,.F.);
#14335=ORIENTED_EDGE('',*,*,#14323,.T.);
#14336=ORIENTED_EDGE('',*,*,#14263,.T.);
#14337=EDGE_LOOP('',(#14333,#14334,#14335,#14336));
#14338=FACE_OUTER_BOUND('',#14337,.F.);
#14339=ADVANCED_FACE('',(#14338),#14332,.F.);
#14340=CARTESIAN_POINT('',(-2.12975E1,2.75E-1,-9.5E-1));
#14341=DIRECTION('',(9.810740282764E-1,0.E0,-1.936330318967E-1));
#14342=DIRECTION('',(0.E0,1.E0,0.E0));
#14343=AXIS2_PLACEMENT_3D('',#14340,#14341,#14342);
#14344=PLANE('',#14343);
#14346=ORIENTED_EDGE('',*,*,#14345,.F.);
#14347=ORIENTED_EDGE('',*,*,#7825,.T.);
#14349=ORIENTED_EDGE('',*,*,#14348,.F.);
#14351=ORIENTED_EDGE('',*,*,#14350,.T.);
#14353=ORIENTED_EDGE('',*,*,#14352,.T.);
#14354=EDGE_LOOP('',(#14346,#14347,#14349,#14351,#14353));
#14355=FACE_OUTER_BOUND('',#14354,.F.);
#14356=ADVANCED_FACE('',(#14355),#14344,.F.);
#14357=CARTESIAN_POINT('',(-2.461E1,2.25E0,0.E0));
#14358=DIRECTION('',(0.E0,-1.E0,0.E0));
#14359=DIRECTION('',(1.E0,0.E0,0.E0));
#14360=AXIS2_PLACEMENT_3D('',#14357,#14358,#14359);
#14361=PLANE('',#14360);
#14363=ORIENTED_EDGE('',*,*,#14362,.F.);
#14364=ORIENTED_EDGE('',*,*,#7827,.T.);
#14365=ORIENTED_EDGE('',*,*,#14345,.T.);
#14367=ORIENTED_EDGE('',*,*,#14366,.T.);
#14368=EDGE_LOOP('',(#14363,#14364,#14365,#14367));
#14369=FACE_OUTER_BOUND('',#14368,.F.);
#14370=ADVANCED_FACE('',(#14369),#14361,.T.);
#14371=CARTESIAN_POINT('',(-2.44225E1,2.75E-1,-9.5E-1));
#14372=DIRECTION('',(-9.810740282764E-1,0.E0,-1.936330318967E-1));
#14373=DIRECTION('',(0.E0,-1.E0,0.E0));
#14374=AXIS2_PLACEMENT_3D('',#14371,#14372,#14373);
#14375=PLANE('',#14374);
#14376=ORIENTED_EDGE('',*,*,#14362,.T.);
#14378=ORIENTED_EDGE('',*,*,#14377,.F.);
#14380=ORIENTED_EDGE('',*,*,#14379,.T.);
#14382=ORIENTED_EDGE('',*,*,#14381,.T.);
#14383=ORIENTED_EDGE('',*,*,#7829,.F.);
#14384=EDGE_LOOP('',(#14376,#14378,#14380,#14382,#14383));
#14385=FACE_OUTER_BOUND('',#14384,.F.);
#14386=ADVANCED_FACE('',(#14385),#14375,.F.);
#14387=CARTESIAN_POINT('',(-2.286E1,2.E0,-9.5E-1));
#14388=DIRECTION('',(0.E0,7.071067811865E-1,-7.071067811865E-1));
#14389=DIRECTION('',(-1.E0,0.E0,0.E0));
#14390=AXIS2_PLACEMENT_3D('',#14387,#14388,#14389);
#14391=PLANE('',#14390);
#14392=ORIENTED_EDGE('',*,*,#14366,.F.);
#14393=ORIENTED_EDGE('',*,*,#14352,.F.);
#14395=ORIENTED_EDGE('',*,*,#14394,.T.);
#14396=ORIENTED_EDGE('',*,*,#14377,.T.);
#14397=EDGE_LOOP('',(#14392,#14393,#14395,#14396));
#14398=FACE_OUTER_BOUND('',#14397,.F.);
#14399=ADVANCED_FACE('',(#14398),#14391,.F.);
#14400=CARTESIAN_POINT('',(0.E0,0.E0,-1.9E0));
#14401=DIRECTION('',(0.E0,0.E0,1.E0));
#14402=DIRECTION('',(1.E0,0.E0,0.E0));
#14403=AXIS2_PLACEMENT_3D('',#14400,#14401,#14402);
#14404=PLANE('',#14403);
#14405=ORIENTED_EDGE('',*,*,#14379,.F.);
#14406=ORIENTED_EDGE('',*,*,#14394,.F.);
#14407=ORIENTED_EDGE('',*,*,#14350,.F.);
#14409=ORIENTED_EDGE('',*,*,#14408,.F.);
#14410=EDGE_LOOP('',(#14405,#14406,#14407,#14409));
#14411=FACE_OUTER_BOUND('',#14410,.F.);
#14412=ADVANCED_FACE('',(#14411),#14404,.T.);
#14413=CARTESIAN_POINT('',(-2.286E1,-1.45E0,-9.5E-1));
#14414=DIRECTION('',(0.E0,-9.216353751381E-1,-3.880570000581E-1));
#14415=DIRECTION('',(1.E0,0.E0,0.E0));
#14416=AXIS2_PLACEMENT_3D('',#14413,#14414,#14415);
#14417=PLANE('',#14416);
#14418=ORIENTED_EDGE('',*,*,#7831,.F.);
#14419=ORIENTED_EDGE('',*,*,#14381,.F.);
#14420=ORIENTED_EDGE('',*,*,#14408,.T.);
#14421=ORIENTED_EDGE('',*,*,#14348,.T.);
#14422=EDGE_LOOP('',(#14418,#14419,#14420,#14421));
#14423=FACE_OUTER_BOUND('',#14422,.F.);
#14424=ADVANCED_FACE('',(#14423),#14417,.F.);
#14425=CARTESIAN_POINT('',(-1.62175E1,2.75E-1,-9.5E-1));
#14426=DIRECTION('',(9.810740282764E-1,0.E0,-1.936330318967E-1));
#14427=DIRECTION('',(0.E0,1.E0,0.E0));
#14428=AXIS2_PLACEMENT_3D('',#14425,#14426,#14427);
#14429=PLANE('',#14428);
#14431=ORIENTED_EDGE('',*,*,#14430,.F.);
#14432=ORIENTED_EDGE('',*,*,#7835,.T.);
#14434=ORIENTED_EDGE('',*,*,#14433,.F.);
#14436=ORIENTED_EDGE('',*,*,#14435,.T.);
#14438=ORIENTED_EDGE('',*,*,#14437,.T.);
#14439=EDGE_LOOP('',(#14431,#14432,#14434,#14436,#14438));
#14440=FACE_OUTER_BOUND('',#14439,.F.);
#14441=ADVANCED_FACE('',(#14440),#14429,.F.);
#14442=CARTESIAN_POINT('',(-1.953E1,2.25E0,0.E0));
#14443=DIRECTION('',(0.E0,-1.E0,0.E0));
#14444=DIRECTION('',(1.E0,0.E0,0.E0));
#14445=AXIS2_PLACEMENT_3D('',#14442,#14443,#14444);
#14446=PLANE('',#14445);
#14448=ORIENTED_EDGE('',*,*,#14447,.F.);
#14449=ORIENTED_EDGE('',*,*,#7837,.T.);
#14450=ORIENTED_EDGE('',*,*,#14430,.T.);
#14452=ORIENTED_EDGE('',*,*,#14451,.T.);
#14453=EDGE_LOOP('',(#14448,#14449,#14450,#14452));
#14454=FACE_OUTER_BOUND('',#14453,.F.);
#14455=ADVANCED_FACE('',(#14454),#14446,.T.);
#14456=CARTESIAN_POINT('',(-1.93425E1,2.75E-1,-9.5E-1));
#14457=DIRECTION('',(-9.810740282764E-1,0.E0,-1.936330318967E-1));
#14458=DIRECTION('',(0.E0,-1.E0,0.E0));
#14459=AXIS2_PLACEMENT_3D('',#14456,#14457,#14458);
#14460=PLANE('',#14459);
#14461=ORIENTED_EDGE('',*,*,#14447,.T.);
#14463=ORIENTED_EDGE('',*,*,#14462,.F.);
#14465=ORIENTED_EDGE('',*,*,#14464,.T.);
#14467=ORIENTED_EDGE('',*,*,#14466,.T.);
#14468=ORIENTED_EDGE('',*,*,#7839,.F.);
#14469=EDGE_LOOP('',(#14461,#14463,#14465,#14467,#14468));
#14470=FACE_OUTER_BOUND('',#14469,.F.);
#14471=ADVANCED_FACE('',(#14470),#14460,.F.);
#14472=CARTESIAN_POINT('',(-1.778E1,2.E0,-9.5E-1));
#14473=DIRECTION('',(0.E0,7.071067811865E-1,-7.071067811865E-1));
#14474=DIRECTION('',(-1.E0,0.E0,0.E0));
#14475=AXIS2_PLACEMENT_3D('',#14472,#14473,#14474);
#14476=PLANE('',#14475);
#14477=ORIENTED_EDGE('',*,*,#14451,.F.);
#14478=ORIENTED_EDGE('',*,*,#14437,.F.);
#14480=ORIENTED_EDGE('',*,*,#14479,.T.);
#14481=ORIENTED_EDGE('',*,*,#14462,.T.);
#14482=EDGE_LOOP('',(#14477,#14478,#14480,#14481));
#14483=FACE_OUTER_BOUND('',#14482,.F.);
#14484=ADVANCED_FACE('',(#14483),#14476,.F.);
#14485=CARTESIAN_POINT('',(0.E0,0.E0,-1.9E0));
#14486=DIRECTION('',(0.E0,0.E0,1.E0));
#14487=DIRECTION('',(1.E0,0.E0,0.E0));
#14488=AXIS2_PLACEMENT_3D('',#14485,#14486,#14487);
#14489=PLANE('',#14488);
#14490=ORIENTED_EDGE('',*,*,#14464,.F.);
#14491=ORIENTED_EDGE('',*,*,#14479,.F.);
#14492=ORIENTED_EDGE('',*,*,#14435,.F.);
#14494=ORIENTED_EDGE('',*,*,#14493,.F.);
#14495=EDGE_LOOP('',(#14490,#14491,#14492,#14494));
#14496=FACE_OUTER_BOUND('',#14495,.F.);
#14497=ADVANCED_FACE('',(#14496),#14489,.T.);
#14498=CARTESIAN_POINT('',(-1.778E1,-1.45E0,-9.5E-1));
#14499=DIRECTION('',(0.E0,-9.216353751381E-1,-3.880570000581E-1));
#14500=DIRECTION('',(1.E0,0.E0,0.E0));
#14501=AXIS2_PLACEMENT_3D('',#14498,#14499,#14500);
#14502=PLANE('',#14501);
#14503=ORIENTED_EDGE('',*,*,#7841,.F.);
#14504=ORIENTED_EDGE('',*,*,#14466,.F.);
#14505=ORIENTED_EDGE('',*,*,#14493,.T.);
#14506=ORIENTED_EDGE('',*,*,#14433,.T.);
#14507=EDGE_LOOP('',(#14503,#14504,#14505,#14506));
#14508=FACE_OUTER_BOUND('',#14507,.F.);
#14509=ADVANCED_FACE('',(#14508),#14502,.F.);
#14510=CARTESIAN_POINT('',(-1.11375E1,2.75E-1,-9.5E-1));
#14511=DIRECTION('',(9.810740282764E-1,0.E0,-1.936330318967E-1));
#14512=DIRECTION('',(0.E0,1.E0,0.E0));
#14513=AXIS2_PLACEMENT_3D('',#14510,#14511,#14512);
#14514=PLANE('',#14513);
#14516=ORIENTED_EDGE('',*,*,#14515,.F.);
#14517=ORIENTED_EDGE('',*,*,#7845,.T.);
#14519=ORIENTED_EDGE('',*,*,#14518,.F.);
#14521=ORIENTED_EDGE('',*,*,#14520,.T.);
#14523=ORIENTED_EDGE('',*,*,#14522,.T.);
#14524=EDGE_LOOP('',(#14516,#14517,#14519,#14521,#14523));
#14525=FACE_OUTER_BOUND('',#14524,.F.);
#14526=ADVANCED_FACE('',(#14525),#14514,.F.);
#14527=CARTESIAN_POINT('',(-1.445E1,2.25E0,0.E0));
#14528=DIRECTION('',(0.E0,-1.E0,0.E0));
#14529=DIRECTION('',(1.E0,0.E0,0.E0));
#14530=AXIS2_PLACEMENT_3D('',#14527,#14528,#14529);
#14531=PLANE('',#14530);
#14533=ORIENTED_EDGE('',*,*,#14532,.F.);
#14534=ORIENTED_EDGE('',*,*,#7847,.T.);
#14535=ORIENTED_EDGE('',*,*,#14515,.T.);
#14537=ORIENTED_EDGE('',*,*,#14536,.T.);
#14538=EDGE_LOOP('',(#14533,#14534,#14535,#14537));
#14539=FACE_OUTER_BOUND('',#14538,.F.);
#14540=ADVANCED_FACE('',(#14539),#14531,.T.);
#14541=CARTESIAN_POINT('',(-1.42625E1,2.75E-1,-9.5E-1));
#14542=DIRECTION('',(-9.810740282764E-1,0.E0,-1.936330318967E-1));
#14543=DIRECTION('',(0.E0,-1.E0,0.E0));
#14544=AXIS2_PLACEMENT_3D('',#14541,#14542,#14543);
#14545=PLANE('',#14544);
#14546=ORIENTED_EDGE('',*,*,#14532,.T.);
#14548=ORIENTED_EDGE('',*,*,#14547,.F.);
#14550=ORIENTED_EDGE('',*,*,#14549,.T.);
#14552=ORIENTED_EDGE('',*,*,#14551,.T.);
#14553=ORIENTED_EDGE('',*,*,#7849,.F.);
#14554=EDGE_LOOP('',(#14546,#14548,#14550,#14552,#14553));
#14555=FACE_OUTER_BOUND('',#14554,.F.);
#14556=ADVANCED_FACE('',(#14555),#14545,.F.);
#14557=CARTESIAN_POINT('',(-1.27E1,2.E0,-9.5E-1));
#14558=DIRECTION('',(0.E0,7.071067811865E-1,-7.071067811865E-1));
#14559=DIRECTION('',(-1.E0,0.E0,0.E0));
#14560=AXIS2_PLACEMENT_3D('',#14557,#14558,#14559);
#14561=PLANE('',#14560);
#14562=ORIENTED_EDGE('',*,*,#14536,.F.);
#14563=ORIENTED_EDGE('',*,*,#14522,.F.);
#14565=ORIENTED_EDGE('',*,*,#14564,.T.);
#14566=ORIENTED_EDGE('',*,*,#14547,.T.);
#14567=EDGE_LOOP('',(#14562,#14563,#14565,#14566));
#14568=FACE_OUTER_BOUND('',#14567,.F.);
#14569=ADVANCED_FACE('',(#14568),#14561,.F.);
#14570=CARTESIAN_POINT('',(0.E0,0.E0,-1.9E0));
#14571=DIRECTION('',(0.E0,0.E0,1.E0));
#14572=DIRECTION('',(1.E0,0.E0,0.E0));
#14573=AXIS2_PLACEMENT_3D('',#14570,#14571,#14572);
#14574=PLANE('',#14573);
#14575=ORIENTED_EDGE('',*,*,#14549,.F.);
#14576=ORIENTED_EDGE('',*,*,#14564,.F.);
#14577=ORIENTED_EDGE('',*,*,#14520,.F.);
#14579=ORIENTED_EDGE('',*,*,#14578,.F.);
#14580=EDGE_LOOP('',(#14575,#14576,#14577,#14579));
#14581=FACE_OUTER_BOUND('',#14580,.F.);
#14582=ADVANCED_FACE('',(#14581),#14574,.T.);
#14583=CARTESIAN_POINT('',(-1.27E1,-1.45E0,-9.5E-1));
#14584=DIRECTION('',(0.E0,-9.216353751381E-1,-3.880570000581E-1));
#14585=DIRECTION('',(1.E0,0.E0,0.E0));
#14586=AXIS2_PLACEMENT_3D('',#14583,#14584,#14585);
#14587=PLANE('',#14586);
#14588=ORIENTED_EDGE('',*,*,#7851,.F.);
#14589=ORIENTED_EDGE('',*,*,#14551,.F.);
#14590=ORIENTED_EDGE('',*,*,#14578,.T.);
#14591=ORIENTED_EDGE('',*,*,#14518,.T.);
#14592=EDGE_LOOP('',(#14588,#14589,#14590,#14591));
#14593=FACE_OUTER_BOUND('',#14592,.F.);
#14594=ADVANCED_FACE('',(#14593),#14587,.F.);
#14595=CARTESIAN_POINT('',(-6.0575E0,2.75E-1,-9.5E-1));
#14596=DIRECTION('',(9.810740282764E-1,0.E0,-1.936330318967E-1));
#14597=DIRECTION('',(0.E0,1.E0,0.E0));
#14598=AXIS2_PLACEMENT_3D('',#14595,#14596,#14597);
#14599=PLANE('',#14598);
#14601=ORIENTED_EDGE('',*,*,#14600,.F.);
#14602=ORIENTED_EDGE('',*,*,#7855,.T.);
#14604=ORIENTED_EDGE('',*,*,#14603,.F.);
#14606=ORIENTED_EDGE('',*,*,#14605,.T.);
#14608=ORIENTED_EDGE('',*,*,#14607,.T.);
#14609=EDGE_LOOP('',(#14601,#14602,#14604,#14606,#14608));
#14610=FACE_OUTER_BOUND('',#14609,.F.);
#14611=ADVANCED_FACE('',(#14610),#14599,.F.);
#14612=CARTESIAN_POINT('',(-9.37E0,2.25E0,0.E0));
#14613=DIRECTION('',(0.E0,-1.E0,0.E0));
#14614=DIRECTION('',(1.E0,0.E0,0.E0));
#14615=AXIS2_PLACEMENT_3D('',#14612,#14613,#14614);
#14616=PLANE('',#14615);
#14618=ORIENTED_EDGE('',*,*,#14617,.F.);
#14619=ORIENTED_EDGE('',*,*,#7857,.T.);
#14620=ORIENTED_EDGE('',*,*,#14600,.T.);
#14622=ORIENTED_EDGE('',*,*,#14621,.T.);
#14623=EDGE_LOOP('',(#14618,#14619,#14620,#14622));
#14624=FACE_OUTER_BOUND('',#14623,.F.);
#14625=ADVANCED_FACE('',(#14624),#14616,.T.);
#14626=CARTESIAN_POINT('',(-9.1825E0,2.75E-1,-9.5E-1));
#14627=DIRECTION('',(-9.810740282764E-1,0.E0,-1.936330318967E-1));
#14628=DIRECTION('',(0.E0,-1.E0,0.E0));
#14629=AXIS2_PLACEMENT_3D('',#14626,#14627,#14628);
#14630=PLANE('',#14629);
#14631=ORIENTED_EDGE('',*,*,#14617,.T.);
#14633=ORIENTED_EDGE('',*,*,#14632,.F.);
#14635=ORIENTED_EDGE('',*,*,#14634,.T.);
#14637=ORIENTED_EDGE('',*,*,#14636,.T.);
#14638=ORIENTED_EDGE('',*,*,#7859,.F.);
#14639=EDGE_LOOP('',(#14631,#14633,#14635,#14637,#14638));
#14640=FACE_OUTER_BOUND('',#14639,.F.);
#14641=ADVANCED_FACE('',(#14640),#14630,.F.);
#14642=CARTESIAN_POINT('',(-7.62E0,2.E0,-9.5E-1));
#14643=DIRECTION('',(0.E0,7.071067811865E-1,-7.071067811865E-1));
#14644=DIRECTION('',(-1.E0,0.E0,0.E0));
#14645=AXIS2_PLACEMENT_3D('',#14642,#14643,#14644);
#14646=PLANE('',#14645);
#14647=ORIENTED_EDGE('',*,*,#14621,.F.);
#14648=ORIENTED_EDGE('',*,*,#14607,.F.);
#14650=ORIENTED_EDGE('',*,*,#14649,.T.);
#14651=ORIENTED_EDGE('',*,*,#14632,.T.);
#14652=EDGE_LOOP('',(#14647,#14648,#14650,#14651));
#14653=FACE_OUTER_BOUND('',#14652,.F.);
#14654=ADVANCED_FACE('',(#14653),#14646,.F.);
#14655=CARTESIAN_POINT('',(0.E0,0.E0,-1.9E0));
#14656=DIRECTION('',(0.E0,0.E0,1.E0));
#14657=DIRECTION('',(1.E0,0.E0,0.E0));
#14658=AXIS2_PLACEMENT_3D('',#14655,#14656,#14657);
#14659=PLANE('',#14658);
#14660=ORIENTED_EDGE('',*,*,#14634,.F.);
#14661=ORIENTED_EDGE('',*,*,#14649,.F.);
#14662=ORIENTED_EDGE('',*,*,#14605,.F.);
#14664=ORIENTED_EDGE('',*,*,#14663,.F.);
#14665=EDGE_LOOP('',(#14660,#14661,#14662,#14664));
#14666=FACE_OUTER_BOUND('',#14665,.F.);
#14667=ADVANCED_FACE('',(#14666),#14659,.T.);
#14668=CARTESIAN_POINT('',(-7.62E0,-1.45E0,-9.5E-1));
#14669=DIRECTION('',(0.E0,-9.216353751381E-1,-3.880570000581E-1));
#14670=DIRECTION('',(1.E0,0.E0,0.E0));
#14671=AXIS2_PLACEMENT_3D('',#14668,#14669,#14670);
#14672=PLANE('',#14671);
#14673=ORIENTED_EDGE('',*,*,#7861,.F.);
#14674=ORIENTED_EDGE('',*,*,#14636,.F.);
#14675=ORIENTED_EDGE('',*,*,#14663,.T.);
#14676=ORIENTED_EDGE('',*,*,#14603,.T.);
#14677=EDGE_LOOP('',(#14673,#14674,#14675,#14676));
#14678=FACE_OUTER_BOUND('',#14677,.F.);
#14679=ADVANCED_FACE('',(#14678),#14672,.F.);
#14680=CARTESIAN_POINT('',(-9.775E-1,2.75E-1,-9.5E-1));
#14681=DIRECTION('',(9.810740282764E-1,0.E0,-1.936330318967E-1));
#14682=DIRECTION('',(0.E0,1.E0,0.E0));
#14683=AXIS2_PLACEMENT_3D('',#14680,#14681,#14682);
#14684=PLANE('',#14683);
#14686=ORIENTED_EDGE('',*,*,#14685,.F.);
#14687=ORIENTED_EDGE('',*,*,#7865,.T.);
#14689=ORIENTED_EDGE('',*,*,#14688,.F.);
#14691=ORIENTED_EDGE('',*,*,#14690,.T.);
#14693=ORIENTED_EDGE('',*,*,#14692,.T.);
#14694=EDGE_LOOP('',(#14686,#14687,#14689,#14691,#14693));
#14695=FACE_OUTER_BOUND('',#14694,.F.);
#14696=ADVANCED_FACE('',(#14695),#14684,.F.);
#14697=CARTESIAN_POINT('',(-4.29E0,2.25E0,0.E0));
#14698=DIRECTION('',(0.E0,-1.E0,0.E0));
#14699=DIRECTION('',(1.E0,0.E0,0.E0));
#14700=AXIS2_PLACEMENT_3D('',#14697,#14698,#14699);
#14701=PLANE('',#14700);
#14703=ORIENTED_EDGE('',*,*,#14702,.F.);
#14704=ORIENTED_EDGE('',*,*,#7867,.T.);
#14705=ORIENTED_EDGE('',*,*,#14685,.T.);
#14707=ORIENTED_EDGE('',*,*,#14706,.T.);
#14708=EDGE_LOOP('',(#14703,#14704,#14705,#14707));
#14709=FACE_OUTER_BOUND('',#14708,.F.);
#14710=ADVANCED_FACE('',(#14709),#14701,.T.);
#14711=CARTESIAN_POINT('',(-4.1025E0,2.75E-1,-9.5E-1));
#14712=DIRECTION('',(-9.810740282764E-1,0.E0,-1.936330318967E-1));
#14713=DIRECTION('',(0.E0,-1.E0,0.E0));
#14714=AXIS2_PLACEMENT_3D('',#14711,#14712,#14713);
#14715=PLANE('',#14714);
#14716=ORIENTED_EDGE('',*,*,#14702,.T.);
#14718=ORIENTED_EDGE('',*,*,#14717,.F.);
#14720=ORIENTED_EDGE('',*,*,#14719,.T.);
#14722=ORIENTED_EDGE('',*,*,#14721,.T.);
#14723=ORIENTED_EDGE('',*,*,#7869,.F.);
#14724=EDGE_LOOP('',(#14716,#14718,#14720,#14722,#14723));
#14725=FACE_OUTER_BOUND('',#14724,.F.);
#14726=ADVANCED_FACE('',(#14725),#14715,.F.);
#14727=CARTESIAN_POINT('',(-2.54E0,2.E0,-9.5E-1));
#14728=DIRECTION('',(0.E0,7.071067811865E-1,-7.071067811865E-1));
#14729=DIRECTION('',(-1.E0,0.E0,0.E0));
#14730=AXIS2_PLACEMENT_3D('',#14727,#14728,#14729);
#14731=PLANE('',#14730);
#14732=ORIENTED_EDGE('',*,*,#14706,.F.);
#14733=ORIENTED_EDGE('',*,*,#14692,.F.);
#14735=ORIENTED_EDGE('',*,*,#14734,.T.);
#14736=ORIENTED_EDGE('',*,*,#14717,.T.);
#14737=EDGE_LOOP('',(#14732,#14733,#14735,#14736));
#14738=FACE_OUTER_BOUND('',#14737,.F.);
#14739=ADVANCED_FACE('',(#14738),#14731,.F.);
#14740=CARTESIAN_POINT('',(0.E0,0.E0,-1.9E0));
#14741=DIRECTION('',(0.E0,0.E0,1.E0));
#14742=DIRECTION('',(1.E0,0.E0,0.E0));
#14743=AXIS2_PLACEMENT_3D('',#14740,#14741,#14742);
#14744=PLANE('',#14743);
#14745=ORIENTED_EDGE('',*,*,#14719,.F.);
#14746=ORIENTED_EDGE('',*,*,#14734,.F.);
#14747=ORIENTED_EDGE('',*,*,#14690,.F.);
#14749=ORIENTED_EDGE('',*,*,#14748,.F.);
#14750=EDGE_LOOP('',(#14745,#14746,#14747,#14749));
#14751=FACE_OUTER_BOUND('',#14750,.F.);
#14752=ADVANCED_FACE('',(#14751),#14744,.T.);
#14753=CARTESIAN_POINT('',(-2.54E0,-1.45E0,-9.5E-1));
#14754=DIRECTION('',(0.E0,-9.216353751381E-1,-3.880570000581E-1));
#14755=DIRECTION('',(1.E0,0.E0,0.E0));
#14756=AXIS2_PLACEMENT_3D('',#14753,#14754,#14755);
#14757=PLANE('',#14756);
#14758=ORIENTED_EDGE('',*,*,#7871,.F.);
#14759=ORIENTED_EDGE('',*,*,#14721,.F.);
#14760=ORIENTED_EDGE('',*,*,#14748,.T.);
#14761=ORIENTED_EDGE('',*,*,#14688,.T.);
#14762=EDGE_LOOP('',(#14758,#14759,#14760,#14761));
#14763=FACE_OUTER_BOUND('',#14762,.F.);
#14764=ADVANCED_FACE('',(#14763),#14757,.F.);
#14765=CARTESIAN_POINT('',(4.1025E0,2.75E-1,-9.5E-1));
#14766=DIRECTION('',(9.810740282764E-1,0.E0,-1.936330318967E-1));
#14767=DIRECTION('',(0.E0,1.E0,0.E0));
#14768=AXIS2_PLACEMENT_3D('',#14765,#14766,#14767);
#14769=PLANE('',#14768);
#14771=ORIENTED_EDGE('',*,*,#14770,.F.);
#14772=ORIENTED_EDGE('',*,*,#7875,.T.);
#14774=ORIENTED_EDGE('',*,*,#14773,.F.);
#14776=ORIENTED_EDGE('',*,*,#14775,.T.);
#14778=ORIENTED_EDGE('',*,*,#14777,.T.);
#14779=EDGE_LOOP('',(#14771,#14772,#14774,#14776,#14778));
#14780=FACE_OUTER_BOUND('',#14779,.F.);
#14781=ADVANCED_FACE('',(#14780),#14769,.F.);
#14782=CARTESIAN_POINT('',(7.9E-1,2.25E0,0.E0));
#14783=DIRECTION('',(0.E0,-1.E0,0.E0));
#14784=DIRECTION('',(1.E0,0.E0,0.E0));
#14785=AXIS2_PLACEMENT_3D('',#14782,#14783,#14784);
#14786=PLANE('',#14785);
#14788=ORIENTED_EDGE('',*,*,#14787,.F.);
#14789=ORIENTED_EDGE('',*,*,#7877,.T.);
#14790=ORIENTED_EDGE('',*,*,#14770,.T.);
#14792=ORIENTED_EDGE('',*,*,#14791,.T.);
#14793=EDGE_LOOP('',(#14788,#14789,#14790,#14792));
#14794=FACE_OUTER_BOUND('',#14793,.F.);
#14795=ADVANCED_FACE('',(#14794),#14786,.T.);
#14796=CARTESIAN_POINT('',(9.775E-1,2.75E-1,-9.5E-1));
#14797=DIRECTION('',(-9.810740282764E-1,0.E0,-1.936330318967E-1));
#14798=DIRECTION('',(0.E0,-1.E0,0.E0));
#14799=AXIS2_PLACEMENT_3D('',#14796,#14797,#14798);
#14800=PLANE('',#14799);
#14801=ORIENTED_EDGE('',*,*,#14787,.T.);
#14803=ORIENTED_EDGE('',*,*,#14802,.F.);
#14805=ORIENTED_EDGE('',*,*,#14804,.T.);
#14807=ORIENTED_EDGE('',*,*,#14806,.T.);
#14808=ORIENTED_EDGE('',*,*,#7879,.F.);
#14809=EDGE_LOOP('',(#14801,#14803,#14805,#14807,#14808));
#14810=FACE_OUTER_BOUND('',#14809,.F.);
#14811=ADVANCED_FACE('',(#14810),#14800,.F.);
#14812=CARTESIAN_POINT('',(2.54E0,2.E0,-9.5E-1));
#14813=DIRECTION('',(0.E0,7.071067811865E-1,-7.071067811865E-1));
#14814=DIRECTION('',(-1.E0,0.E0,0.E0));
#14815=AXIS2_PLACEMENT_3D('',#14812,#14813,#14814);
#14816=PLANE('',#14815);
#14817=ORIENTED_EDGE('',*,*,#14791,.F.);
#14818=ORIENTED_EDGE('',*,*,#14777,.F.);
#14820=ORIENTED_EDGE('',*,*,#14819,.T.);
#14821=ORIENTED_EDGE('',*,*,#14802,.T.);
#14822=EDGE_LOOP('',(#14817,#14818,#14820,#14821));
#14823=FACE_OUTER_BOUND('',#14822,.F.);
#14824=ADVANCED_FACE('',(#14823),#14816,.F.);
#14825=CARTESIAN_POINT('',(0.E0,0.E0,-1.9E0));
#14826=DIRECTION('',(0.E0,0.E0,1.E0));
#14827=DIRECTION('',(1.E0,0.E0,0.E0));
#14828=AXIS2_PLACEMENT_3D('',#14825,#14826,#14827);
#14829=PLANE('',#14828);
#14830=ORIENTED_EDGE('',*,*,#14804,.F.);
#14831=ORIENTED_EDGE('',*,*,#14819,.F.);
#14832=ORIENTED_EDGE('',*,*,#14775,.F.);
#14834=ORIENTED_EDGE('',*,*,#14833,.F.);
#14835=EDGE_LOOP('',(#14830,#14831,#14832,#14834));
#14836=FACE_OUTER_BOUND('',#14835,.F.);
#14837=ADVANCED_FACE('',(#14836),#14829,.T.);
#14838=CARTESIAN_POINT('',(2.54E0,-1.45E0,-9.5E-1));
#14839=DIRECTION('',(0.E0,-9.216353751381E-1,-3.880570000581E-1));
#14840=DIRECTION('',(1.E0,0.E0,0.E0));
#14841=AXIS2_PLACEMENT_3D('',#14838,#14839,#14840);
#14842=PLANE('',#14841);
#14843=ORIENTED_EDGE('',*,*,#7881,.F.);
#14844=ORIENTED_EDGE('',*,*,#14806,.F.);
#14845=ORIENTED_EDGE('',*,*,#14833,.T.);
#14846=ORIENTED_EDGE('',*,*,#14773,.T.);
#14847=EDGE_LOOP('',(#14843,#14844,#14845,#14846));
#14848=FACE_OUTER_BOUND('',#14847,.F.);
#14849=ADVANCED_FACE('',(#14848),#14842,.F.);
#14850=CARTESIAN_POINT('',(9.1825E0,2.75E-1,-9.5E-1));
#14851=DIRECTION('',(9.810740282764E-1,0.E0,-1.936330318967E-1));
#14852=DIRECTION('',(0.E0,1.E0,0.E0));
#14853=AXIS2_PLACEMENT_3D('',#14850,#14851,#14852);
#14854=PLANE('',#14853);
#14856=ORIENTED_EDGE('',*,*,#14855,.F.);
#14857=ORIENTED_EDGE('',*,*,#7885,.T.);
#14859=ORIENTED_EDGE('',*,*,#14858,.F.);
#14861=ORIENTED_EDGE('',*,*,#14860,.T.);
#14863=ORIENTED_EDGE('',*,*,#14862,.T.);
#14864=EDGE_LOOP('',(#14856,#14857,#14859,#14861,#14863));
#14865=FACE_OUTER_BOUND('',#14864,.F.);
#14866=ADVANCED_FACE('',(#14865),#14854,.F.);
#14867=CARTESIAN_POINT('',(5.87E0,2.25E0,0.E0));
#14868=DIRECTION('',(0.E0,-1.E0,0.E0));
#14869=DIRECTION('',(1.E0,0.E0,0.E0));
#14870=AXIS2_PLACEMENT_3D('',#14867,#14868,#14869);
#14871=PLANE('',#14870);
#14873=ORIENTED_EDGE('',*,*,#14872,.F.);
#14874=ORIENTED_EDGE('',*,*,#7887,.T.);
#14875=ORIENTED_EDGE('',*,*,#14855,.T.);
#14877=ORIENTED_EDGE('',*,*,#14876,.T.);
#14878=EDGE_LOOP('',(#14873,#14874,#14875,#14877));
#14879=FACE_OUTER_BOUND('',#14878,.F.);
#14880=ADVANCED_FACE('',(#14879),#14871,.T.);
#14881=CARTESIAN_POINT('',(6.0575E0,2.75E-1,-9.5E-1));
#14882=DIRECTION('',(-9.810740282764E-1,0.E0,-1.936330318967E-1));
#14883=DIRECTION('',(0.E0,-1.E0,0.E0));
#14884=AXIS2_PLACEMENT_3D('',#14881,#14882,#14883);
#14885=PLANE('',#14884);
#14886=ORIENTED_EDGE('',*,*,#14872,.T.);
#14888=ORIENTED_EDGE('',*,*,#14887,.F.);
#14890=ORIENTED_EDGE('',*,*,#14889,.T.);
#14892=ORIENTED_EDGE('',*,*,#14891,.T.);
#14893=ORIENTED_EDGE('',*,*,#7889,.F.);
#14894=EDGE_LOOP('',(#14886,#14888,#14890,#14892,#14893));
#14895=FACE_OUTER_BOUND('',#14894,.F.);
#14896=ADVANCED_FACE('',(#14895),#14885,.F.);
#14897=CARTESIAN_POINT('',(7.62E0,2.E0,-9.5E-1));
#14898=DIRECTION('',(0.E0,7.071067811865E-1,-7.071067811865E-1));
#14899=DIRECTION('',(-1.E0,0.E0,0.E0));
#14900=AXIS2_PLACEMENT_3D('',#14897,#14898,#14899);
#14901=PLANE('',#14900);
#14902=ORIENTED_EDGE('',*,*,#14876,.F.);
#14903=ORIENTED_EDGE('',*,*,#14862,.F.);
#14905=ORIENTED_EDGE('',*,*,#14904,.T.);
#14906=ORIENTED_EDGE('',*,*,#14887,.T.);
#14907=EDGE_LOOP('',(#14902,#14903,#14905,#14906));
#14908=FACE_OUTER_BOUND('',#14907,.F.);
#14909=ADVANCED_FACE('',(#14908),#14901,.F.);
#14910=CARTESIAN_POINT('',(0.E0,0.E0,-1.9E0));
#14911=DIRECTION('',(0.E0,0.E0,1.E0));
#14912=DIRECTION('',(1.E0,0.E0,0.E0));
#14913=AXIS2_PLACEMENT_3D('',#14910,#14911,#14912);
#14914=PLANE('',#14913);
#14915=ORIENTED_EDGE('',*,*,#14889,.F.);
#14916=ORIENTED_EDGE('',*,*,#14904,.F.);
#14917=ORIENTED_EDGE('',*,*,#14860,.F.);
#14919=ORIENTED_EDGE('',*,*,#14918,.F.);
#14920=EDGE_LOOP('',(#14915,#14916,#14917,#14919));
#14921=FACE_OUTER_BOUND('',#14920,.F.);
#14922=ADVANCED_FACE('',(#14921),#14914,.T.);
#14923=CARTESIAN_POINT('',(7.62E0,-1.45E0,-9.5E-1));
#14924=DIRECTION('',(0.E0,-9.216353751381E-1,-3.880570000581E-1));
#14925=DIRECTION('',(1.E0,0.E0,0.E0));
#14926=AXIS2_PLACEMENT_3D('',#14923,#14924,#14925);
#14927=PLANE('',#14926);
#14928=ORIENTED_EDGE('',*,*,#7891,.F.);
#14929=ORIENTED_EDGE('',*,*,#14891,.F.);
#14930=ORIENTED_EDGE('',*,*,#14918,.T.);
#14931=ORIENTED_EDGE('',*,*,#14858,.T.);
#14932=EDGE_LOOP('',(#14928,#14929,#14930,#14931));
#14933=FACE_OUTER_BOUND('',#14932,.F.);
#14934=ADVANCED_FACE('',(#14933),#14927,.F.);
#14935=CARTESIAN_POINT('',(1.42625E1,2.75E-1,-9.5E-1));
#14936=DIRECTION('',(9.810740282764E-1,0.E0,-1.936330318967E-1));
#14937=DIRECTION('',(0.E0,1.E0,0.E0));
#14938=AXIS2_PLACEMENT_3D('',#14935,#14936,#14937);
#14939=PLANE('',#14938);
#14941=ORIENTED_EDGE('',*,*,#14940,.F.);
#14942=ORIENTED_EDGE('',*,*,#7895,.T.);
#14944=ORIENTED_EDGE('',*,*,#14943,.F.);
#14946=ORIENTED_EDGE('',*,*,#14945,.T.);
#14948=ORIENTED_EDGE('',*,*,#14947,.T.);
#14949=EDGE_LOOP('',(#14941,#14942,#14944,#14946,#14948));
#14950=FACE_OUTER_BOUND('',#14949,.F.);
#14951=ADVANCED_FACE('',(#14950),#14939,.F.);
#14952=CARTESIAN_POINT('',(1.095E1,2.25E0,0.E0));
#14953=DIRECTION('',(0.E0,-1.E0,0.E0));
#14954=DIRECTION('',(1.E0,0.E0,0.E0));
#14955=AXIS2_PLACEMENT_3D('',#14952,#14953,#14954);
#14956=PLANE('',#14955);
#14958=ORIENTED_EDGE('',*,*,#14957,.F.);
#14959=ORIENTED_EDGE('',*,*,#7897,.T.);
#14960=ORIENTED_EDGE('',*,*,#14940,.T.);
#14962=ORIENTED_EDGE('',*,*,#14961,.T.);
#14963=EDGE_LOOP('',(#14958,#14959,#14960,#14962));
#14964=FACE_OUTER_BOUND('',#14963,.F.);
#14965=ADVANCED_FACE('',(#14964),#14956,.T.);
#14966=CARTESIAN_POINT('',(1.11375E1,2.75E-1,-9.5E-1));
#14967=DIRECTION('',(-9.810740282764E-1,0.E0,-1.936330318967E-1));
#14968=DIRECTION('',(0.E0,-1.E0,0.E0));
#14969=AXIS2_PLACEMENT_3D('',#14966,#14967,#14968);
#14970=PLANE('',#14969);
#14971=ORIENTED_EDGE('',*,*,#14957,.T.);
#14973=ORIENTED_EDGE('',*,*,#14972,.F.);
#14975=ORIENTED_EDGE('',*,*,#14974,.T.);
#14977=ORIENTED_EDGE('',*,*,#14976,.T.);
#14978=ORIENTED_EDGE('',*,*,#7899,.F.);
#14979=EDGE_LOOP('',(#14971,#14973,#14975,#14977,#14978));
#14980=FACE_OUTER_BOUND('',#14979,.F.);
#14981=ADVANCED_FACE('',(#14980),#14970,.F.);
#14982=CARTESIAN_POINT('',(1.27E1,2.E0,-9.5E-1));
#14983=DIRECTION('',(0.E0,7.071067811865E-1,-7.071067811865E-1));
#14984=DIRECTION('',(-1.E0,0.E0,0.E0));
#14985=AXIS2_PLACEMENT_3D('',#14982,#14983,#14984);
#14986=PLANE('',#14985);
#14987=ORIENTED_EDGE('',*,*,#14961,.F.);
#14988=ORIENTED_EDGE('',*,*,#14947,.F.);
#14990=ORIENTED_EDGE('',*,*,#14989,.T.);
#14991=ORIENTED_EDGE('',*,*,#14972,.T.);
#14992=EDGE_LOOP('',(#14987,#14988,#14990,#14991));
#14993=FACE_OUTER_BOUND('',#14992,.F.);
#14994=ADVANCED_FACE('',(#14993),#14986,.F.);
#14995=CARTESIAN_POINT('',(0.E0,0.E0,-1.9E0));
#14996=DIRECTION('',(0.E0,0.E0,1.E0));
#14997=DIRECTION('',(1.E0,0.E0,0.E0));
#14998=AXIS2_PLACEMENT_3D('',#14995,#14996,#14997);
#14999=PLANE('',#14998);
#15000=ORIENTED_EDGE('',*,*,#14974,.F.);
#15001=ORIENTED_EDGE('',*,*,#14989,.F.);
#15002=ORIENTED_EDGE('',*,*,#14945,.F.);
#15004=ORIENTED_EDGE('',*,*,#15003,.F.);
#15005=EDGE_LOOP('',(#15000,#15001,#15002,#15004));
#15006=FACE_OUTER_BOUND('',#15005,.F.);
#15007=ADVANCED_FACE('',(#15006),#14999,.T.);
#15008=CARTESIAN_POINT('',(1.27E1,-1.45E0,-9.5E-1));
#15009=DIRECTION('',(0.E0,-9.216353751381E-1,-3.880570000581E-1));
#15010=DIRECTION('',(1.E0,0.E0,0.E0));
#15011=AXIS2_PLACEMENT_3D('',#15008,#15009,#15010);
#15012=PLANE('',#15011);
#15013=ORIENTED_EDGE('',*,*,#7901,.F.);
#15014=ORIENTED_EDGE('',*,*,#14976,.F.);
#15015=ORIENTED_EDGE('',*,*,#15003,.T.);
#15016=ORIENTED_EDGE('',*,*,#14943,.T.);
#15017=EDGE_LOOP('',(#15013,#15014,#15015,#15016));
#15018=FACE_OUTER_BOUND('',#15017,.F.);
#15019=ADVANCED_FACE('',(#15018),#15012,.F.);
#15020=CARTESIAN_POINT('',(1.93425E1,2.75E-1,-9.5E-1));
#15021=DIRECTION('',(9.810740282764E-1,0.E0,-1.936330318967E-1));
#15022=DIRECTION('',(0.E0,1.E0,0.E0));
#15023=AXIS2_PLACEMENT_3D('',#15020,#15021,#15022);
#15024=PLANE('',#15023);
#15026=ORIENTED_EDGE('',*,*,#15025,.F.);
#15027=ORIENTED_EDGE('',*,*,#7905,.T.);
#15029=ORIENTED_EDGE('',*,*,#15028,.F.);
#15031=ORIENTED_EDGE('',*,*,#15030,.T.);
#15033=ORIENTED_EDGE('',*,*,#15032,.T.);
#15034=EDGE_LOOP('',(#15026,#15027,#15029,#15031,#15033));
#15035=FACE_OUTER_BOUND('',#15034,.F.);
#15036=ADVANCED_FACE('',(#15035),#15024,.F.);
#15037=CARTESIAN_POINT('',(1.603E1,2.25E0,0.E0));
#15038=DIRECTION('',(0.E0,-1.E0,0.E0));
#15039=DIRECTION('',(1.E0,0.E0,0.E0));
#15040=AXIS2_PLACEMENT_3D('',#15037,#15038,#15039);
#15041=PLANE('',#15040);
#15043=ORIENTED_EDGE('',*,*,#15042,.F.);
#15044=ORIENTED_EDGE('',*,*,#7907,.T.);
#15045=ORIENTED_EDGE('',*,*,#15025,.T.);
#15047=ORIENTED_EDGE('',*,*,#15046,.T.);
#15048=EDGE_LOOP('',(#15043,#15044,#15045,#15047));
#15049=FACE_OUTER_BOUND('',#15048,.F.);
#15050=ADVANCED_FACE('',(#15049),#15041,.T.);
#15051=CARTESIAN_POINT('',(1.62175E1,2.75E-1,-9.5E-1));
#15052=DIRECTION('',(-9.810740282764E-1,0.E0,-1.936330318967E-1));
#15053=DIRECTION('',(0.E0,-1.E0,0.E0));
#15054=AXIS2_PLACEMENT_3D('',#15051,#15052,#15053);
#15055=PLANE('',#15054);
#15056=ORIENTED_EDGE('',*,*,#15042,.T.);
#15058=ORIENTED_EDGE('',*,*,#15057,.F.);
#15060=ORIENTED_EDGE('',*,*,#15059,.T.);
#15062=ORIENTED_EDGE('',*,*,#15061,.T.);
#15063=ORIENTED_EDGE('',*,*,#7909,.F.);
#15064=EDGE_LOOP('',(#15056,#15058,#15060,#15062,#15063));
#15065=FACE_OUTER_BOUND('',#15064,.F.);
#15066=ADVANCED_FACE('',(#15065),#15055,.F.);
#15067=CARTESIAN_POINT('',(1.778E1,2.E0,-9.5E-1));
#15068=DIRECTION('',(0.E0,7.071067811865E-1,-7.071067811865E-1));
#15069=DIRECTION('',(-1.E0,0.E0,0.E0));
#15070=AXIS2_PLACEMENT_3D('',#15067,#15068,#15069);
#15071=PLANE('',#15070);
#15072=ORIENTED_EDGE('',*,*,#15046,.F.);
#15073=ORIENTED_EDGE('',*,*,#15032,.F.);
#15075=ORIENTED_EDGE('',*,*,#15074,.T.);
#15076=ORIENTED_EDGE('',*,*,#15057,.T.);
#15077=EDGE_LOOP('',(#15072,#15073,#15075,#15076));
#15078=FACE_OUTER_BOUND('',#15077,.F.);
#15079=ADVANCED_FACE('',(#15078),#15071,.F.);
#15080=CARTESIAN_POINT('',(0.E0,0.E0,-1.9E0));
#15081=DIRECTION('',(0.E0,0.E0,1.E0));
#15082=DIRECTION('',(1.E0,0.E0,0.E0));
#15083=AXIS2_PLACEMENT_3D('',#15080,#15081,#15082);
#15084=PLANE('',#15083);
#15085=ORIENTED_EDGE('',*,*,#15059,.F.);
#15086=ORIENTED_EDGE('',*,*,#15074,.F.);
#15087=ORIENTED_EDGE('',*,*,#15030,.F.);
#15089=ORIENTED_EDGE('',*,*,#15088,.F.);
#15090=EDGE_LOOP('',(#15085,#15086,#15087,#15089));
#15091=FACE_OUTER_BOUND('',#15090,.F.);
#15092=ADVANCED_FACE('',(#15091),#15084,.T.);
#15093=CARTESIAN_POINT('',(1.778E1,-1.45E0,-9.5E-1));
#15094=DIRECTION('',(0.E0,-9.216353751381E-1,-3.880570000581E-1));
#15095=DIRECTION('',(1.E0,0.E0,0.E0));
#15096=AXIS2_PLACEMENT_3D('',#15093,#15094,#15095);
#15097=PLANE('',#15096);
#15098=ORIENTED_EDGE('',*,*,#7911,.F.);
#15099=ORIENTED_EDGE('',*,*,#15061,.F.);
#15100=ORIENTED_EDGE('',*,*,#15088,.T.);
#15101=ORIENTED_EDGE('',*,*,#15028,.T.);
#15102=EDGE_LOOP('',(#15098,#15099,#15100,#15101));
#15103=FACE_OUTER_BOUND('',#15102,.F.);
#15104=ADVANCED_FACE('',(#15103),#15097,.F.);
#15105=CARTESIAN_POINT('',(2.44225E1,2.75E-1,-9.5E-1));
#15106=DIRECTION('',(9.810740282764E-1,0.E0,-1.936330318967E-1));
#15107=DIRECTION('',(0.E0,1.E0,0.E0));
#15108=AXIS2_PLACEMENT_3D('',#15105,#15106,#15107);
#15109=PLANE('',#15108);
#15111=ORIENTED_EDGE('',*,*,#15110,.F.);
#15112=ORIENTED_EDGE('',*,*,#7915,.T.);
#15114=ORIENTED_EDGE('',*,*,#15113,.F.);
#15116=ORIENTED_EDGE('',*,*,#15115,.T.);
#15118=ORIENTED_EDGE('',*,*,#15117,.T.);
#15119=EDGE_LOOP('',(#15111,#15112,#15114,#15116,#15118));
#15120=FACE_OUTER_BOUND('',#15119,.F.);
#15121=ADVANCED_FACE('',(#15120),#15109,.F.);
#15122=CARTESIAN_POINT('',(2.111E1,2.25E0,0.E0));
#15123=DIRECTION('',(0.E0,-1.E0,0.E0));
#15124=DIRECTION('',(1.E0,0.E0,0.E0));
#15125=AXIS2_PLACEMENT_3D('',#15122,#15123,#15124);
#15126=PLANE('',#15125);
#15128=ORIENTED_EDGE('',*,*,#15127,.F.);
#15129=ORIENTED_EDGE('',*,*,#7917,.T.);
#15130=ORIENTED_EDGE('',*,*,#15110,.T.);
#15132=ORIENTED_EDGE('',*,*,#15131,.T.);
#15133=EDGE_LOOP('',(#15128,#15129,#15130,#15132));
#15134=FACE_OUTER_BOUND('',#15133,.F.);
#15135=ADVANCED_FACE('',(#15134),#15126,.T.);
#15136=CARTESIAN_POINT('',(2.12975E1,2.75E-1,-9.5E-1));
#15137=DIRECTION('',(-9.810740282764E-1,0.E0,-1.936330318967E-1));
#15138=DIRECTION('',(0.E0,-1.E0,0.E0));
#15139=AXIS2_PLACEMENT_3D('',#15136,#15137,#15138);
#15140=PLANE('',#15139);
#15141=ORIENTED_EDGE('',*,*,#15127,.T.);
#15143=ORIENTED_EDGE('',*,*,#15142,.F.);
#15145=ORIENTED_EDGE('',*,*,#15144,.T.);
#15147=ORIENTED_EDGE('',*,*,#15146,.T.);
#15148=ORIENTED_EDGE('',*,*,#7919,.F.);
#15149=EDGE_LOOP('',(#15141,#15143,#15145,#15147,#15148));
#15150=FACE_OUTER_BOUND('',#15149,.F.);
#15151=ADVANCED_FACE('',(#15150),#15140,.F.);
#15152=CARTESIAN_POINT('',(2.286E1,2.E0,-9.5E-1));
#15153=DIRECTION('',(0.E0,7.071067811865E-1,-7.071067811865E-1));
#15154=DIRECTION('',(-1.E0,0.E0,0.E0));
#15155=AXIS2_PLACEMENT_3D('',#15152,#15153,#15154);
#15156=PLANE('',#15155);
#15157=ORIENTED_EDGE('',*,*,#15131,.F.);
#15158=ORIENTED_EDGE('',*,*,#15117,.F.);
#15160=ORIENTED_EDGE('',*,*,#15159,.T.);
#15161=ORIENTED_EDGE('',*,*,#15142,.T.);
#15162=EDGE_LOOP('',(#15157,#15158,#15160,#15161));
#15163=FACE_OUTER_BOUND('',#15162,.F.);
#15164=ADVANCED_FACE('',(#15163),#15156,.F.);
#15165=CARTESIAN_POINT('',(0.E0,0.E0,-1.9E0));
#15166=DIRECTION('',(0.E0,0.E0,1.E0));
#15167=DIRECTION('',(1.E0,0.E0,0.E0));
#15168=AXIS2_PLACEMENT_3D('',#15165,#15166,#15167);
#15169=PLANE('',#15168);
#15170=ORIENTED_EDGE('',*,*,#15144,.F.);
#15171=ORIENTED_EDGE('',*,*,#15159,.F.);
#15172=ORIENTED_EDGE('',*,*,#15115,.F.);
#15174=ORIENTED_EDGE('',*,*,#15173,.F.);
#15175=EDGE_LOOP('',(#15170,#15171,#15172,#15174));
#15176=FACE_OUTER_BOUND('',#15175,.F.);
#15177=ADVANCED_FACE('',(#15176),#15169,.T.);
#15178=CARTESIAN_POINT('',(2.286E1,-1.45E0,-9.5E-1));
#15179=DIRECTION('',(0.E0,-9.216353751381E-1,-3.880570000581E-1));
#15180=DIRECTION('',(1.E0,0.E0,0.E0));
#15181=AXIS2_PLACEMENT_3D('',#15178,#15179,#15180);
#15182=PLANE('',#15181);
#15183=ORIENTED_EDGE('',*,*,#7921,.F.);
#15184=ORIENTED_EDGE('',*,*,#15146,.F.);
#15185=ORIENTED_EDGE('',*,*,#15173,.T.);
#15186=ORIENTED_EDGE('',*,*,#15113,.T.);
#15187=EDGE_LOOP('',(#15183,#15184,#15185,#15186));
#15188=FACE_OUTER_BOUND('',#15187,.F.);
#15189=ADVANCED_FACE('',(#15188),#15182,.F.);
#15190=CARTESIAN_POINT('',(2.95025E1,2.75E-1,-9.5E-1));
#15191=DIRECTION('',(9.810740282764E-1,0.E0,-1.936330318967E-1));
#15192=DIRECTION('',(0.E0,1.E0,0.E0));
#15193=AXIS2_PLACEMENT_3D('',#15190,#15191,#15192);
#15194=PLANE('',#15193);
#15196=ORIENTED_EDGE('',*,*,#15195,.F.);
#15197=ORIENTED_EDGE('',*,*,#7925,.T.);
#15199=ORIENTED_EDGE('',*,*,#15198,.F.);
#15201=ORIENTED_EDGE('',*,*,#15200,.T.);
#15203=ORIENTED_EDGE('',*,*,#15202,.T.);
#15204=EDGE_LOOP('',(#15196,#15197,#15199,#15201,#15203));
#15205=FACE_OUTER_BOUND('',#15204,.F.);
#15206=ADVANCED_FACE('',(#15205),#15194,.F.);
#15207=CARTESIAN_POINT('',(2.619E1,2.25E0,0.E0));
#15208=DIRECTION('',(0.E0,-1.E0,0.E0));
#15209=DIRECTION('',(1.E0,0.E0,0.E0));
#15210=AXIS2_PLACEMENT_3D('',#15207,#15208,#15209);
#15211=PLANE('',#15210);
#15213=ORIENTED_EDGE('',*,*,#15212,.F.);
#15214=ORIENTED_EDGE('',*,*,#7927,.T.);
#15215=ORIENTED_EDGE('',*,*,#15195,.T.);
#15217=ORIENTED_EDGE('',*,*,#15216,.T.);
#15218=EDGE_LOOP('',(#15213,#15214,#15215,#15217));
#15219=FACE_OUTER_BOUND('',#15218,.F.);
#15220=ADVANCED_FACE('',(#15219),#15211,.T.);
#15221=CARTESIAN_POINT('',(2.63775E1,2.75E-1,-9.5E-1));
#15222=DIRECTION('',(-9.810740282764E-1,0.E0,-1.936330318967E-1));
#15223=DIRECTION('',(0.E0,-1.E0,0.E0));
#15224=AXIS2_PLACEMENT_3D('',#15221,#15222,#15223);
#15225=PLANE('',#15224);
#15226=ORIENTED_EDGE('',*,*,#15212,.T.);
#15228=ORIENTED_EDGE('',*,*,#15227,.F.);
#15230=ORIENTED_EDGE('',*,*,#15229,.T.);
#15232=ORIENTED_EDGE('',*,*,#15231,.T.);
#15233=ORIENTED_EDGE('',*,*,#7929,.F.);
#15234=EDGE_LOOP('',(#15226,#15228,#15230,#15232,#15233));
#15235=FACE_OUTER_BOUND('',#15234,.F.);
#15236=ADVANCED_FACE('',(#15235),#15225,.F.);
#15237=CARTESIAN_POINT('',(2.794E1,2.E0,-9.5E-1));
#15238=DIRECTION('',(0.E0,7.071067811865E-1,-7.071067811865E-1));
#15239=DIRECTION('',(-1.E0,0.E0,0.E0));
#15240=AXIS2_PLACEMENT_3D('',#15237,#15238,#15239);
#15241=PLANE('',#15240);
#15242=ORIENTED_EDGE('',*,*,#15216,.F.);
#15243=ORIENTED_EDGE('',*,*,#15202,.F.);
#15245=ORIENTED_EDGE('',*,*,#15244,.T.);
#15246=ORIENTED_EDGE('',*,*,#15227,.T.);
#15247=EDGE_LOOP('',(#15242,#15243,#15245,#15246));
#15248=FACE_OUTER_BOUND('',#15247,.F.);
#15249=ADVANCED_FACE('',(#15248),#15241,.F.);
#15250=CARTESIAN_POINT('',(0.E0,0.E0,-1.9E0));
#15251=DIRECTION('',(0.E0,0.E0,1.E0));
#15252=DIRECTION('',(1.E0,0.E0,0.E0));
#15253=AXIS2_PLACEMENT_3D('',#15250,#15251,#15252);
#15254=PLANE('',#15253);
#15255=ORIENTED_EDGE('',*,*,#15229,.F.);
#15256=ORIENTED_EDGE('',*,*,#15244,.F.);
#15257=ORIENTED_EDGE('',*,*,#15200,.F.);
#15259=ORIENTED_EDGE('',*,*,#15258,.F.);
#15260=EDGE_LOOP('',(#15255,#15256,#15257,#15259));
#15261=FACE_OUTER_BOUND('',#15260,.F.);
#15262=ADVANCED_FACE('',(#15261),#15254,.T.);
#15263=CARTESIAN_POINT('',(2.794E1,-1.45E0,-9.5E-1));
#15264=DIRECTION('',(0.E0,-9.216353751381E-1,-3.880570000581E-1));
#15265=DIRECTION('',(1.E0,0.E0,0.E0));
#15266=AXIS2_PLACEMENT_3D('',#15263,#15264,#15265);
#15267=PLANE('',#15266);
#15268=ORIENTED_EDGE('',*,*,#7931,.F.);
#15269=ORIENTED_EDGE('',*,*,#15231,.F.);
#15270=ORIENTED_EDGE('',*,*,#15258,.T.);
#15271=ORIENTED_EDGE('',*,*,#15198,.T.);
#15272=EDGE_LOOP('',(#15268,#15269,#15270,#15271));
#15273=FACE_OUTER_BOUND('',#15272,.F.);
#15274=ADVANCED_FACE('',(#15273),#15267,.F.);
#15275=CARTESIAN_POINT('',(3.45825E1,2.75E-1,-9.5E-1));
#15276=DIRECTION('',(9.810740282764E-1,0.E0,-1.936330318967E-1));
#15277=DIRECTION('',(0.E0,1.E0,0.E0));
#15278=AXIS2_PLACEMENT_3D('',#15275,#15276,#15277);
#15279=PLANE('',#15278);
#15281=ORIENTED_EDGE('',*,*,#15280,.F.);
#15282=ORIENTED_EDGE('',*,*,#7935,.T.);
#15284=ORIENTED_EDGE('',*,*,#15283,.F.);
#15286=ORIENTED_EDGE('',*,*,#15285,.T.);
#15288=ORIENTED_EDGE('',*,*,#15287,.T.);
#15289=EDGE_LOOP('',(#15281,#15282,#15284,#15286,#15288));
#15290=FACE_OUTER_BOUND('',#15289,.F.);
#15291=ADVANCED_FACE('',(#15290),#15279,.F.);
#15292=CARTESIAN_POINT('',(3.127E1,2.25E0,0.E0));
#15293=DIRECTION('',(0.E0,-1.E0,0.E0));
#15294=DIRECTION('',(1.E0,0.E0,0.E0));
#15295=AXIS2_PLACEMENT_3D('',#15292,#15293,#15294);
#15296=PLANE('',#15295);
#15298=ORIENTED_EDGE('',*,*,#15297,.F.);
#15299=ORIENTED_EDGE('',*,*,#7937,.T.);
#15300=ORIENTED_EDGE('',*,*,#15280,.T.);
#15302=ORIENTED_EDGE('',*,*,#15301,.T.);
#15303=EDGE_LOOP('',(#15298,#15299,#15300,#15302));
#15304=FACE_OUTER_BOUND('',#15303,.F.);
#15305=ADVANCED_FACE('',(#15304),#15296,.T.);
#15306=CARTESIAN_POINT('',(3.14575E1,2.75E-1,-9.5E-1));
#15307=DIRECTION('',(-9.810740282764E-1,0.E0,-1.936330318967E-1));
#15308=DIRECTION('',(0.E0,-1.E0,0.E0));
#15309=AXIS2_PLACEMENT_3D('',#15306,#15307,#15308);
#15310=PLANE('',#15309);
#15311=ORIENTED_EDGE('',*,*,#15297,.T.);
#15313=ORIENTED_EDGE('',*,*,#15312,.F.);
#15315=ORIENTED_EDGE('',*,*,#15314,.T.);
#15317=ORIENTED_EDGE('',*,*,#15316,.T.);
#15318=ORIENTED_EDGE('',*,*,#7939,.F.);
#15319=EDGE_LOOP('',(#15311,#15313,#15315,#15317,#15318));
#15320=FACE_OUTER_BOUND('',#15319,.F.);
#15321=ADVANCED_FACE('',(#15320),#15310,.F.);
#15322=CARTESIAN_POINT('',(3.302E1,2.E0,-9.5E-1));
#15323=DIRECTION('',(0.E0,7.071067811865E-1,-7.071067811865E-1));
#15324=DIRECTION('',(-1.E0,0.E0,0.E0));
#15325=AXIS2_PLACEMENT_3D('',#15322,#15323,#15324);
#15326=PLANE('',#15325);
#15327=ORIENTED_EDGE('',*,*,#15301,.F.);
#15328=ORIENTED_EDGE('',*,*,#15287,.F.);
#15330=ORIENTED_EDGE('',*,*,#15329,.T.);
#15331=ORIENTED_EDGE('',*,*,#15312,.T.);
#15332=EDGE_LOOP('',(#15327,#15328,#15330,#15331));
#15333=FACE_OUTER_BOUND('',#15332,.F.);
#15334=ADVANCED_FACE('',(#15333),#15326,.F.);
#15335=CARTESIAN_POINT('',(0.E0,0.E0,-1.9E0));
#15336=DIRECTION('',(0.E0,0.E0,1.E0));
#15337=DIRECTION('',(1.E0,0.E0,0.E0));
#15338=AXIS2_PLACEMENT_3D('',#15335,#15336,#15337);
#15339=PLANE('',#15338);
#15340=ORIENTED_EDGE('',*,*,#15314,.F.);
#15341=ORIENTED_EDGE('',*,*,#15329,.F.);
#15342=ORIENTED_EDGE('',*,*,#15285,.F.);
#15344=ORIENTED_EDGE('',*,*,#15343,.F.);
#15345=EDGE_LOOP('',(#15340,#15341,#15342,#15344));
#15346=FACE_OUTER_BOUND('',#15345,.F.);
#15347=ADVANCED_FACE('',(#15346),#15339,.T.);
#15348=CARTESIAN_POINT('',(3.302E1,-1.45E0,-9.5E-1));
#15349=DIRECTION('',(0.E0,-9.216353751381E-1,-3.880570000581E-1));
#15350=DIRECTION('',(1.E0,0.E0,0.E0));
#15351=AXIS2_PLACEMENT_3D('',#15348,#15349,#15350);
#15352=PLANE('',#15351);
#15353=ORIENTED_EDGE('',*,*,#7941,.F.);
#15354=ORIENTED_EDGE('',*,*,#15316,.F.);
#15355=ORIENTED_EDGE('',*,*,#15343,.T.);
#15356=ORIENTED_EDGE('',*,*,#15283,.T.);
#15357=EDGE_LOOP('',(#15353,#15354,#15355,#15356));
#15358=FACE_OUTER_BOUND('',#15357,.F.);
#15359=ADVANCED_FACE('',(#15358),#15352,.F.);
#15360=CARTESIAN_POINT('',(-3.566E1,-2.75E0,-1.225E0));
#15361=DIRECTION('',(0.E0,-1.E0,0.E0));
#15362=DIRECTION('',(1.E0,0.E0,0.E0));
#15363=AXIS2_PLACEMENT_3D('',#15360,#15361,#15362);
#15364=CYLINDRICAL_SURFACE('',#15363,1.E-1);
#15365=ORIENTED_EDGE('',*,*,#7347,.F.);
#15366=ORIENTED_EDGE('',*,*,#7388,.F.);
#15368=ORIENTED_EDGE('',*,*,#15367,.F.);
#15369=ORIENTED_EDGE('',*,*,#7417,.T.);
#15370=EDGE_LOOP('',(#15365,#15366,#15368,#15369));
#15371=FACE_OUTER_BOUND('',#15370,.F.);
#15372=ADVANCED_FACE('',(#15371),#15364,.F.);
#15373=CARTESIAN_POINT('',(-3.602774805307E1,-2.75E0,-1.244656283042E0));
#15374=DIRECTION('',(3.225194692971E-1,0.E0,-9.465628304156E-1));
#15375=DIRECTION('',(9.465628304156E-1,0.E0,3.225194692971E-1));
#15376=AXIS2_PLACEMENT_3D('',#15373,#15374,#15375);
#15377=PLANE('',#15376);
#15378=ORIENTED_EDGE('',*,*,#7419,.T.);
#15379=ORIENTED_EDGE('',*,*,#15367,.T.);
#15380=ORIENTED_EDGE('',*,*,#7386,.F.);
#15382=ORIENTED_EDGE('',*,*,#15381,.F.);
#15383=EDGE_LOOP('',(#15378,#15379,#15380,#15382));
#15384=FACE_OUTER_BOUND('',#15383,.F.);
#15385=ADVANCED_FACE('',(#15384),#15377,.T.);
#15386=CARTESIAN_POINT('',(-3.606E1,-2.75E0,-1.15E0));
#15387=DIRECTION('',(0.E0,-1.E0,0.E0));
#15388=DIRECTION('',(1.E0,0.E0,0.E0));
#15389=AXIS2_PLACEMENT_3D('',#15386,#15387,#15388);
#15390=CYLINDRICAL_SURFACE('',#15389,1.E-1);
#15391=ORIENTED_EDGE('',*,*,#7421,.T.);
#15392=ORIENTED_EDGE('',*,*,#15381,.T.);
#15393=ORIENTED_EDGE('',*,*,#7384,.F.);
#15395=ORIENTED_EDGE('',*,*,#15394,.F.);
#15396=EDGE_LOOP('',(#15391,#15392,#15393,#15395));
#15397=FACE_OUTER_BOUND('',#15396,.F.);
#15398=ADVANCED_FACE('',(#15397),#15390,.T.);
#15399=CARTESIAN_POINT('',(-3.616E1,-2.75E0,-4.5E-1));
#15400=DIRECTION('',(-1.E0,0.E0,0.E0));
#15401=DIRECTION('',(0.E0,0.E0,-1.E0));
#15402=AXIS2_PLACEMENT_3D('',#15399,#15400,#15401);
#15403=PLANE('',#15402);
#15404=ORIENTED_EDGE('',*,*,#7423,.T.);
#15405=ORIENTED_EDGE('',*,*,#15394,.T.);
#15406=ORIENTED_EDGE('',*,*,#7382,.F.);
#15408=ORIENTED_EDGE('',*,*,#15407,.F.);
#15409=EDGE_LOOP('',(#15404,#15405,#15406,#15408));
#15410=FACE_OUTER_BOUND('',#15409,.F.);
#15411=ADVANCED_FACE('',(#15410),#15403,.T.);
#15412=CARTESIAN_POINT('',(-3.606E1,-2.75E0,-4.5E-1));
#15413=DIRECTION('',(0.E0,-1.E0,0.E0));
#15414=DIRECTION('',(1.E0,0.E0,0.E0));
#15415=AXIS2_PLACEMENT_3D('',#15412,#15413,#15414);
#15416=CYLINDRICAL_SURFACE('',#15415,1.E-1);
#15417=ORIENTED_EDGE('',*,*,#7425,.T.);
#15418=ORIENTED_EDGE('',*,*,#15407,.T.);
#15419=ORIENTED_EDGE('',*,*,#7380,.F.);
#15421=ORIENTED_EDGE('',*,*,#15420,.F.);
#15422=EDGE_LOOP('',(#15417,#15418,#15419,#15421));
#15423=FACE_OUTER_BOUND('',#15422,.F.);
#15424=ADVANCED_FACE('',(#15423),#15416,.T.);
#15425=CARTESIAN_POINT('',(-3.569225194693E1,-2.75E0,-4.696562830416E-1));
#15426=DIRECTION('',(3.225194692971E-1,0.E0,9.465628304156E-1));
#15427=DIRECTION('',(-9.465628304156E-1,0.E0,3.225194692971E-1));
#15428=AXIS2_PLACEMENT_3D('',#15425,#15426,#15427);
#15429=PLANE('',#15428);
#15430=ORIENTED_EDGE('',*,*,#7427,.T.);
#15431=ORIENTED_EDGE('',*,*,#15420,.T.);
#15432=ORIENTED_EDGE('',*,*,#7378,.F.);
#15433=ORIENTED_EDGE('',*,*,#7401,.F.);
#15434=EDGE_LOOP('',(#15430,#15431,#15432,#15433));
#15435=FACE_OUTER_BOUND('',#15434,.F.);
#15436=ADVANCED_FACE('',(#15435),#15429,.T.);
#15437=CLOSED_SHELL('',(#7369,#7392,#7406,#7435,#7451,#7467,#7483,#7499,#7515,
#7531,#7547,#7563,#7579,#7595,#7611,#7627,#7645,#7661,#7679,#7694,#7945,#7959,
#7973,#8149,#8275,#8296,#8503,#8523,#8537,#8556,#8569,#8582,#8595,#8607,#8627,
#8641,#8660,#8673,#8686,#8699,#8711,#8731,#8745,#8764,#8777,#8790,#8803,#8815,
#8835,#8849,#8868,#8881,#8894,#8907,#8919,#8939,#8953,#8972,#8985,#8998,#9011,
#9023,#9043,#9057,#9076,#9089,#9102,#9115,#9127,#9147,#9161,#9180,#9193,#9206,
#9219,#9231,#9251,#9265,#9284,#9297,#9310,#9323,#9335,#9355,#9369,#9388,#9401,
#9414,#9427,#9439,#9459,#9473,#9492,#9505,#9518,#9531,#9543,#9563,#9577,#9596,
#9609,#9622,#9635,#9647,#9667,#9681,#9700,#9713,#9726,#9739,#9751,#9771,#9785,
#9804,#9817,#9830,#9843,#9855,#9878,#9890,#9909,#9923,#9941,#9954,#9967,#9980,
#9992,#10005,#10028,#10040,#10059,#10073,#10091,#10104,#10117,#10130,#10142,
#10155,#10178,#10190,#10209,#10223,#10241,#10254,#10267,#10280,#10292,#10305,
#10328,#10340,#10359,#10373,#10391,#10404,#10417,#10430,#10442,#10455,#10478,
#10490,#10509,#10523,#10541,#10554,#10567,#10580,#10592,#10605,#10628,#10640,
#10659,#10673,#10691,#10704,#10717,#10730,#10742,#10755,#10778,#10790,#10809,
#10823,#10841,#10854,#10867,#10880,#10892,#10905,#10928,#10940,#10959,#10973,
#10991,#11004,#11017,#11030,#11042,#11055,#11078,#11090,#11109,#11123,#11141,
#11154,#11167,#11180,#11192,#11205,#11228,#11240,#11259,#11273,#11291,#11304,
#11317,#11330,#11342,#11355,#11378,#11390,#11409,#11423,#11441,#11454,#11467,
#11480,#11492,#11505,#11528,#11540,#11559,#11573,#11591,#11604,#11617,#11630,
#11642,#11655,#11678,#11690,#11709,#11723,#11741,#11754,#11767,#11780,#11792,
#11805,#11840,#11853,#11866,#11883,#11897,#11918,#11939,#11952,#11967,#11980,
#11993,#12005,#12024,#12038,#12056,#12069,#12082,#12095,#12107,#12127,#12140,
#12153,#12166,#12179,#12191,#12222,#12237,#12248,#12259,#12272,#12285,#12297,
#12328,#12343,#12354,#12365,#12378,#12391,#12403,#12434,#12449,#12460,#12471,
#12484,#12497,#12509,#12540,#12555,#12566,#12577,#12590,#12603,#12615,#12646,
#12661,#12672,#12683,#12696,#12709,#12721,#12752,#12767,#12778,#12789,#12802,
#12815,#12827,#12858,#12873,#12884,#12895,#12908,#12921,#12933,#12964,#12979,
#12990,#13001,#13014,#13027,#13039,#13070,#13085,#13096,#13107,#13120,#13133,
#13145,#13176,#13191,#13202,#13213,#13226,#13239,#13251,#13282,#13297,#13308,
#13319,#13332,#13345,#13357,#13388,#13403,#13414,#13425,#13438,#13451,#13463,
#13494,#13509,#13520,#13531,#13544,#13557,#13569,#13600,#13615,#13626,#13637,
#13650,#13663,#13675,#13690,#13703,#13713,#13728,#13741,#13751,#13766,#13779,
#13789,#13804,#13817,#13827,#13842,#13855,#13865,#13880,#13893,#13903,#13918,
#13931,#13941,#13956,#13969,#13979,#13994,#14007,#14017,#14032,#14045,#14055,
#14070,#14083,#14093,#14108,#14121,#14131,#14146,#14159,#14169,#14186,#14200,
#14216,#14229,#14242,#14254,#14271,#14285,#14301,#14314,#14327,#14339,#14356,
#14370,#14386,#14399,#14412,#14424,#14441,#14455,#14471,#14484,#14497,#14509,
#14526,#14540,#14556,#14569,#14582,#14594,#14611,#14625,#14641,#14654,#14667,
#14679,#14696,#14710,#14726,#14739,#14752,#14764,#14781,#14795,#14811,#14824,
#14837,#14849,#14866,#14880,#14896,#14909,#14922,#14934,#14951,#14965,#14981,
#14994,#15007,#15019,#15036,#15050,#15066,#15079,#15092,#15104,#15121,#15135,
#15151,#15164,#15177,#15189,#15206,#15220,#15236,#15249,#15262,#15274,#15291,
#15305,#15321,#15334,#15347,#15359,#15372,#15385,#15398,#15411,#15424,#15436));
#15438=MANIFOLD_SOLID_BREP('',#15437);
#15439=(LENGTH_UNIT()NAMED_UNIT(*)SI_UNIT(.MILLI.,.METRE.));
#15440=DIMENSIONAL_EXPONENTS(0.E0,0.E0,0.E0,0.E0,0.E0,0.E0,0.E0);
#15441=(NAMED_UNIT(*)PLANE_ANGLE_UNIT()SI_UNIT($,.RADIAN.));
#15442=PLANE_ANGLE_MEASURE_WITH_UNIT(PLANE_ANGLE_MEASURE(1.745329251994E-2),
#15441);
#15443=(CONVERSION_BASED_UNIT('DEGREE',#15442)NAMED_UNIT(#15440)PLANE_ANGLE_UNIT());
#15444=(NAMED_UNIT(*)SI_UNIT($,.STERADIAN.)SOLID_ANGLE_UNIT());
#15445=UNCERTAINTY_MEASURE_WITH_UNIT(LENGTH_MEASURE(4.895720103091E-3),#15439,
'distance_accuracy_value',
'Maximum model space distance between geometric entities at asserted connectivities');
#15446=(GEOMETRIC_REPRESENTATION_CONTEXT(3)GLOBAL_UNCERTAINTY_ASSIGNED_CONTEXT((
#15445))GLOBAL_UNIT_ASSIGNED_CONTEXT((#15439,#15443,#15444))REPRESENTATION_CONTEXT('ID1','3'));
#15448=APPLICATION_CONTEXT('automotive_design');
#15449=APPLICATION_PROTOCOL_DEFINITION('international standard',
'automotive_design',2001,#15448);
#15450=PRODUCT_DEFINITION_CONTEXT('part definition',#15448,'design');
#15451=PRODUCT_CONTEXT('',#15448,'mechanical');
#15452=PRODUCT('C-1-282837-4','C-1-282837-4','NOT SPECIFIED',(#15451));
#15453=PRODUCT_DEFINITION_FORMATION('1','LAST_VERSION',#15452);
#15460=(LENGTH_UNIT()NAMED_UNIT(*)SI_UNIT(.MILLI.,.METRE.));
#15461=DERIVED_UNIT_ELEMENT(#15460,2.E0);
#15462=DERIVED_UNIT((#15461));
#15463=MEASURE_REPRESENTATION_ITEM('surface area measure',AREA_MEASURE(
3.302299206406E3),#15462);
#15467=(LENGTH_UNIT()NAMED_UNIT(*)SI_UNIT(.MILLI.,.METRE.));
#15468=DERIVED_UNIT_ELEMENT(#15467,3.E0);
#15469=DERIVED_UNIT((#15468));
#15470=MEASURE_REPRESENTATION_ITEM('volume measure',VOLUME_MEASURE(
4.388702872442E3),#15469);
#15474=CARTESIAN_POINT('centre point',(-4.085198185419E-2,1.779794959154E0,
-4.117872341365E0));
#15479=PRODUCT_RELATED_PRODUCT_CATEGORY('part','',(#15452));
#120=CIRCLE('',#119,1.E-1);
#129=CIRCLE('',#128,1.E-1);
#138=CIRCLE('',#137,1.E-1);
#147=CIRCLE('',#146,1.E-1);
#156=CIRCLE('',#155,1.E-1);
#165=CIRCLE('',#164,1.E-1);
#174=CIRCLE('',#173,1.E-1);
#183=CIRCLE('',#182,1.E-1);
#344=CIRCLE('',#343,1.3E-1);
#373=CIRCLE('',#372,1.3E-1);
#790=CIRCLE('',#789,1.7E0);
#795=CIRCLE('',#794,1.7E0);
#800=CIRCLE('',#799,1.7E0);
#805=CIRCLE('',#804,1.7E0);
#810=CIRCLE('',#809,1.7E0);
#815=CIRCLE('',#814,1.7E0);
#820=CIRCLE('',#819,1.7E0);
#825=CIRCLE('',#824,1.7E0);
#830=CIRCLE('',#829,1.7E0);
#835=CIRCLE('',#834,1.7E0);
#840=CIRCLE('',#839,1.7E0);
#845=CIRCLE('',#844,1.7E0);
#850=CIRCLE('',#849,1.7E0);
#855=CIRCLE('',#854,1.7E0);
#860=CIRCLE('',#859,1.7E0);
#865=CIRCLE('',#864,1.7E0);
#870=CIRCLE('',#869,1.7E0);
#875=CIRCLE('',#874,1.7E0);
#880=CIRCLE('',#879,1.7E0);
#885=CIRCLE('',#884,1.7E0);
#890=CIRCLE('',#889,1.7E0);
#895=CIRCLE('',#894,1.7E0);
#900=CIRCLE('',#899,1.7E0);
#905=CIRCLE('',#904,1.7E0);
#910=CIRCLE('',#909,1.7E0);
#915=CIRCLE('',#914,1.7E0);
#920=CIRCLE('',#919,1.7E0);
#925=CIRCLE('',#924,1.7E0);
#930=CIRCLE('',#929,5.E-1);
#935=CIRCLE('',#934,5.E-1);
#940=CIRCLE('',#939,5.E-1);
#945=CIRCLE('',#944,5.E-1);
#950=CIRCLE('',#949,5.E-1);
#955=CIRCLE('',#954,5.E-1);
#960=CIRCLE('',#959,5.E-1);
#965=CIRCLE('',#964,5.E-1);
#970=CIRCLE('',#969,5.E-1);
#975=CIRCLE('',#974,5.E-1);
#980=CIRCLE('',#979,5.E-1);
#985=CIRCLE('',#984,5.E-1);
#990=CIRCLE('',#989,5.E-1);
#995=CIRCLE('',#994,5.E-1);
#1000=CIRCLE('',#999,5.E-1);
#1005=CIRCLE('',#1004,5.E-1);
#1010=CIRCLE('',#1009,5.E-1);
#1015=CIRCLE('',#1014,5.E-1);
#1020=CIRCLE('',#1019,5.E-1);
#1025=CIRCLE('',#1024,5.E-1);
#1030=CIRCLE('',#1029,5.E-1);
#1035=CIRCLE('',#1034,5.E-1);
#1040=CIRCLE('',#1039,5.E-1);
#1045=CIRCLE('',#1044,5.E-1);
#1050=CIRCLE('',#1049,5.E-1);
#1055=CIRCLE('',#1054,5.E-1);
#3552=CIRCLE('',#3551,1.3E-1);
#3561=CIRCLE('',#3560,1.3E-1);
#3570=CIRCLE('',#3569,1.3E-1);
#3579=CIRCLE('',#3578,1.3E-1);
#3600=CIRCLE('',#3599,1.3E-1);
#3617=CIRCLE('',#3616,1.3E-1);
#3730=CIRCLE('',#3729,1.7E0);
#3735=CIRCLE('',#3734,1.7E0);
#3748=CIRCLE('',#3747,1.7E0);
#3757=CIRCLE('',#3756,1.7E0);
#3766=CIRCLE('',#3765,1.7E0);
#3775=CIRCLE('',#3774,1.7E0);
#3800=CIRCLE('',#3799,1.7E0);
#3805=CIRCLE('',#3804,1.7E0);
#3818=CIRCLE('',#3817,1.7E0);
#3827=CIRCLE('',#3826,1.7E0);
#3836=CIRCLE('',#3835,1.7E0);
#3845=CIRCLE('',#3844,1.7E0);
#3870=CIRCLE('',#3869,1.7E0);
#3875=CIRCLE('',#3874,1.7E0);
#3888=CIRCLE('',#3887,1.7E0);
#3897=CIRCLE('',#3896,1.7E0);
#3906=CIRCLE('',#3905,1.7E0);
#3915=CIRCLE('',#3914,1.7E0);
#3940=CIRCLE('',#3939,1.7E0);
#3945=CIRCLE('',#3944,1.7E0);
#3958=CIRCLE('',#3957,1.7E0);
#3967=CIRCLE('',#3966,1.7E0);
#3976=CIRCLE('',#3975,1.7E0);
#3985=CIRCLE('',#3984,1.7E0);
#4010=CIRCLE('',#4009,1.7E0);
#4015=CIRCLE('',#4014,1.7E0);
#4028=CIRCLE('',#4027,1.7E0);
#4037=CIRCLE('',#4036,1.7E0);
#4046=CIRCLE('',#4045,1.7E0);
#4055=CIRCLE('',#4054,1.7E0);
#4080=CIRCLE('',#4079,1.7E0);
#4085=CIRCLE('',#4084,1.7E0);
#4098=CIRCLE('',#4097,1.7E0);
#4107=CIRCLE('',#4106,1.7E0);
#4116=CIRCLE('',#4115,1.7E0);
#4125=CIRCLE('',#4124,1.7E0);
#4150=CIRCLE('',#4149,1.7E0);
#4155=CIRCLE('',#4154,1.7E0);
#4168=CIRCLE('',#4167,1.7E0);
#4177=CIRCLE('',#4176,1.7E0);
#4186=CIRCLE('',#4185,1.7E0);
#4195=CIRCLE('',#4194,1.7E0);
#4220=CIRCLE('',#4219,1.7E0);
#4225=CIRCLE('',#4224,1.7E0);
#4238=CIRCLE('',#4237,1.7E0);
#4247=CIRCLE('',#4246,1.7E0);
#4256=CIRCLE('',#4255,1.7E0);
#4265=CIRCLE('',#4264,1.7E0);
#4290=CIRCLE('',#4289,1.7E0);
#4295=CIRCLE('',#4294,1.7E0);
#4308=CIRCLE('',#4307,1.7E0);
#4317=CIRCLE('',#4316,1.7E0);
#4326=CIRCLE('',#4325,1.7E0);
#4335=CIRCLE('',#4334,1.7E0);
#4360=CIRCLE('',#4359,1.7E0);
#4365=CIRCLE('',#4364,1.7E0);
#4378=CIRCLE('',#4377,1.7E0);
#4387=CIRCLE('',#4386,1.7E0);
#4396=CIRCLE('',#4395,1.7E0);
#4405=CIRCLE('',#4404,1.7E0);
#4430=CIRCLE('',#4429,1.7E0);
#4435=CIRCLE('',#4434,1.7E0);
#4448=CIRCLE('',#4447,1.7E0);
#4457=CIRCLE('',#4456,1.7E0);
#4466=CIRCLE('',#4465,1.7E0);
#4475=CIRCLE('',#4474,1.7E0);
#4500=CIRCLE('',#4499,1.7E0);
#4505=CIRCLE('',#4504,1.7E0);
#4518=CIRCLE('',#4517,1.7E0);
#4527=CIRCLE('',#4526,1.7E0);
#4536=CIRCLE('',#4535,1.7E0);
#4545=CIRCLE('',#4544,1.7E0);
#4570=CIRCLE('',#4569,1.7E0);
#4575=CIRCLE('',#4574,1.7E0);
#4588=CIRCLE('',#4587,1.7E0);
#4597=CIRCLE('',#4596,1.7E0);
#4606=CIRCLE('',#4605,1.7E0);
#4615=CIRCLE('',#4614,1.7E0);
#4640=CIRCLE('',#4639,1.7E0);
#4645=CIRCLE('',#4644,1.7E0);
#4658=CIRCLE('',#4657,1.7E0);
#4667=CIRCLE('',#4666,1.7E0);
#4676=CIRCLE('',#4675,1.7E0);
#4685=CIRCLE('',#4684,1.7E0);
#4706=CIRCLE('',#4705,5.E-1);
#4711=CIRCLE('',#4710,5.E-1);
#4724=CIRCLE('',#4723,5.E-1);
#4729=CIRCLE('',#4728,5.E-1);
#4742=CIRCLE('',#4741,5.E-1);
#4747=CIRCLE('',#4746,5.E-1);
#4760=CIRCLE('',#4759,5.E-1);
#4765=CIRCLE('',#4764,5.E-1);
#4778=CIRCLE('',#4777,5.E-1);
#4783=CIRCLE('',#4782,5.E-1);
#4796=CIRCLE('',#4795,5.E-1);
#4801=CIRCLE('',#4800,5.E-1);
#4814=CIRCLE('',#4813,5.E-1);
#4819=CIRCLE('',#4818,5.E-1);
#4832=CIRCLE('',#4831,5.E-1);
#4837=CIRCLE('',#4836,5.E-1);
#4850=CIRCLE('',#4849,5.E-1);
#4855=CIRCLE('',#4854,5.E-1);
#4868=CIRCLE('',#4867,5.E-1);
#4873=CIRCLE('',#4872,5.E-1);
#4886=CIRCLE('',#4885,5.E-1);
#4891=CIRCLE('',#4890,5.E-1);
#4904=CIRCLE('',#4903,5.E-1);
#4909=CIRCLE('',#4908,5.E-1);
#4922=CIRCLE('',#4921,5.E-1);
#4927=CIRCLE('',#4926,5.E-1);
#7345=EDGE_CURVE('',#5646,#5647,#75,.T.);
#7347=EDGE_CURVE('',#5646,#5649,#79,.T.);
#7349=EDGE_CURVE('',#5649,#5570,#83,.T.);
#7351=EDGE_CURVE('',#5570,#5571,#87,.T.);
#7353=EDGE_CURVE('',#5571,#5573,#91,.T.);
#7355=EDGE_CURVE('',#5573,#5575,#95,.T.);
#7357=EDGE_CURVE('',#5575,#5577,#99,.T.);
#7359=EDGE_CURVE('',#5577,#5579,#103,.T.);
#7361=EDGE_CURVE('',#5579,#5581,#107,.T.);
#7363=EDGE_CURVE('',#5581,#5651,#111,.T.);
#7365=EDGE_CURVE('',#5647,#5651,#115,.T.);
#7376=EDGE_CURVE('',#5647,#5634,#120,.T.);
#7378=EDGE_CURVE('',#5634,#5635,#124,.T.);
#7380=EDGE_CURVE('',#5635,#5637,#129,.T.);
#7382=EDGE_CURVE('',#5637,#5639,#133,.T.);
#7384=EDGE_CURVE('',#5639,#5641,#138,.T.);
#7386=EDGE_CURVE('',#5641,#5643,#142,.T.);
#7388=EDGE_CURVE('',#5643,#5646,#147,.T.);
#7399=EDGE_CURVE('',#5651,#5622,#183,.T.);
#7401=EDGE_CURVE('',#5622,#5634,#5567,.T.);
#7412=EDGE_CURVE('',#5812,#5813,#151,.T.);
#7414=EDGE_CURVE('',#5570,#5813,#1467,.T.);
#7417=EDGE_CURVE('',#5631,#5649,#156,.T.);
#7419=EDGE_CURVE('',#5629,#5631,#160,.T.);
#7421=EDGE_CURVE('',#5627,#5629,#165,.T.);
#7423=EDGE_CURVE('',#5625,#5627,#169,.T.);
#7425=EDGE_CURVE('',#5623,#5625,#174,.T.);
#7427=EDGE_CURVE('',#5622,#5623,#178,.T.);
#7431=EDGE_CURVE('',#5581,#5812,#187,.T.);
#7441=EDGE_CURVE('',#5828,#5829,#191,.T.);
#7443=EDGE_CURVE('',#5809,#5829,#1483,.T.);
#7445=EDGE_CURVE('',#5808,#5809,#195,.T.);
#7447=EDGE_CURVE('',#5808,#5828,#199,.T.);
#7457=EDGE_CURVE('',#5844,#5845,#203,.T.);
#7459=EDGE_CURVE('',#5825,#5845,#1499,.T.);
#7461=EDGE_CURVE('',#5824,#5825,#207,.T.);
#7463=EDGE_CURVE('',#5824,#5844,#211,.T.);
#7473=EDGE_CURVE('',#5860,#5861,#215,.T.);
#7475=EDGE_CURVE('',#5841,#5861,#1515,.T.);
#7477=EDGE_CURVE('',#5840,#5841,#219,.T.);
#7479=EDGE_CURVE('',#5840,#5860,#223,.T.);
#7489=EDGE_CURVE('',#5876,#5877,#227,.T.);
#7491=EDGE_CURVE('',#5857,#5877,#1531,.T.);
#7493=EDGE_CURVE('',#5856,#5857,#231,.T.);
#7495=EDGE_CURVE('',#5856,#5876,#235,.T.);
#7505=EDGE_CURVE('',#5892,#5893,#239,.T.);
#7507=EDGE_CURVE('',#5873,#5893,#1547,.T.);
#7509=EDGE_CURVE('',#5872,#5873,#243,.T.);
#7511=EDGE_CURVE('',#5872,#5892,#247,.T.);
#7521=EDGE_CURVE('',#5908,#5909,#251,.T.);
#7523=EDGE_CURVE('',#5889,#5909,#1563,.T.);
#7525=EDGE_CURVE('',#5888,#5889,#255,.T.);
#7527=EDGE_CURVE('',#5888,#5908,#259,.T.);
#7537=EDGE_CURVE('',#6658,#6659,#263,.T.);
#7539=EDGE_CURVE('',#5905,#6659,#1579,.T.);
#7541=EDGE_CURVE('',#5904,#5905,#267,.T.);
#7543=EDGE_CURVE('',#5904,#6658,#271,.T.);
#7553=EDGE_CURVE('',#6674,#6675,#275,.T.);
#7555=EDGE_CURVE('',#6655,#6675,#1595,.T.);
#7557=EDGE_CURVE('',#6654,#6655,#279,.T.);
#7559=EDGE_CURVE('',#6654,#6674,#283,.T.);
#7569=EDGE_CURVE('',#6690,#6691,#287,.T.);
#7571=EDGE_CURVE('',#6671,#6691,#1611,.T.);
#7573=EDGE_CURVE('',#6670,#6671,#291,.T.);
#7575=EDGE_CURVE('',#6670,#6690,#295,.T.);
#7585=EDGE_CURVE('',#6706,#6707,#299,.T.);
#7587=EDGE_CURVE('',#6687,#6707,#1627,.T.);
#7589=EDGE_CURVE('',#6686,#6687,#303,.T.);
#7591=EDGE_CURVE('',#6686,#6706,#307,.T.);
#7601=EDGE_CURVE('',#6722,#6723,#311,.T.);
#7603=EDGE_CURVE('',#6703,#6723,#1643,.T.);
#7605=EDGE_CURVE('',#6702,#6703,#315,.T.);
#7607=EDGE_CURVE('',#6702,#6722,#319,.T.);
#7617=EDGE_CURVE('',#6738,#6739,#323,.T.);
#7619=EDGE_CURVE('',#6719,#6739,#1659,.T.);
#7621=EDGE_CURVE('',#6718,#6719,#327,.T.);
#7623=EDGE_CURVE('',#6718,#6738,#331,.T.);
#7633=EDGE_CURVE('',#6750,#6751,#335,.T.);
#7635=EDGE_CURVE('',#6750,#5595,#339,.T.);
#7637=EDGE_CURVE('',#5595,#5615,#3515,.T.);
#7639=EDGE_CURVE('',#5614,#5615,#344,.T.);
#7641=EDGE_CURVE('',#5614,#6751,#348,.T.);
#7651=EDGE_CURVE('',#6754,#6755,#352,.T.);
#7653=EDGE_CURVE('',#6735,#6755,#1675,.T.);
#7655=EDGE_CURVE('',#6734,#6735,#356,.T.);
#7657=EDGE_CURVE('',#6734,#6754,#360,.T.);
#7667=EDGE_CURVE('',#6758,#5584,#1691,.T.);
#7669=EDGE_CURVE('',#6769,#6758,#364,.T.);
#7671=EDGE_CURVE('',#6769,#5611,#368,.T.);
#7673=EDGE_CURVE('',#5610,#5611,#373,.T.);
#7675=EDGE_CURVE('',#5610,#5584,#3543,.T.);
#7686=EDGE_CURVE('',#5812,#5821,#549,.T.);
#7688=EDGE_CURVE('',#5821,#5817,#377,.T.);
#7690=EDGE_CURVE('',#5813,#5817,#1471,.T.);
#7700=EDGE_CURVE('',#5579,#5593,#381,.T.);
#7702=EDGE_CURVE('',#5593,#5595,#3519,.T.);
#7705=EDGE_CURVE('',#6750,#6763,#385,.T.);
#7707=EDGE_CURVE('',#6763,#6765,#389,.T.);
#7709=EDGE_CURVE('',#6754,#6765,#393,.T.);
#7712=EDGE_CURVE('',#6734,#6745,#397,.T.);
#7714=EDGE_CURVE('',#6745,#6747,#401,.T.);
#7716=EDGE_CURVE('',#6738,#6747,#405,.T.);
#7719=EDGE_CURVE('',#6718,#6729,#409,.T.);
#7721=EDGE_CURVE('',#6729,#6731,#413,.T.);
#7723=EDGE_CURVE('',#6722,#6731,#417,.T.);
#7726=EDGE_CURVE('',#6702,#6713,#421,.T.);
#7728=EDGE_CURVE('',#6713,#6715,#425,.T.);
#7730=EDGE_CURVE('',#6706,#6715,#429,.T.);
#7733=EDGE_CURVE('',#6686,#6697,#433,.T.);
#7735=EDGE_CURVE('',#6697,#6699,#437,.T.);
#7737=EDGE_CURVE('',#6690,#6699,#441,.T.);
#7740=EDGE_CURVE('',#6670,#6681,#445,.T.);
#7742=EDGE_CURVE('',#6681,#6683,#449,.T.);
#7744=EDGE_CURVE('',#6674,#6683,#453,.T.);
#7747=EDGE_CURVE('',#6654,#6665,#457,.T.);
#7749=EDGE_CURVE('',#6665,#6667,#461,.T.);
#7751=EDGE_CURVE('',#6658,#6667,#465,.T.);
#7754=EDGE_CURVE('',#5904,#5915,#469,.T.);
#7756=EDGE_CURVE('',#5915,#5917,#473,.T.);
#7758=EDGE_CURVE('',#5908,#5917,#477,.T.);
#7761=EDGE_CURVE('',#5888,#5899,#481,.T.);
#7763=EDGE_CURVE('',#5899,#5901,#485,.T.);
#7765=EDGE_CURVE('',#5892,#5901,#489,.T.);
#7768=EDGE_CURVE('',#5872,#5883,#493,.T.);
#7770=EDGE_CURVE('',#5883,#5885,#497,.T.);
#7772=EDGE_CURVE('',#5876,#5885,#501,.T.);
#7775=EDGE_CURVE('',#5856,#5867,#505,.T.);
#7777=EDGE_CURVE('',#5867,#5869,#509,.T.);
#7779=EDGE_CURVE('',#5860,#5869,#513,.T.);
#7782=EDGE_CURVE('',#5840,#5851,#517,.T.);
#7784=EDGE_CURVE('',#5851,#5853,#521,.T.);
#7786=EDGE_CURVE('',#5844,#5853,#525,.T.);
#7789=EDGE_CURVE('',#5824,#5835,#529,.T.);
#7791=EDGE_CURVE('',#5835,#5837,#533,.T.);
#7793=EDGE_CURVE('',#5828,#5837,#537,.T.);
#7796=EDGE_CURVE('',#5808,#5819,#541,.T.);
#7798=EDGE_CURVE('',#5819,#5821,#545,.T.);
#7805=EDGE_CURVE('',#6149,#6156,#553,.T.);
#7807=EDGE_CURVE('',#6152,#6156,#557,.T.);
#7809=EDGE_CURVE('',#6152,#6148,#561,.T.);
#7811=EDGE_CURVE('',#6148,#6149,#565,.T.);
#7815=EDGE_CURVE('',#6236,#6169,#569,.T.);
#7817=EDGE_CURVE('',#6232,#6236,#573,.T.);
#7819=EDGE_CURVE('',#6232,#6168,#577,.T.);
#7821=EDGE_CURVE('',#6168,#6169,#581,.T.);
#7825=EDGE_CURVE('',#6244,#6181,#585,.T.);
#7827=EDGE_CURVE('',#6240,#6244,#589,.T.);
#7829=EDGE_CURVE('',#6240,#6180,#593,.T.);
#7831=EDGE_CURVE('',#6180,#6181,#597,.T.);
#7835=EDGE_CURVE('',#6252,#6193,#601,.T.);
#7837=EDGE_CURVE('',#6248,#6252,#605,.T.);
#7839=EDGE_CURVE('',#6248,#6192,#609,.T.);
#7841=EDGE_CURVE('',#6192,#6193,#613,.T.);
#7845=EDGE_CURVE('',#6260,#6205,#617,.T.);
#7847=EDGE_CURVE('',#6256,#6260,#621,.T.);
#7849=EDGE_CURVE('',#6256,#6204,#625,.T.);
#7851=EDGE_CURVE('',#6204,#6205,#629,.T.);
#7855=EDGE_CURVE('',#6268,#6217,#633,.T.);
#7857=EDGE_CURVE('',#6264,#6268,#637,.T.);
#7859=EDGE_CURVE('',#6264,#6216,#641,.T.);
#7861=EDGE_CURVE('',#6216,#6217,#645,.T.);
#7865=EDGE_CURVE('',#6276,#6229,#649,.T.);
#7867=EDGE_CURVE('',#6272,#6276,#653,.T.);
#7869=EDGE_CURVE('',#6272,#6228,#657,.T.);
#7871=EDGE_CURVE('',#6228,#6229,#661,.T.);
#7875=EDGE_CURVE('',#7234,#6987,#665,.T.);
#7877=EDGE_CURVE('',#7230,#7234,#669,.T.);
#7879=EDGE_CURVE('',#7230,#6986,#673,.T.);
#7881=EDGE_CURVE('',#6986,#6987,#677,.T.);
#7885=EDGE_CURVE('',#7242,#7027,#681,.T.);
#7887=EDGE_CURVE('',#7238,#7242,#685,.T.);
#7889=EDGE_CURVE('',#7238,#7026,#689,.T.);
#7891=EDGE_CURVE('',#7026,#7027,#693,.T.);
#7895=EDGE_CURVE('',#7250,#7067,#697,.T.);
#7897=EDGE_CURVE('',#7246,#7250,#701,.T.);
#7899=EDGE_CURVE('',#7246,#7066,#705,.T.);
#7901=EDGE_CURVE('',#7066,#7067,#709,.T.);
#7905=EDGE_CURVE('',#7258,#7107,#713,.T.);
#7907=EDGE_CURVE('',#7254,#7258,#717,.T.);
#7909=EDGE_CURVE('',#7254,#7106,#721,.T.);
#7911=EDGE_CURVE('',#7106,#7107,#725,.T.);
#7915=EDGE_CURVE('',#7266,#7147,#729,.T.);
#7917=EDGE_CURVE('',#7262,#7266,#733,.T.);
#7919=EDGE_CURVE('',#7262,#7146,#737,.T.);
#7921=EDGE_CURVE('',#7146,#7147,#741,.T.);
#7925=EDGE_CURVE('',#7274,#7187,#745,.T.);
#7927=EDGE_CURVE('',#7270,#7274,#749,.T.);
#7929=EDGE_CURVE('',#7270,#7186,#753,.T.);
#7931=EDGE_CURVE('',#7186,#7187,#757,.T.);
#7935=EDGE_CURVE('',#7282,#7227,#761,.T.);
#7937=EDGE_CURVE('',#7278,#7282,#765,.T.);
#7939=EDGE_CURVE('',#7278,#7226,#769,.T.);
#7941=EDGE_CURVE('',#7226,#7227,#773,.T.);
#7953=EDGE_CURVE('',#5577,#5591,#777,.T.);
#7955=EDGE_CURVE('',#5591,#5593,#3523,.T.);
#7966=EDGE_CURVE('',#5575,#5589,#781,.T.);
#7968=EDGE_CURVE('',#5589,#5591,#3527,.T.);
#7980=EDGE_CURVE('',#5573,#5587,#785,.T.);
#7982=EDGE_CURVE('',#5587,#5589,#3531,.T.);
#7987=EDGE_CURVE('',#5654,#5655,#790,.T.);
#7989=EDGE_CURVE('',#5655,#5654,#795,.T.);
#7993=EDGE_CURVE('',#5676,#5677,#800,.T.);
#7995=EDGE_CURVE('',#5677,#5676,#805,.T.);
#7999=EDGE_CURVE('',#5680,#5681,#810,.T.);
#8001=EDGE_CURVE('',#5681,#5680,#815,.T.);
#8005=EDGE_CURVE('',#5684,#5685,#820,.T.);
#8007=EDGE_CURVE('',#5685,#5684,#825,.T.);
#8011=EDGE_CURVE('',#5688,#5689,#830,.T.);
#8013=EDGE_CURVE('',#5689,#5688,#835,.T.);
#8017=EDGE_CURVE('',#5692,#5693,#840,.T.);
#8019=EDGE_CURVE('',#5693,#5692,#845,.T.);
#8023=EDGE_CURVE('',#5696,#5697,#850,.T.);
#8025=EDGE_CURVE('',#5697,#5696,#855,.T.);
#8029=EDGE_CURVE('',#6472,#6473,#860,.T.);
#8031=EDGE_CURVE('',#6473,#6472,#865,.T.);
#8035=EDGE_CURVE('',#6476,#6477,#870,.T.);
#8037=EDGE_CURVE('',#6477,#6476,#875,.T.);
#8041=EDGE_CURVE('',#6480,#6481,#880,.T.);
#8043=EDGE_CURVE('',#6481,#6480,#885,.T.);
#8047=EDGE_CURVE('',#6484,#6485,#890,.T.);
#8049=EDGE_CURVE('',#6485,#6484,#895,.T.);
#8053=EDGE_CURVE('',#6488,#6489,#900,.T.);
#8055=EDGE_CURVE('',#6489,#6488,#905,.T.);
#8059=EDGE_CURVE('',#6492,#6493,#910,.T.);
#8061=EDGE_CURVE('',#6493,#6492,#915,.T.);
#8065=EDGE_CURVE('',#6496,#6497,#920,.T.);
#8067=EDGE_CURVE('',#6497,#6496,#925,.T.);
#8071=EDGE_CURVE('',#6284,#6285,#930,.T.);
#8073=EDGE_CURVE('',#6285,#6284,#935,.T.);
#8077=EDGE_CURVE('',#6292,#6293,#940,.T.);
#8079=EDGE_CURVE('',#6293,#6292,#945,.T.);
#8083=EDGE_CURVE('',#6300,#6301,#950,.T.);
#8085=EDGE_CURVE('',#6301,#6300,#955,.T.);
#8089=EDGE_CURVE('',#6308,#6309,#960,.T.);
#8091=EDGE_CURVE('',#6309,#6308,#965,.T.);
#8095=EDGE_CURVE('',#6316,#6317,#970,.T.);
#8097=EDGE_CURVE('',#6317,#6316,#975,.T.);
#8101=EDGE_CURVE('',#6324,#6325,#980,.T.);
#8103=EDGE_CURVE('',#6325,#6324,#985,.T.);
#8107=EDGE_CURVE('',#7290,#7291,#990,.T.);
#8109=EDGE_CURVE('',#7291,#7290,#995,.T.);
#8113=EDGE_CURVE('',#7298,#7299,#1000,.T.);
#8115=EDGE_CURVE('',#7299,#7298,#1005,.T.);
#8119=EDGE_CURVE('',#7306,#7307,#1010,.T.);
#8121=EDGE_CURVE('',#7307,#7306,#1015,.T.);
#8125=EDGE_CURVE('',#7314,#7315,#1020,.T.);
#8127=EDGE_CURVE('',#7315,#7314,#1025,.T.);
#8131=EDGE_CURVE('',#7322,#7323,#1030,.T.);
#8133=EDGE_CURVE('',#7323,#7322,#1035,.T.);
#8137=EDGE_CURVE('',#7330,#7331,#1040,.T.);
#8139=EDGE_CURVE('',#7331,#7330,#1045,.T.);
#8143=EDGE_CURVE('',#7338,#7339,#1050,.T.);
#8145=EDGE_CURVE('',#7339,#7338,#1055,.T.);
#8155=EDGE_CURVE('',#7206,#7213,#1059,.T.);
#8157=EDGE_CURVE('',#7215,#7213,#1063,.T.);
#8159=EDGE_CURVE('',#7210,#7215,#1067,.T.);
#8161=EDGE_CURVE('',#7210,#5585,#1071,.T.);
#8163=EDGE_CURVE('',#5585,#5587,#3535,.T.);
#8167=EDGE_CURVE('',#5571,#5952,#1075,.T.);
#8169=EDGE_CURVE('',#5952,#5959,#1079,.T.);
#8171=EDGE_CURVE('',#5961,#5959,#1083,.T.);
#8173=EDGE_CURVE('',#5956,#5961,#1087,.T.);
#8175=EDGE_CURVE('',#5956,#5988,#1091,.T.);
#8177=EDGE_CURVE('',#5988,#5995,#1095,.T.);
#8179=EDGE_CURVE('',#5997,#5995,#1099,.T.);
#8181=EDGE_CURVE('',#5992,#5997,#1103,.T.);
#8183=EDGE_CURVE('',#5992,#6016,#1107,.T.);
#8185=EDGE_CURVE('',#6016,#6023,#1111,.T.);
#8187=EDGE_CURVE('',#6025,#6023,#1115,.T.);
#8189=EDGE_CURVE('',#6020,#6025,#1119,.T.);
#8191=EDGE_CURVE('',#6020,#6044,#1123,.T.);
#8193=EDGE_CURVE('',#6044,#6051,#1127,.T.);
#8195=EDGE_CURVE('',#6053,#6051,#1131,.T.);
#8197=EDGE_CURVE('',#6048,#6053,#1135,.T.);
#8199=EDGE_CURVE('',#6048,#6072,#1139,.T.);
#8201=EDGE_CURVE('',#6072,#6079,#1143,.T.);
#8203=EDGE_CURVE('',#6081,#6079,#1147,.T.);
#8205=EDGE_CURVE('',#6076,#6081,#1151,.T.);
#8207=EDGE_CURVE('',#6076,#6100,#1155,.T.);
#8209=EDGE_CURVE('',#6100,#6107,#1159,.T.);
#8211=EDGE_CURVE('',#6109,#6107,#1163,.T.);
#8213=EDGE_CURVE('',#6104,#6109,#1167,.T.);
#8215=EDGE_CURVE('',#6104,#6128,#1171,.T.);
#8217=EDGE_CURVE('',#6128,#6135,#1175,.T.);
#8219=EDGE_CURVE('',#6137,#6135,#1179,.T.);
#8221=EDGE_CURVE('',#6132,#6137,#1183,.T.);
#8223=EDGE_CURVE('',#6132,#6966,#1187,.T.);
#8225=EDGE_CURVE('',#6966,#6973,#1191,.T.);
#8227=EDGE_CURVE('',#6975,#6973,#1195,.T.);
#8229=EDGE_CURVE('',#6970,#6975,#1199,.T.);
#8231=EDGE_CURVE('',#6970,#7006,#1203,.T.);
#8233=EDGE_CURVE('',#7006,#7013,#1207,.T.);
#8235=EDGE_CURVE('',#7015,#7013,#1211,.T.);
#8237=EDGE_CURVE('',#7010,#7015,#1215,.T.);
#8239=EDGE_CURVE('',#7010,#7046,#1219,.T.);
#8241=EDGE_CURVE('',#7046,#7053,#1223,.T.);
#8243=EDGE_CURVE('',#7055,#7053,#1227,.T.);
#8245=EDGE_CURVE('',#7050,#7055,#1231,.T.);
#8247=EDGE_CURVE('',#7050,#7086,#1235,.T.);
#8249=EDGE_CURVE('',#7086,#7093,#1239,.T.);
#8251=EDGE_CURVE('',#7095,#7093,#1243,.T.);
#8253=EDGE_CURVE('',#7090,#7095,#1247,.T.);
#8255=EDGE_CURVE('',#7090,#7126,#1251,.T.);
#8257=EDGE_CURVE('',#7126,#7133,#1255,.T.);
#8259=EDGE_CURVE('',#7135,#7133,#1259,.T.);
#8261=EDGE_CURVE('',#7130,#7135,#1263,.T.);
#8263=EDGE_CURVE('',#7130,#7166,#1267,.T.);
#8265=EDGE_CURVE('',#7166,#7173,#1271,.T.);
#8267=EDGE_CURVE('',#7175,#7173,#1275,.T.);
#8269=EDGE_CURVE('',#7170,#7175,#1279,.T.);
#8271=EDGE_CURVE('',#7170,#7206,#1283,.T.);
#8281=EDGE_CURVE('',#7206,#7207,#1307,.T.);
#8283=EDGE_CURVE('',#7207,#7190,#1287,.T.);
#8285=EDGE_CURVE('',#7190,#7191,#1291,.T.);
#8287=EDGE_CURVE('',#7191,#7193,#1295,.T.);
#8289=EDGE_CURVE('',#7193,#7195,#1299,.T.);
#8291=EDGE_CURVE('',#7195,#7213,#1303,.T.);
#8304=EDGE_CURVE('',#7170,#7171,#1311,.T.);
#8306=EDGE_CURVE('',#7171,#7167,#1315,.T.);
#8308=EDGE_CURVE('',#7166,#7167,#1319,.T.);
#8311=EDGE_CURVE('',#7130,#7131,#1323,.T.);
#8313=EDGE_CURVE('',#7131,#7127,#1327,.T.);
#8315=EDGE_CURVE('',#7126,#7127,#1331,.T.);
#8318=EDGE_CURVE('',#7090,#7091,#1335,.T.);
#8320=EDGE_CURVE('',#7091,#7087,#1339,.T.);
#8322=EDGE_CURVE('',#7086,#7087,#1343,.T.);
#8325=EDGE_CURVE('',#7050,#7051,#1347,.T.);
#8327=EDGE_CURVE('',#7051,#7047,#1351,.T.);
#8329=EDGE_CURVE('',#7046,#7047,#1355,.T.);
#8332=EDGE_CURVE('',#7010,#7011,#1359,.T.);
#8334=EDGE_CURVE('',#7011,#7007,#1363,.T.);
#8336=EDGE_CURVE('',#7006,#7007,#1367,.T.);
#8339=EDGE_CURVE('',#6970,#6971,#1371,.T.);
#8341=EDGE_CURVE('',#6971,#6967,#1375,.T.);
#8343=EDGE_CURVE('',#6966,#6967,#1379,.T.);
#8346=EDGE_CURVE('',#6132,#6133,#1383,.T.);
#8348=EDGE_CURVE('',#6133,#6129,#1387,.T.);
#8350=EDGE_CURVE('',#6128,#6129,#1391,.T.);
#8353=EDGE_CURVE('',#6104,#6105,#1395,.T.);
#8355=EDGE_CURVE('',#6105,#6101,#1399,.T.);
#8357=EDGE_CURVE('',#6100,#6101,#1403,.T.);
#8360=EDGE_CURVE('',#6076,#6077,#1407,.T.);
#8362=EDGE_CURVE('',#6077,#6073,#1411,.T.);
#8364=EDGE_CURVE('',#6072,#6073,#1415,.T.);
#8367=EDGE_CURVE('',#6048,#6049,#1419,.T.);
#8369=EDGE_CURVE('',#6049,#6045,#1423,.T.);
#8371=EDGE_CURVE('',#6044,#6045,#1427,.T.);
#8374=EDGE_CURVE('',#6020,#6021,#1431,.T.);
#8376=EDGE_CURVE('',#6021,#6017,#1435,.T.);
#8378=EDGE_CURVE('',#6016,#6017,#1439,.T.);
#8381=EDGE_CURVE('',#5992,#5993,#1443,.T.);
#8383=EDGE_CURVE('',#5993,#5989,#1447,.T.);
#8385=EDGE_CURVE('',#5988,#5989,#1451,.T.);
#8388=EDGE_CURVE('',#5956,#5957,#1455,.T.);
#8390=EDGE_CURVE('',#5957,#5953,#1459,.T.);
#8392=EDGE_CURVE('',#5952,#5953,#1463,.T.);
#8398=EDGE_CURVE('',#5815,#5817,#1475,.T.);
#8400=EDGE_CURVE('',#5809,#5815,#1479,.T.);
#8403=EDGE_CURVE('',#5829,#5833,#1487,.T.);
#8405=EDGE_CURVE('',#5831,#5833,#1491,.T.);
#8407=EDGE_CURVE('',#5825,#5831,#1495,.T.);
#8410=EDGE_CURVE('',#5845,#5849,#1503,.T.);
#8412=EDGE_CURVE('',#5847,#5849,#1507,.T.);
#8414=EDGE_CURVE('',#5841,#5847,#1511,.T.);
#8417=EDGE_CURVE('',#5861,#5865,#1519,.T.);
#8419=EDGE_CURVE('',#5863,#5865,#1523,.T.);
#8421=EDGE_CURVE('',#5857,#5863,#1527,.T.);
#8424=EDGE_CURVE('',#5877,#5881,#1535,.T.);
#8426=EDGE_CURVE('',#5879,#5881,#1539,.T.);
#8428=EDGE_CURVE('',#5873,#5879,#1543,.T.);
#8431=EDGE_CURVE('',#5893,#5897,#1551,.T.);
#8433=EDGE_CURVE('',#5895,#5897,#1555,.T.);
#8435=EDGE_CURVE('',#5889,#5895,#1559,.T.);
#8438=EDGE_CURVE('',#5909,#5913,#1567,.T.);
#8440=EDGE_CURVE('',#5911,#5913,#1571,.T.);
#8442=EDGE_CURVE('',#5905,#5911,#1575,.T.);
#8445=EDGE_CURVE('',#6659,#6663,#1583,.T.);
#8447=EDGE_CURVE('',#6661,#6663,#1587,.T.);
#8449=EDGE_CURVE('',#6655,#6661,#1591,.T.);
#8452=EDGE_CURVE('',#6675,#6679,#1599,.T.);
#8454=EDGE_CURVE('',#6677,#6679,#1603,.T.);
#8456=EDGE_CURVE('',#6671,#6677,#1607,.T.);
#8459=EDGE_CURVE('',#6691,#6695,#1615,.T.);
#8461=EDGE_CURVE('',#6693,#6695,#1619,.T.);
#8463=EDGE_CURVE('',#6687,#6693,#1623,.T.);
#8466=EDGE_CURVE('',#6707,#6711,#1631,.T.);
#8468=EDGE_CURVE('',#6709,#6711,#1635,.T.);
#8470=EDGE_CURVE('',#6703,#6709,#1639,.T.);
#8473=EDGE_CURVE('',#6723,#6727,#1647,.T.);
#8475=EDGE_CURVE('',#6725,#6727,#1651,.T.);
#8477=EDGE_CURVE('',#6719,#6725,#1655,.T.);
#8480=EDGE_CURVE('',#6739,#6743,#1663,.T.);
#8482=EDGE_CURVE('',#6741,#6743,#1667,.T.);
#8484=EDGE_CURVE('',#6735,#6741,#1671,.T.);
#8487=EDGE_CURVE('',#6755,#6761,#1679,.T.);
#8489=EDGE_CURVE('',#6759,#6761,#1683,.T.);
#8491=EDGE_CURVE('',#6758,#6759,#1687,.T.);
#8494=EDGE_CURVE('',#5584,#5585,#3539,.T.);
#8497=EDGE_CURVE('',#7210,#7211,#1695,.T.);
#8499=EDGE_CURVE('',#7211,#7207,#1699,.T.);
#8511=EDGE_CURVE('',#7163,#7175,#1703,.T.);
#8513=EDGE_CURVE('',#7161,#7163,#1707,.T.);
#8515=EDGE_CURVE('',#7159,#7161,#1711,.T.);
#8517=EDGE_CURVE('',#7158,#7159,#1715,.T.);
#8519=EDGE_CURVE('',#7171,#7158,#1719,.T.);
#8530=EDGE_CURVE('',#7155,#7173,#1743,.T.);
#8532=EDGE_CURVE('',#7155,#7163,#1723,.T.);
#8544=EDGE_CURVE('',#7167,#7150,#1727,.T.);
#8546=EDGE_CURVE('',#7150,#7151,#1731,.T.);
#8548=EDGE_CURVE('',#7151,#7153,#1735,.T.);
#8550=EDGE_CURVE('',#7153,#7155,#1739,.T.);
#8564=EDGE_CURVE('',#7150,#7158,#1747,.T.);
#8578=EDGE_CURVE('',#7151,#7159,#1751,.T.);
#8591=EDGE_CURVE('',#7153,#7161,#1755,.T.);
#8615=EDGE_CURVE('',#7123,#7135,#1759,.T.);
#8617=EDGE_CURVE('',#7121,#7123,#1763,.T.);
#8619=EDGE_CURVE('',#7119,#7121,#1767,.T.);
#8621=EDGE_CURVE('',#7118,#7119,#1771,.T.);
#8623=EDGE_CURVE('',#7131,#7118,#1775,.T.);
#8634=EDGE_CURVE('',#7115,#7133,#1799,.T.);
#8636=EDGE_CURVE('',#7115,#7123,#1779,.T.);
#8648=EDGE_CURVE('',#7127,#7110,#1783,.T.);
#8650=EDGE_CURVE('',#7110,#7111,#1787,.T.);
#8652=EDGE_CURVE('',#7111,#7113,#1791,.T.);
#8654=EDGE_CURVE('',#7113,#7115,#1795,.T.);
#8668=EDGE_CURVE('',#7110,#7118,#1803,.T.);
#8682=EDGE_CURVE('',#7111,#7119,#1807,.T.);
#8695=EDGE_CURVE('',#7113,#7121,#1811,.T.);
#8719=EDGE_CURVE('',#7083,#7095,#1815,.T.);
#8721=EDGE_CURVE('',#7081,#7083,#1819,.T.);
#8723=EDGE_CURVE('',#7079,#7081,#1823,.T.);
#8725=EDGE_CURVE('',#7078,#7079,#1827,.T.);
#8727=EDGE_CURVE('',#7091,#7078,#1831,.T.);
#8738=EDGE_CURVE('',#7075,#7093,#1855,.T.);
#8740=EDGE_CURVE('',#7075,#7083,#1835,.T.);
#8752=EDGE_CURVE('',#7087,#7070,#1839,.T.);
#8754=EDGE_CURVE('',#7070,#7071,#1843,.T.);
#8756=EDGE_CURVE('',#7071,#7073,#1847,.T.);
#8758=EDGE_CURVE('',#7073,#7075,#1851,.T.);
#8772=EDGE_CURVE('',#7070,#7078,#1859,.T.);
#8786=EDGE_CURVE('',#7071,#7079,#1863,.T.);
#8799=EDGE_CURVE('',#7073,#7081,#1867,.T.);
#8823=EDGE_CURVE('',#7043,#7055,#1871,.T.);
#8825=EDGE_CURVE('',#7041,#7043,#1875,.T.);
#8827=EDGE_CURVE('',#7039,#7041,#1879,.T.);
#8829=EDGE_CURVE('',#7038,#7039,#1883,.T.);
#8831=EDGE_CURVE('',#7051,#7038,#1887,.T.);
#8842=EDGE_CURVE('',#7035,#7053,#1911,.T.);
#8844=EDGE_CURVE('',#7035,#7043,#1891,.T.);
#8856=EDGE_CURVE('',#7047,#7030,#1895,.T.);
#8858=EDGE_CURVE('',#7030,#7031,#1899,.T.);
#8860=EDGE_CURVE('',#7031,#7033,#1903,.T.);
#8862=EDGE_CURVE('',#7033,#7035,#1907,.T.);
#8876=EDGE_CURVE('',#7030,#7038,#1915,.T.);
#8890=EDGE_CURVE('',#7031,#7039,#1919,.T.);
#8903=EDGE_CURVE('',#7033,#7041,#1923,.T.);
#8927=EDGE_CURVE('',#7003,#7015,#1927,.T.);
#8929=EDGE_CURVE('',#7001,#7003,#1931,.T.);
#8931=EDGE_CURVE('',#6999,#7001,#1935,.T.);
#8933=EDGE_CURVE('',#6998,#6999,#1939,.T.);
#8935=EDGE_CURVE('',#7011,#6998,#1943,.T.);
#8946=EDGE_CURVE('',#6995,#7013,#1967,.T.);
#8948=EDGE_CURVE('',#6995,#7003,#1947,.T.);
#8960=EDGE_CURVE('',#7007,#6990,#1951,.T.);
#8962=EDGE_CURVE('',#6990,#6991,#1955,.T.);
#8964=EDGE_CURVE('',#6991,#6993,#1959,.T.);
#8966=EDGE_CURVE('',#6993,#6995,#1963,.T.);
#8980=EDGE_CURVE('',#6990,#6998,#1971,.T.);
#8994=EDGE_CURVE('',#6991,#6999,#1975,.T.);
#9007=EDGE_CURVE('',#6993,#7001,#1979,.T.);
#9031=EDGE_CURVE('',#6963,#6975,#1983,.T.);
#9033=EDGE_CURVE('',#6961,#6963,#1987,.T.);
#9035=EDGE_CURVE('',#6959,#6961,#1991,.T.);
#9037=EDGE_CURVE('',#6958,#6959,#1995,.T.);
#9039=EDGE_CURVE('',#6971,#6958,#1999,.T.);
#9050=EDGE_CURVE('',#6955,#6973,#2023,.T.);
#9052=EDGE_CURVE('',#6955,#6963,#2003,.T.);
#9064=EDGE_CURVE('',#6967,#6950,#2007,.T.);
#9066=EDGE_CURVE('',#6950,#6951,#2011,.T.);
#9068=EDGE_CURVE('',#6951,#6953,#2015,.T.);
#9070=EDGE_CURVE('',#6953,#6955,#2019,.T.);
#9084=EDGE_CURVE('',#6950,#6958,#2027,.T.);
#9098=EDGE_CURVE('',#6951,#6959,#2031,.T.);
#9111=EDGE_CURVE('',#6953,#6961,#2035,.T.);
#9135=EDGE_CURVE('',#6125,#6137,#2039,.T.);
#9137=EDGE_CURVE('',#6123,#6125,#2043,.T.);
#9139=EDGE_CURVE('',#6121,#6123,#2047,.T.);
#9141=EDGE_CURVE('',#6120,#6121,#2051,.T.);
#9143=EDGE_CURVE('',#6133,#6120,#2055,.T.);
#9154=EDGE_CURVE('',#6117,#6135,#2079,.T.);
#9156=EDGE_CURVE('',#6117,#6125,#2059,.T.);
#9168=EDGE_CURVE('',#6129,#6112,#2063,.T.);
#9170=EDGE_CURVE('',#6112,#6113,#2067,.T.);
#9172=EDGE_CURVE('',#6113,#6115,#2071,.T.);
#9174=EDGE_CURVE('',#6115,#6117,#2075,.T.);
#9188=EDGE_CURVE('',#6112,#6120,#2083,.T.);
#9202=EDGE_CURVE('',#6113,#6121,#2087,.T.);
#9215=EDGE_CURVE('',#6115,#6123,#2091,.T.);
#9239=EDGE_CURVE('',#6097,#6109,#2095,.T.);
#9241=EDGE_CURVE('',#6095,#6097,#2099,.T.);
#9243=EDGE_CURVE('',#6093,#6095,#2103,.T.);
#9245=EDGE_CURVE('',#6092,#6093,#2107,.T.);
#9247=EDGE_CURVE('',#6105,#6092,#2111,.T.);
#9258=EDGE_CURVE('',#6089,#6107,#2135,.T.);
#9260=EDGE_CURVE('',#6089,#6097,#2115,.T.);
#9272=EDGE_CURVE('',#6101,#6084,#2119,.T.);
#9274=EDGE_CURVE('',#6084,#6085,#2123,.T.);
#9276=EDGE_CURVE('',#6085,#6087,#2127,.T.);
#9278=EDGE_CURVE('',#6087,#6089,#2131,.T.);
#9292=EDGE_CURVE('',#6084,#6092,#2139,.T.);
#9306=EDGE_CURVE('',#6085,#6093,#2143,.T.);
#9319=EDGE_CURVE('',#6087,#6095,#2147,.T.);
#9343=EDGE_CURVE('',#6069,#6081,#2151,.T.);
#9345=EDGE_CURVE('',#6067,#6069,#2155,.T.);
#9347=EDGE_CURVE('',#6065,#6067,#2159,.T.);
#9349=EDGE_CURVE('',#6064,#6065,#2163,.T.);
#9351=EDGE_CURVE('',#6077,#6064,#2167,.T.);
#9362=EDGE_CURVE('',#6061,#6079,#2191,.T.);
#9364=EDGE_CURVE('',#6061,#6069,#2171,.T.);
#9376=EDGE_CURVE('',#6073,#6056,#2175,.T.);
#9378=EDGE_CURVE('',#6056,#6057,#2179,.T.);
#9380=EDGE_CURVE('',#6057,#6059,#2183,.T.);
#9382=EDGE_CURVE('',#6059,#6061,#2187,.T.);
#9396=EDGE_CURVE('',#6056,#6064,#2195,.T.);
#9410=EDGE_CURVE('',#6057,#6065,#2199,.T.);
#9423=EDGE_CURVE('',#6059,#6067,#2203,.T.);
#9447=EDGE_CURVE('',#6041,#6053,#2207,.T.);
#9449=EDGE_CURVE('',#6039,#6041,#2211,.T.);
#9451=EDGE_CURVE('',#6037,#6039,#2215,.T.);
#9453=EDGE_CURVE('',#6036,#6037,#2219,.T.);
#9455=EDGE_CURVE('',#6049,#6036,#2223,.T.);
#9466=EDGE_CURVE('',#6033,#6051,#2247,.T.);
#9468=EDGE_CURVE('',#6033,#6041,#2227,.T.);
#9480=EDGE_CURVE('',#6045,#6028,#2231,.T.);
#9482=EDGE_CURVE('',#6028,#6029,#2235,.T.);
#9484=EDGE_CURVE('',#6029,#6031,#2239,.T.);
#9486=EDGE_CURVE('',#6031,#6033,#2243,.T.);
#9500=EDGE_CURVE('',#6028,#6036,#2251,.T.);
#9514=EDGE_CURVE('',#6029,#6037,#2255,.T.);
#9527=EDGE_CURVE('',#6031,#6039,#2259,.T.);
#9551=EDGE_CURVE('',#6013,#6025,#2263,.T.);
#9553=EDGE_CURVE('',#6011,#6013,#2267,.T.);
#9555=EDGE_CURVE('',#6009,#6011,#2271,.T.);
#9557=EDGE_CURVE('',#6008,#6009,#2275,.T.);
#9559=EDGE_CURVE('',#6021,#6008,#2279,.T.);
#9570=EDGE_CURVE('',#6005,#6023,#2303,.T.);
#9572=EDGE_CURVE('',#6005,#6013,#2283,.T.);
#9584=EDGE_CURVE('',#6017,#6000,#2287,.T.);
#9586=EDGE_CURVE('',#6000,#6001,#2291,.T.);
#9588=EDGE_CURVE('',#6001,#6003,#2295,.T.);
#9590=EDGE_CURVE('',#6003,#6005,#2299,.T.);
#9604=EDGE_CURVE('',#6000,#6008,#2307,.T.);
#9618=EDGE_CURVE('',#6001,#6009,#2311,.T.);
#9631=EDGE_CURVE('',#6003,#6011,#2315,.T.);
#9655=EDGE_CURVE('',#5985,#5997,#2319,.T.);
#9657=EDGE_CURVE('',#5983,#5985,#2323,.T.);
#9659=EDGE_CURVE('',#5981,#5983,#2327,.T.);
#9661=EDGE_CURVE('',#5980,#5981,#2331,.T.);
#9663=EDGE_CURVE('',#5993,#5980,#2335,.T.);
#9674=EDGE_CURVE('',#5977,#5995,#2359,.T.);
#9676=EDGE_CURVE('',#5977,#5985,#2339,.T.);
#9688=EDGE_CURVE('',#5989,#5972,#2343,.T.);
#9690=EDGE_CURVE('',#5972,#5973,#2347,.T.);
#9692=EDGE_CURVE('',#5973,#5975,#2351,.T.);
#9694=EDGE_CURVE('',#5975,#5977,#2355,.T.);
#9708=EDGE_CURVE('',#5972,#5980,#2363,.T.);
#9722=EDGE_CURVE('',#5973,#5981,#2367,.T.);
#9735=EDGE_CURVE('',#5975,#5983,#2371,.T.);
#9759=EDGE_CURVE('',#5965,#5961,#2375,.T.);
#9761=EDGE_CURVE('',#5969,#5965,#2379,.T.);
#9763=EDGE_CURVE('',#5949,#5969,#2383,.T.);
#9765=EDGE_CURVE('',#5948,#5949,#2387,.T.);
#9767=EDGE_CURVE('',#5957,#5948,#2391,.T.);
#9778=EDGE_CURVE('',#5963,#5959,#2415,.T.);
#9780=EDGE_CURVE('',#5963,#5965,#2395,.T.);
#9792=EDGE_CURVE('',#5953,#5944,#2399,.T.);
#9794=EDGE_CURVE('',#5944,#5945,#2403,.T.);
#9796=EDGE_CURVE('',#5945,#5967,#2407,.T.);
#9798=EDGE_CURVE('',#5967,#5963,#2411,.T.);
#9812=EDGE_CURVE('',#5944,#5948,#2419,.T.);
#9826=EDGE_CURVE('',#5945,#5949,#2423,.T.);
#9839=EDGE_CURVE('',#5967,#5969,#2427,.T.);
#9864=EDGE_CURVE('',#5819,#5815,#2431,.T.);
#9868=EDGE_CURVE('',#5936,#5937,#2435,.T.);
#9870=EDGE_CURVE('',#5937,#5941,#2439,.T.);
#9872=EDGE_CURVE('',#5940,#5941,#2443,.T.);
#9874=EDGE_CURVE('',#5936,#5940,#2447,.T.);
#9897=EDGE_CURVE('',#5936,#5920,#2451,.T.);
#9899=EDGE_CURVE('',#5920,#5921,#2455,.T.);
#9901=EDGE_CURVE('',#5921,#5923,#2459,.T.);
#9903=EDGE_CURVE('',#5923,#5925,#2463,.T.);
#9905=EDGE_CURVE('',#5925,#5937,#2467,.T.);
#9916=EDGE_CURVE('',#5940,#5928,#2487,.T.);
#9918=EDGE_CURVE('',#5920,#5928,#2503,.T.);
#9930=EDGE_CURVE('',#5933,#5941,#2471,.T.);
#9932=EDGE_CURVE('',#5931,#5933,#2475,.T.);
#9934=EDGE_CURVE('',#5929,#5931,#2479,.T.);
#9936=EDGE_CURVE('',#5928,#5929,#2483,.T.);
#9949=EDGE_CURVE('',#5925,#5933,#2491,.T.);
#9961=EDGE_CURVE('',#5923,#5931,#2495,.T.);
#9974=EDGE_CURVE('',#5921,#5929,#2499,.T.);
#10000=EDGE_CURVE('',#5837,#5833,#2507,.T.);
#10014=EDGE_CURVE('',#5835,#5831,#2511,.T.);
#10018=EDGE_CURVE('',#6344,#6345,#2515,.T.);
#10020=EDGE_CURVE('',#6345,#6349,#2519,.T.);
#10022=EDGE_CURVE('',#6348,#6349,#2523,.T.);
#10024=EDGE_CURVE('',#6344,#6348,#2527,.T.);
#10047=EDGE_CURVE('',#6344,#6328,#2531,.T.);
#10049=EDGE_CURVE('',#6328,#6329,#2535,.T.);
#10051=EDGE_CURVE('',#6329,#6331,#2539,.T.);
#10053=EDGE_CURVE('',#6331,#6333,#2543,.T.);
#10055=EDGE_CURVE('',#6333,#6345,#2547,.T.);
#10066=EDGE_CURVE('',#6348,#6336,#2567,.T.);
#10068=EDGE_CURVE('',#6328,#6336,#2583,.T.);
#10080=EDGE_CURVE('',#6341,#6349,#2551,.T.);
#10082=EDGE_CURVE('',#6339,#6341,#2555,.T.);
#10084=EDGE_CURVE('',#6337,#6339,#2559,.T.);
#10086=EDGE_CURVE('',#6336,#6337,#2563,.T.);
#10099=EDGE_CURVE('',#6333,#6341,#2571,.T.);
#10111=EDGE_CURVE('',#6331,#6339,#2575,.T.);
#10124=EDGE_CURVE('',#6329,#6337,#2579,.T.);
#10150=EDGE_CURVE('',#5853,#5849,#2587,.T.);
#10164=EDGE_CURVE('',#5851,#5847,#2591,.T.);
#10168=EDGE_CURVE('',#6368,#6369,#2595,.T.);
#10170=EDGE_CURVE('',#6369,#6373,#2599,.T.);
#10172=EDGE_CURVE('',#6372,#6373,#2603,.T.);
#10174=EDGE_CURVE('',#6368,#6372,#2607,.T.);
#10197=EDGE_CURVE('',#6368,#6352,#2611,.T.);
#10199=EDGE_CURVE('',#6352,#6353,#2615,.T.);
#10201=EDGE_CURVE('',#6353,#6355,#2619,.T.);
#10203=EDGE_CURVE('',#6355,#6357,#2623,.T.);
#10205=EDGE_CURVE('',#6357,#6369,#2627,.T.);
#10216=EDGE_CURVE('',#6372,#6360,#2647,.T.);
#10218=EDGE_CURVE('',#6352,#6360,#2663,.T.);
#10230=EDGE_CURVE('',#6365,#6373,#2631,.T.);
#10232=EDGE_CURVE('',#6363,#6365,#2635,.T.);
#10234=EDGE_CURVE('',#6361,#6363,#2639,.T.);
#10236=EDGE_CURVE('',#6360,#6361,#2643,.T.);
#10249=EDGE_CURVE('',#6357,#6365,#2651,.T.);
#10261=EDGE_CURVE('',#6355,#6363,#2655,.T.);
#10274=EDGE_CURVE('',#6353,#6361,#2659,.T.);
#10300=EDGE_CURVE('',#5869,#5865,#2667,.T.);
#10314=EDGE_CURVE('',#5867,#5863,#2671,.T.);
#10318=EDGE_CURVE('',#6392,#6393,#2675,.T.);
#10320=EDGE_CURVE('',#6393,#6397,#2679,.T.);
#10322=EDGE_CURVE('',#6396,#6397,#2683,.T.);
#10324=EDGE_CURVE('',#6392,#6396,#2687,.T.);
#10347=EDGE_CURVE('',#6392,#6376,#2691,.T.);
#10349=EDGE_CURVE('',#6376,#6377,#2695,.T.);
#10351=EDGE_CURVE('',#6377,#6379,#2699,.T.);
#10353=EDGE_CURVE('',#6379,#6381,#2703,.T.);
#10355=EDGE_CURVE('',#6381,#6393,#2707,.T.);
#10366=EDGE_CURVE('',#6396,#6384,#2727,.T.);
#10368=EDGE_CURVE('',#6376,#6384,#2743,.T.);
#10380=EDGE_CURVE('',#6389,#6397,#2711,.T.);
#10382=EDGE_CURVE('',#6387,#6389,#2715,.T.);
#10384=EDGE_CURVE('',#6385,#6387,#2719,.T.);
#10386=EDGE_CURVE('',#6384,#6385,#2723,.T.);
#10399=EDGE_CURVE('',#6381,#6389,#2731,.T.);
#10411=EDGE_CURVE('',#6379,#6387,#2735,.T.);
#10424=EDGE_CURVE('',#6377,#6385,#2739,.T.);
#10450=EDGE_CURVE('',#5885,#5881,#2747,.T.);
#10464=EDGE_CURVE('',#5883,#5879,#2751,.T.);
#10468=EDGE_CURVE('',#6416,#6417,#2755,.T.);
#10470=EDGE_CURVE('',#6417,#6421,#2759,.T.);
#10472=EDGE_CURVE('',#6420,#6421,#2763,.T.);
#10474=EDGE_CURVE('',#6416,#6420,#2767,.T.);
#10497=EDGE_CURVE('',#6416,#6400,#2771,.T.);
#10499=EDGE_CURVE('',#6400,#6401,#2775,.T.);
#10501=EDGE_CURVE('',#6401,#6403,#2779,.T.);
#10503=EDGE_CURVE('',#6403,#6405,#2783,.T.);
#10505=EDGE_CURVE('',#6405,#6417,#2787,.T.);
#10516=EDGE_CURVE('',#6420,#6408,#2807,.T.);
#10518=EDGE_CURVE('',#6400,#6408,#2823,.T.);
#10530=EDGE_CURVE('',#6413,#6421,#2791,.T.);
#10532=EDGE_CURVE('',#6411,#6413,#2795,.T.);
#10534=EDGE_CURVE('',#6409,#6411,#2799,.T.);
#10536=EDGE_CURVE('',#6408,#6409,#2803,.T.);
#10549=EDGE_CURVE('',#6405,#6413,#2811,.T.);
#10561=EDGE_CURVE('',#6403,#6411,#2815,.T.);
#10574=EDGE_CURVE('',#6401,#6409,#2819,.T.);
#10600=EDGE_CURVE('',#5901,#5897,#2827,.T.);
#10614=EDGE_CURVE('',#5899,#5895,#2831,.T.);
#10618=EDGE_CURVE('',#6440,#6441,#2835,.T.);
#10620=EDGE_CURVE('',#6441,#6445,#2839,.T.);
#10622=EDGE_CURVE('',#6444,#6445,#2843,.T.);
#10624=EDGE_CURVE('',#6440,#6444,#2847,.T.);
#10647=EDGE_CURVE('',#6440,#6424,#2851,.T.);
#10649=EDGE_CURVE('',#6424,#6425,#2855,.T.);
#10651=EDGE_CURVE('',#6425,#6427,#2859,.T.);
#10653=EDGE_CURVE('',#6427,#6429,#2863,.T.);
#10655=EDGE_CURVE('',#6429,#6441,#2867,.T.);
#10666=EDGE_CURVE('',#6444,#6432,#2887,.T.);
#10668=EDGE_CURVE('',#6424,#6432,#2903,.T.);
#10680=EDGE_CURVE('',#6437,#6445,#2871,.T.);
#10682=EDGE_CURVE('',#6435,#6437,#2875,.T.);
#10684=EDGE_CURVE('',#6433,#6435,#2879,.T.);
#10686=EDGE_CURVE('',#6432,#6433,#2883,.T.);
#10699=EDGE_CURVE('',#6429,#6437,#2891,.T.);
#10711=EDGE_CURVE('',#6427,#6435,#2895,.T.);
#10724=EDGE_CURVE('',#6425,#6433,#2899,.T.);
#10750=EDGE_CURVE('',#5917,#5913,#2907,.T.);
#10764=EDGE_CURVE('',#5915,#5911,#2911,.T.);
#10768=EDGE_CURVE('',#6464,#6465,#2915,.T.);
#10770=EDGE_CURVE('',#6465,#6469,#2919,.T.);
#10772=EDGE_CURVE('',#6468,#6469,#2923,.T.);
#10774=EDGE_CURVE('',#6464,#6468,#2927,.T.);
#10797=EDGE_CURVE('',#6464,#6448,#2931,.T.);
#10799=EDGE_CURVE('',#6448,#6449,#2935,.T.);
#10801=EDGE_CURVE('',#6449,#6451,#2939,.T.);
#10803=EDGE_CURVE('',#6451,#6453,#2943,.T.);
#10805=EDGE_CURVE('',#6453,#6465,#2947,.T.);
#10816=EDGE_CURVE('',#6468,#6456,#2967,.T.);
#10818=EDGE_CURVE('',#6448,#6456,#2983,.T.);
#10830=EDGE_CURVE('',#6461,#6469,#2951,.T.);
#10832=EDGE_CURVE('',#6459,#6461,#2955,.T.);
#10834=EDGE_CURVE('',#6457,#6459,#2959,.T.);
#10836=EDGE_CURVE('',#6456,#6457,#2963,.T.);
#10849=EDGE_CURVE('',#6453,#6461,#2971,.T.);
#10861=EDGE_CURVE('',#6451,#6459,#2975,.T.);
#10874=EDGE_CURVE('',#6449,#6457,#2979,.T.);
#10900=EDGE_CURVE('',#6667,#6663,#2987,.T.);
#10914=EDGE_CURVE('',#6665,#6661,#2991,.T.);
#10918=EDGE_CURVE('',#6798,#6799,#2995,.T.);
#10920=EDGE_CURVE('',#6799,#6803,#2999,.T.);
#10922=EDGE_CURVE('',#6802,#6803,#3003,.T.);
#10924=EDGE_CURVE('',#6798,#6802,#3007,.T.);
#10947=EDGE_CURVE('',#6798,#6782,#3011,.T.);
#10949=EDGE_CURVE('',#6782,#6783,#3015,.T.);
#10951=EDGE_CURVE('',#6783,#6785,#3019,.T.);
#10953=EDGE_CURVE('',#6785,#6787,#3023,.T.);
#10955=EDGE_CURVE('',#6787,#6799,#3027,.T.);
#10966=EDGE_CURVE('',#6802,#6790,#3047,.T.);
#10968=EDGE_CURVE('',#6782,#6790,#3063,.T.);
#10980=EDGE_CURVE('',#6795,#6803,#3031,.T.);
#10982=EDGE_CURVE('',#6793,#6795,#3035,.T.);
#10984=EDGE_CURVE('',#6791,#6793,#3039,.T.);
#10986=EDGE_CURVE('',#6790,#6791,#3043,.T.);
#10999=EDGE_CURVE('',#6787,#6795,#3051,.T.);
#11011=EDGE_CURVE('',#6785,#6793,#3055,.T.);
#11024=EDGE_CURVE('',#6783,#6791,#3059,.T.);
#11050=EDGE_CURVE('',#6683,#6679,#3067,.T.);
#11064=EDGE_CURVE('',#6681,#6677,#3071,.T.);
#11068=EDGE_CURVE('',#6822,#6823,#3075,.T.);
#11070=EDGE_CURVE('',#6823,#6827,#3079,.T.);
#11072=EDGE_CURVE('',#6826,#6827,#3083,.T.);
#11074=EDGE_CURVE('',#6822,#6826,#3087,.T.);
#11097=EDGE_CURVE('',#6822,#6806,#3091,.T.);
#11099=EDGE_CURVE('',#6806,#6807,#3095,.T.);
#11101=EDGE_CURVE('',#6807,#6809,#3099,.T.);
#11103=EDGE_CURVE('',#6809,#6811,#3103,.T.);
#11105=EDGE_CURVE('',#6811,#6823,#3107,.T.);
#11116=EDGE_CURVE('',#6826,#6814,#3127,.T.);
#11118=EDGE_CURVE('',#6806,#6814,#3143,.T.);
#11130=EDGE_CURVE('',#6819,#6827,#3111,.T.);
#11132=EDGE_CURVE('',#6817,#6819,#3115,.T.);
#11134=EDGE_CURVE('',#6815,#6817,#3119,.T.);
#11136=EDGE_CURVE('',#6814,#6815,#3123,.T.);
#11149=EDGE_CURVE('',#6811,#6819,#3131,.T.);
#11161=EDGE_CURVE('',#6809,#6817,#3135,.T.);
#11174=EDGE_CURVE('',#6807,#6815,#3139,.T.);
#11200=EDGE_CURVE('',#6699,#6695,#3147,.T.);
#11214=EDGE_CURVE('',#6697,#6693,#3151,.T.);
#11218=EDGE_CURVE('',#6846,#6847,#3155,.T.);
#11220=EDGE_CURVE('',#6847,#6851,#3159,.T.);
#11222=EDGE_CURVE('',#6850,#6851,#3163,.T.);
#11224=EDGE_CURVE('',#6846,#6850,#3167,.T.);
#11247=EDGE_CURVE('',#6846,#6830,#3171,.T.);
#11249=EDGE_CURVE('',#6830,#6831,#3175,.T.);
#11251=EDGE_CURVE('',#6831,#6833,#3179,.T.);
#11253=EDGE_CURVE('',#6833,#6835,#3183,.T.);
#11255=EDGE_CURVE('',#6835,#6847,#3187,.T.);
#11266=EDGE_CURVE('',#6850,#6838,#3207,.T.);
#11268=EDGE_CURVE('',#6830,#6838,#3223,.T.);
#11280=EDGE_CURVE('',#6843,#6851,#3191,.T.);
#11282=EDGE_CURVE('',#6841,#6843,#3195,.T.);
#11284=EDGE_CURVE('',#6839,#6841,#3199,.T.);
#11286=EDGE_CURVE('',#6838,#6839,#3203,.T.);
#11299=EDGE_CURVE('',#6835,#6843,#3211,.T.);
#11311=EDGE_CURVE('',#6833,#6841,#3215,.T.);
#11324=EDGE_CURVE('',#6831,#6839,#3219,.T.);
#11350=EDGE_CURVE('',#6715,#6711,#3227,.T.);
#11364=EDGE_CURVE('',#6713,#6709,#3231,.T.);
#11368=EDGE_CURVE('',#6870,#6871,#3235,.T.);
#11370=EDGE_CURVE('',#6871,#6875,#3239,.T.);
#11372=EDGE_CURVE('',#6874,#6875,#3243,.T.);
#11374=EDGE_CURVE('',#6870,#6874,#3247,.T.);
#11397=EDGE_CURVE('',#6870,#6854,#3251,.T.);
#11399=EDGE_CURVE('',#6854,#6855,#3255,.T.);
#11401=EDGE_CURVE('',#6855,#6857,#3259,.T.);
#11403=EDGE_CURVE('',#6857,#6859,#3263,.T.);
#11405=EDGE_CURVE('',#6859,#6871,#3267,.T.);
#11416=EDGE_CURVE('',#6874,#6862,#3287,.T.);
#11418=EDGE_CURVE('',#6854,#6862,#3303,.T.);
#11430=EDGE_CURVE('',#6867,#6875,#3271,.T.);
#11432=EDGE_CURVE('',#6865,#6867,#3275,.T.);
#11434=EDGE_CURVE('',#6863,#6865,#3279,.T.);
#11436=EDGE_CURVE('',#6862,#6863,#3283,.T.);
#11449=EDGE_CURVE('',#6859,#6867,#3291,.T.);
#11461=EDGE_CURVE('',#6857,#6865,#3295,.T.);
#11474=EDGE_CURVE('',#6855,#6863,#3299,.T.);
#11500=EDGE_CURVE('',#6731,#6727,#3307,.T.);
#11514=EDGE_CURVE('',#6729,#6725,#3311,.T.);
#11518=EDGE_CURVE('',#6894,#6895,#3315,.T.);
#11520=EDGE_CURVE('',#6895,#6899,#3319,.T.);
#11522=EDGE_CURVE('',#6898,#6899,#3323,.T.);
#11524=EDGE_CURVE('',#6894,#6898,#3327,.T.);
#11547=EDGE_CURVE('',#6894,#6878,#3331,.T.);
#11549=EDGE_CURVE('',#6878,#6879,#3335,.T.);
#11551=EDGE_CURVE('',#6879,#6881,#3339,.T.);
#11553=EDGE_CURVE('',#6881,#6883,#3343,.T.);
#11555=EDGE_CURVE('',#6883,#6895,#3347,.T.);
#11566=EDGE_CURVE('',#6898,#6886,#3367,.T.);
#11568=EDGE_CURVE('',#6878,#6886,#3383,.T.);
#11580=EDGE_CURVE('',#6891,#6899,#3351,.T.);
#11582=EDGE_CURVE('',#6889,#6891,#3355,.T.);
#11584=EDGE_CURVE('',#6887,#6889,#3359,.T.);
#11586=EDGE_CURVE('',#6886,#6887,#3363,.T.);
#11599=EDGE_CURVE('',#6883,#6891,#3371,.T.);
#11611=EDGE_CURVE('',#6881,#6889,#3375,.T.);
#11624=EDGE_CURVE('',#6879,#6887,#3379,.T.);
#11650=EDGE_CURVE('',#6747,#6743,#3387,.T.);
#11664=EDGE_CURVE('',#6745,#6741,#3391,.T.);
#11668=EDGE_CURVE('',#6918,#6919,#3395,.T.);
#11670=EDGE_CURVE('',#6919,#6923,#3399,.T.);
#11672=EDGE_CURVE('',#6922,#6923,#3403,.T.);
#11674=EDGE_CURVE('',#6918,#6922,#3407,.T.);
#11697=EDGE_CURVE('',#6918,#6902,#3411,.T.);
#11699=EDGE_CURVE('',#6902,#6903,#3415,.T.);
#11701=EDGE_CURVE('',#6903,#6905,#3419,.T.);
#11703=EDGE_CURVE('',#6905,#6907,#3423,.T.);
#11705=EDGE_CURVE('',#6907,#6919,#3427,.T.);
#11716=EDGE_CURVE('',#6922,#6910,#3447,.T.);
#11718=EDGE_CURVE('',#6902,#6910,#3463,.T.);
#11730=EDGE_CURVE('',#6915,#6923,#3431,.T.);
#11732=EDGE_CURVE('',#6913,#6915,#3435,.T.);
#11734=EDGE_CURVE('',#6911,#6913,#3439,.T.);
#11736=EDGE_CURVE('',#6910,#6911,#3443,.T.);
#11749=EDGE_CURVE('',#6907,#6915,#3451,.T.);
#11761=EDGE_CURVE('',#6905,#6913,#3455,.T.);
#11774=EDGE_CURVE('',#6903,#6911,#3459,.T.);
#11800=EDGE_CURVE('',#6765,#6761,#3467,.T.);
#11814=EDGE_CURVE('',#6763,#6767,#3471,.T.);
#11816=EDGE_CURVE('',#6771,#6767,#3503,.T.);
#11818=EDGE_CURVE('',#6771,#6773,#3617,.T.);
#11820=EDGE_CURVE('',#6773,#6775,#3608,.T.);
#11822=EDGE_CURVE('',#6775,#6777,#3600,.T.);
#11824=EDGE_CURVE('',#6777,#6779,#3591,.T.);
#11826=EDGE_CURVE('',#6779,#6759,#3475,.T.);
#11830=EDGE_CURVE('',#6942,#6943,#3479,.T.);
#11832=EDGE_CURVE('',#6943,#6947,#3483,.T.);
#11834=EDGE_CURVE('',#6946,#6947,#3487,.T.);
#11836=EDGE_CURVE('',#6942,#6946,#3491,.T.);
#11847=EDGE_CURVE('',#6751,#6767,#3495,.T.);
#11861=EDGE_CURVE('',#6769,#6779,#3587,.T.);
#11874=EDGE_CURVE('',#5614,#5598,#3499,.T.);
#11876=EDGE_CURVE('',#5598,#5599,#3574,.T.);
#11878=EDGE_CURVE('',#6771,#5599,#3621,.T.);
#11890=EDGE_CURVE('',#5619,#5615,#3511,.T.);
#11892=EDGE_CURVE('',#5619,#5598,#3579,.T.);
#11903=EDGE_CURVE('',#5618,#5619,#3507,.T.);
#11914=EDGE_CURVE('',#5618,#5610,#3547,.T.);
#11925=EDGE_CURVE('',#5607,#5618,#3552,.T.);
#11927=EDGE_CURVE('',#5605,#5607,#3556,.T.);
#11929=EDGE_CURVE('',#5603,#5605,#3561,.T.);
#11931=EDGE_CURVE('',#5601,#5603,#3565,.T.);
#11933=EDGE_CURVE('',#5599,#5601,#3570,.T.);
#11946=EDGE_CURVE('',#5611,#5607,#3583,.T.);
#11960=EDGE_CURVE('',#6777,#5605,#3595,.T.);
#11974=EDGE_CURVE('',#6775,#5603,#3604,.T.);
#11987=EDGE_CURVE('',#6773,#5601,#3612,.T.);
#12012=EDGE_CURVE('',#6942,#6926,#3625,.T.);
#12014=EDGE_CURVE('',#6926,#6927,#3629,.T.);
#12016=EDGE_CURVE('',#6927,#6929,#3633,.T.);
#12018=EDGE_CURVE('',#6929,#6931,#3637,.T.);
#12020=EDGE_CURVE('',#6931,#6943,#3641,.T.);
#12031=EDGE_CURVE('',#6946,#6934,#3661,.T.);
#12033=EDGE_CURVE('',#6926,#6934,#3677,.T.);
#12045=EDGE_CURVE('',#6939,#6947,#3645,.T.);
#12047=EDGE_CURVE('',#6937,#6939,#3649,.T.);
#12049=EDGE_CURVE('',#6935,#6937,#3653,.T.);
#12051=EDGE_CURVE('',#6934,#6935,#3657,.T.);
#12064=EDGE_CURVE('',#6931,#6939,#3665,.T.);
#12076=EDGE_CURVE('',#6929,#6937,#3669,.T.);
#12089=EDGE_CURVE('',#6927,#6935,#3673,.T.);
#12115=EDGE_CURVE('',#7203,#7215,#3681,.T.);
#12117=EDGE_CURVE('',#7201,#7203,#3685,.T.);
#12119=EDGE_CURVE('',#7199,#7201,#3689,.T.);
#12121=EDGE_CURVE('',#7198,#7199,#3693,.T.);
#12123=EDGE_CURVE('',#7211,#7198,#3697,.T.);
#12135=EDGE_CURVE('',#7195,#7203,#3701,.T.);
#12147=EDGE_CURVE('',#7193,#7201,#3705,.T.);
#12160=EDGE_CURVE('',#7191,#7199,#3709,.T.);
#12173=EDGE_CURVE('',#7190,#7198,#3713,.T.);
#12197=EDGE_CURVE('',#5654,#6499,#3717,.T.);
#12199=EDGE_CURVE('',#5669,#6499,#3735,.T.);
#12201=EDGE_CURVE('',#5669,#5661,#3721,.T.);
#12203=EDGE_CURVE('',#5661,#5663,#3775,.T.);
#12205=EDGE_CURVE('',#5672,#5663,#3783,.T.);
#12207=EDGE_CURVE('',#5672,#5673,#3757,.T.);
#12209=EDGE_CURVE('',#5673,#5658,#3725,.T.);
#12211=EDGE_CURVE('',#5658,#5659,#3766,.T.);
#12213=EDGE_CURVE('',#5667,#5659,#3761,.T.);
#12215=EDGE_CURVE('',#5666,#5667,#3730,.T.);
#12217=EDGE_CURVE('',#5655,#5666,#3739,.T.);
#12229=EDGE_CURVE('',#5667,#5669,#3748,.T.);
#12243=EDGE_CURVE('',#5667,#5669,#3743,.T.);
#12254=EDGE_CURVE('',#5672,#5673,#3752,.T.);
#12267=EDGE_CURVE('',#5659,#5661,#3779,.T.);
#12279=EDGE_CURVE('',#5663,#5658,#3770,.T.);
#12303=EDGE_CURVE('',#5676,#6501,#3787,.T.);
#12305=EDGE_CURVE('',#5711,#6501,#3805,.T.);
#12307=EDGE_CURVE('',#5711,#5703,#3791,.T.);
#12309=EDGE_CURVE('',#5703,#5705,#3845,.T.);
#12311=EDGE_CURVE('',#5714,#5705,#3853,.T.);
#12313=EDGE_CURVE('',#5714,#5715,#3827,.T.);
#12315=EDGE_CURVE('',#5715,#5700,#3795,.T.);
#12317=EDGE_CURVE('',#5700,#5701,#3836,.T.);
#12319=EDGE_CURVE('',#5709,#5701,#3831,.T.);
#12321=EDGE_CURVE('',#5708,#5709,#3800,.T.);
#12323=EDGE_CURVE('',#5677,#5708,#3809,.T.);
#12335=EDGE_CURVE('',#5709,#5711,#3818,.T.);
#12349=EDGE_CURVE('',#5709,#5711,#3813,.T.);
#12360=EDGE_CURVE('',#5714,#5715,#3822,.T.);
#12373=EDGE_CURVE('',#5701,#5703,#3849,.T.);
#12385=EDGE_CURVE('',#5705,#5700,#3840,.T.);
#12409=EDGE_CURVE('',#5680,#6503,#3857,.T.);
#12411=EDGE_CURVE('',#5729,#6503,#3875,.T.);
#12413=EDGE_CURVE('',#5729,#5721,#3861,.T.);
#12415=EDGE_CURVE('',#5721,#5723,#3915,.T.);
#12417=EDGE_CURVE('',#5732,#5723,#3923,.T.);
#12419=EDGE_CURVE('',#5732,#5733,#3897,.T.);
#12421=EDGE_CURVE('',#5733,#5718,#3865,.T.);
#12423=EDGE_CURVE('',#5718,#5719,#3906,.T.);
#12425=EDGE_CURVE('',#5727,#5719,#3901,.T.);
#12427=EDGE_CURVE('',#5726,#5727,#3870,.T.);
#12429=EDGE_CURVE('',#5681,#5726,#3879,.T.);
#12441=EDGE_CURVE('',#5727,#5729,#3888,.T.);
#12455=EDGE_CURVE('',#5727,#5729,#3883,.T.);
#12466=EDGE_CURVE('',#5732,#5733,#3892,.T.);
#12479=EDGE_CURVE('',#5719,#5721,#3919,.T.);
#12491=EDGE_CURVE('',#5723,#5718,#3910,.T.);
#12515=EDGE_CURVE('',#5684,#6505,#3927,.T.);
#12517=EDGE_CURVE('',#5747,#6505,#3945,.T.);
#12519=EDGE_CURVE('',#5747,#5739,#3931,.T.);
#12521=EDGE_CURVE('',#5739,#5741,#3985,.T.);
#12523=EDGE_CURVE('',#5750,#5741,#3993,.T.);
#12525=EDGE_CURVE('',#5750,#5751,#3967,.T.);
#12527=EDGE_CURVE('',#5751,#5736,#3935,.T.);
#12529=EDGE_CURVE('',#5736,#5737,#3976,.T.);
#12531=EDGE_CURVE('',#5745,#5737,#3971,.T.);
#12533=EDGE_CURVE('',#5744,#5745,#3940,.T.);
#12535=EDGE_CURVE('',#5685,#5744,#3949,.T.);
#12547=EDGE_CURVE('',#5745,#5747,#3958,.T.);
#12561=EDGE_CURVE('',#5745,#5747,#3953,.T.);
#12572=EDGE_CURVE('',#5750,#5751,#3962,.T.);
#12585=EDGE_CURVE('',#5737,#5739,#3989,.T.);
#12597=EDGE_CURVE('',#5741,#5736,#3980,.T.);
#12621=EDGE_CURVE('',#5688,#6507,#3997,.T.);
#12623=EDGE_CURVE('',#5765,#6507,#4015,.T.);
#12625=EDGE_CURVE('',#5765,#5757,#4001,.T.);
#12627=EDGE_CURVE('',#5757,#5759,#4055,.T.);
#12629=EDGE_CURVE('',#5768,#5759,#4063,.T.);
#12631=EDGE_CURVE('',#5768,#5769,#4037,.T.);
#12633=EDGE_CURVE('',#5769,#5754,#4005,.T.);
#12635=EDGE_CURVE('',#5754,#5755,#4046,.T.);
#12637=EDGE_CURVE('',#5763,#5755,#4041,.T.);
#12639=EDGE_CURVE('',#5762,#5763,#4010,.T.);
#12641=EDGE_CURVE('',#5689,#5762,#4019,.T.);
#12653=EDGE_CURVE('',#5763,#5765,#4028,.T.);
#12667=EDGE_CURVE('',#5763,#5765,#4023,.T.);
#12678=EDGE_CURVE('',#5768,#5769,#4032,.T.);
#12691=EDGE_CURVE('',#5755,#5757,#4059,.T.);
#12703=EDGE_CURVE('',#5759,#5754,#4050,.T.);
#12727=EDGE_CURVE('',#5692,#6509,#4067,.T.);
#12729=EDGE_CURVE('',#5783,#6509,#4085,.T.);
#12731=EDGE_CURVE('',#5783,#5775,#4071,.T.);
#12733=EDGE_CURVE('',#5775,#5777,#4125,.T.);
#12735=EDGE_CURVE('',#5786,#5777,#4133,.T.);
#12737=EDGE_CURVE('',#5786,#5787,#4107,.T.);
#12739=EDGE_CURVE('',#5787,#5772,#4075,.T.);
#12741=EDGE_CURVE('',#5772,#5773,#4116,.T.);
#12743=EDGE_CURVE('',#5781,#5773,#4111,.T.);
#12745=EDGE_CURVE('',#5780,#5781,#4080,.T.);
#12747=EDGE_CURVE('',#5693,#5780,#4089,.T.);
#12759=EDGE_CURVE('',#5781,#5783,#4098,.T.);
#12773=EDGE_CURVE('',#5781,#5783,#4093,.T.);
#12784=EDGE_CURVE('',#5786,#5787,#4102,.T.);
#12797=EDGE_CURVE('',#5773,#5775,#4129,.T.);
#12809=EDGE_CURVE('',#5777,#5772,#4120,.T.);
#12833=EDGE_CURVE('',#5696,#6511,#4137,.T.);
#12835=EDGE_CURVE('',#5801,#6511,#4155,.T.);
#12837=EDGE_CURVE('',#5801,#5793,#4141,.T.);
#12839=EDGE_CURVE('',#5793,#5795,#4195,.T.);
#12841=EDGE_CURVE('',#5804,#5795,#4203,.T.);
#12843=EDGE_CURVE('',#5804,#5805,#4177,.T.);
#12845=EDGE_CURVE('',#5805,#5790,#4145,.T.);
#12847=EDGE_CURVE('',#5790,#5791,#4186,.T.);
#12849=EDGE_CURVE('',#5799,#5791,#4181,.T.);
#12851=EDGE_CURVE('',#5798,#5799,#4150,.T.);
#12853=EDGE_CURVE('',#5697,#5798,#4159,.T.);
#12865=EDGE_CURVE('',#5799,#5801,#4168,.T.);
#12879=EDGE_CURVE('',#5799,#5801,#4163,.T.);
#12890=EDGE_CURVE('',#5804,#5805,#4172,.T.);
#12903=EDGE_CURVE('',#5791,#5793,#4199,.T.);
#12915=EDGE_CURVE('',#5795,#5790,#4190,.T.);
#12939=EDGE_CURVE('',#6472,#6527,#4207,.T.);
#12941=EDGE_CURVE('',#6525,#6527,#4225,.T.);
#12943=EDGE_CURVE('',#6525,#6517,#4211,.T.);
#12945=EDGE_CURVE('',#6517,#6519,#4265,.T.);
#12947=EDGE_CURVE('',#6530,#6519,#4273,.T.);
#12949=EDGE_CURVE('',#6530,#6531,#4247,.T.);
#12951=EDGE_CURVE('',#6531,#6514,#4215,.T.);
#12953=EDGE_CURVE('',#6514,#6515,#4256,.T.);
#12955=EDGE_CURVE('',#6523,#6515,#4251,.T.);
#12957=EDGE_CURVE('',#6522,#6523,#4220,.T.);
#12959=EDGE_CURVE('',#6473,#6522,#4229,.T.);
#12971=EDGE_CURVE('',#6523,#6525,#4238,.T.);
#12985=EDGE_CURVE('',#6523,#6525,#4233,.T.);
#12996=EDGE_CURVE('',#6530,#6531,#4242,.T.);
#13009=EDGE_CURVE('',#6515,#6517,#4269,.T.);
#13021=EDGE_CURVE('',#6519,#6514,#4260,.T.);
#13045=EDGE_CURVE('',#6476,#6547,#4277,.T.);
#13047=EDGE_CURVE('',#6545,#6547,#4295,.T.);
#13049=EDGE_CURVE('',#6545,#6537,#4281,.T.);
#13051=EDGE_CURVE('',#6537,#6539,#4335,.T.);
#13053=EDGE_CURVE('',#6550,#6539,#4343,.T.);
#13055=EDGE_CURVE('',#6550,#6551,#4317,.T.);
#13057=EDGE_CURVE('',#6551,#6534,#4285,.T.);
#13059=EDGE_CURVE('',#6534,#6535,#4326,.T.);
#13061=EDGE_CURVE('',#6543,#6535,#4321,.T.);
#13063=EDGE_CURVE('',#6542,#6543,#4290,.T.);
#13065=EDGE_CURVE('',#6477,#6542,#4299,.T.);
#13077=EDGE_CURVE('',#6543,#6545,#4308,.T.);
#13091=EDGE_CURVE('',#6543,#6545,#4303,.T.);
#13102=EDGE_CURVE('',#6550,#6551,#4312,.T.);
#13115=EDGE_CURVE('',#6535,#6537,#4339,.T.);
#13127=EDGE_CURVE('',#6539,#6534,#4330,.T.);
#13151=EDGE_CURVE('',#6480,#6567,#4347,.T.);
#13153=EDGE_CURVE('',#6565,#6567,#4365,.T.);
#13155=EDGE_CURVE('',#6565,#6557,#4351,.T.);
#13157=EDGE_CURVE('',#6557,#6559,#4405,.T.);
#13159=EDGE_CURVE('',#6570,#6559,#4413,.T.);
#13161=EDGE_CURVE('',#6570,#6571,#4387,.T.);
#13163=EDGE_CURVE('',#6571,#6554,#4355,.T.);
#13165=EDGE_CURVE('',#6554,#6555,#4396,.T.);
#13167=EDGE_CURVE('',#6563,#6555,#4391,.T.);
#13169=EDGE_CURVE('',#6562,#6563,#4360,.T.);
#13171=EDGE_CURVE('',#6481,#6562,#4369,.T.);
#13183=EDGE_CURVE('',#6563,#6565,#4378,.T.);
#13197=EDGE_CURVE('',#6563,#6565,#4373,.T.);
#13208=EDGE_CURVE('',#6570,#6571,#4382,.T.);
#13221=EDGE_CURVE('',#6555,#6557,#4409,.T.);
#13233=EDGE_CURVE('',#6559,#6554,#4400,.T.);
#13257=EDGE_CURVE('',#6484,#6587,#4417,.T.);
#13259=EDGE_CURVE('',#6585,#6587,#4435,.T.);
#13261=EDGE_CURVE('',#6585,#6577,#4421,.T.);
#13263=EDGE_CURVE('',#6577,#6579,#4475,.T.);
#13265=EDGE_CURVE('',#6590,#6579,#4483,.T.);
#13267=EDGE_CURVE('',#6590,#6591,#4457,.T.);
#13269=EDGE_CURVE('',#6591,#6574,#4425,.T.);
#13271=EDGE_CURVE('',#6574,#6575,#4466,.T.);
#13273=EDGE_CURVE('',#6583,#6575,#4461,.T.);
#13275=EDGE_CURVE('',#6582,#6583,#4430,.T.);
#13277=EDGE_CURVE('',#6485,#6582,#4439,.T.);
#13289=EDGE_CURVE('',#6583,#6585,#4448,.T.);
#13303=EDGE_CURVE('',#6583,#6585,#4443,.T.);
#13314=EDGE_CURVE('',#6590,#6591,#4452,.T.);
#13327=EDGE_CURVE('',#6575,#6577,#4479,.T.);
#13339=EDGE_CURVE('',#6579,#6574,#4470,.T.);
#13363=EDGE_CURVE('',#6488,#6607,#4487,.T.);
#13365=EDGE_CURVE('',#6605,#6607,#4505,.T.);
#13367=EDGE_CURVE('',#6605,#6597,#4491,.T.);
#13369=EDGE_CURVE('',#6597,#6599,#4545,.T.);
#13371=EDGE_CURVE('',#6610,#6599,#4553,.T.);
#13373=EDGE_CURVE('',#6610,#6611,#4527,.T.);
#13375=EDGE_CURVE('',#6611,#6594,#4495,.T.);
#13377=EDGE_CURVE('',#6594,#6595,#4536,.T.);
#13379=EDGE_CURVE('',#6603,#6595,#4531,.T.);
#13381=EDGE_CURVE('',#6602,#6603,#4500,.T.);
#13383=EDGE_CURVE('',#6489,#6602,#4509,.T.);
#13395=EDGE_CURVE('',#6603,#6605,#4518,.T.);
#13409=EDGE_CURVE('',#6603,#6605,#4513,.T.);
#13420=EDGE_CURVE('',#6610,#6611,#4522,.T.);
#13433=EDGE_CURVE('',#6595,#6597,#4549,.T.);
#13445=EDGE_CURVE('',#6599,#6594,#4540,.T.);
#13469=EDGE_CURVE('',#6492,#6627,#4557,.T.);
#13471=EDGE_CURVE('',#6625,#6627,#4575,.T.);
#13473=EDGE_CURVE('',#6625,#6617,#4561,.T.);
#13475=EDGE_CURVE('',#6617,#6619,#4615,.T.);
#13477=EDGE_CURVE('',#6630,#6619,#4623,.T.);
#13479=EDGE_CURVE('',#6630,#6631,#4597,.T.);
#13481=EDGE_CURVE('',#6631,#6614,#4565,.T.);
#13483=EDGE_CURVE('',#6614,#6615,#4606,.T.);
#13485=EDGE_CURVE('',#6623,#6615,#4601,.T.);
#13487=EDGE_CURVE('',#6622,#6623,#4570,.T.);
#13489=EDGE_CURVE('',#6493,#6622,#4579,.T.);
#13501=EDGE_CURVE('',#6623,#6625,#4588,.T.);
#13515=EDGE_CURVE('',#6623,#6625,#4583,.T.);
#13526=EDGE_CURVE('',#6630,#6631,#4592,.T.);
#13539=EDGE_CURVE('',#6615,#6617,#4619,.T.);
#13551=EDGE_CURVE('',#6619,#6614,#4610,.T.);
#13575=EDGE_CURVE('',#6496,#6647,#4627,.T.);
#13577=EDGE_CURVE('',#6645,#6647,#4645,.T.);
#13579=EDGE_CURVE('',#6645,#6637,#4631,.T.);
#13581=EDGE_CURVE('',#6637,#6639,#4685,.T.);
#13583=EDGE_CURVE('',#6650,#6639,#4693,.T.);
#13585=EDGE_CURVE('',#6650,#6651,#4667,.T.);
#13587=EDGE_CURVE('',#6651,#6634,#4635,.T.);
#13589=EDGE_CURVE('',#6634,#6635,#4676,.T.);
#13591=EDGE_CURVE('',#6643,#6635,#4671,.T.);
#13593=EDGE_CURVE('',#6642,#6643,#4640,.T.);
#13595=EDGE_CURVE('',#6497,#6642,#4649,.T.);
#13607=EDGE_CURVE('',#6643,#6645,#4658,.T.);
#13621=EDGE_CURVE('',#6643,#6645,#4653,.T.);
#13632=EDGE_CURVE('',#6650,#6651,#4662,.T.);
#13645=EDGE_CURVE('',#6635,#6637,#4689,.T.);
#13657=EDGE_CURVE('',#6639,#6634,#4680,.T.);
#13682=EDGE_CURVE('',#6284,#6280,#4697,.T.);
#13684=EDGE_CURVE('',#6280,#6281,#4706,.T.);
#13686=EDGE_CURVE('',#6285,#6281,#4701,.T.);
#13698=EDGE_CURVE('',#6281,#6280,#4711,.T.);
#13720=EDGE_CURVE('',#6292,#6288,#4715,.T.);
#13722=EDGE_CURVE('',#6288,#6289,#4724,.T.);
#13724=EDGE_CURVE('',#6293,#6289,#4719,.T.);
#13736=EDGE_CURVE('',#6289,#6288,#4729,.T.);
#13758=EDGE_CURVE('',#6300,#6296,#4733,.T.);
#13760=EDGE_CURVE('',#6296,#6297,#4742,.T.);
#13762=EDGE_CURVE('',#6301,#6297,#4737,.T.);
#13774=EDGE_CURVE('',#6297,#6296,#4747,.T.);
#13796=EDGE_CURVE('',#6308,#6304,#4751,.T.);
#13798=EDGE_CURVE('',#6304,#6305,#4760,.T.);
#13800=EDGE_CURVE('',#6309,#6305,#4755,.T.);
#13812=EDGE_CURVE('',#6305,#6304,#4765,.T.);
#13834=EDGE_CURVE('',#6316,#6312,#4769,.T.);
#13836=EDGE_CURVE('',#6312,#6313,#4778,.T.);
#13838=EDGE_CURVE('',#6317,#6313,#4773,.T.);
#13850=EDGE_CURVE('',#6313,#6312,#4783,.T.);
#13872=EDGE_CURVE('',#6324,#6320,#4787,.T.);
#13874=EDGE_CURVE('',#6320,#6321,#4796,.T.);
#13876=EDGE_CURVE('',#6325,#6321,#4791,.T.);
#13888=EDGE_CURVE('',#6321,#6320,#4801,.T.);
#13910=EDGE_CURVE('',#7290,#7286,#4805,.T.);
#13912=EDGE_CURVE('',#7286,#7287,#4814,.T.);
#13914=EDGE_CURVE('',#7291,#7287,#4809,.T.);
#13926=EDGE_CURVE('',#7287,#7286,#4819,.T.);
#13948=EDGE_CURVE('',#7298,#7294,#4823,.T.);
#13950=EDGE_CURVE('',#7294,#7295,#4832,.T.);
#13952=EDGE_CURVE('',#7299,#7295,#4827,.T.);
#13964=EDGE_CURVE('',#7295,#7294,#4837,.T.);
#13986=EDGE_CURVE('',#7306,#7302,#4841,.T.);
#13988=EDGE_CURVE('',#7302,#7303,#4850,.T.);
#13990=EDGE_CURVE('',#7307,#7303,#4845,.T.);
#14002=EDGE_CURVE('',#7303,#7302,#4855,.T.);
#14024=EDGE_CURVE('',#7314,#7310,#4859,.T.);
#14026=EDGE_CURVE('',#7310,#7311,#4868,.T.);
#14028=EDGE_CURVE('',#7315,#7311,#4863,.T.);
#14040=EDGE_CURVE('',#7311,#7310,#4873,.T.);
#14062=EDGE_CURVE('',#7322,#7318,#4877,.T.);
#14064=EDGE_CURVE('',#7318,#7319,#4886,.T.);
#14066=EDGE_CURVE('',#7323,#7319,#4881,.T.);
#14078=EDGE_CURVE('',#7319,#7318,#4891,.T.);
#14100=EDGE_CURVE('',#7330,#7326,#4895,.T.);
#14102=EDGE_CURVE('',#7326,#7327,#4904,.T.);
#14104=EDGE_CURVE('',#7331,#7327,#4899,.T.);
#14116=EDGE_CURVE('',#7327,#7326,#4909,.T.);
#14138=EDGE_CURVE('',#7338,#7334,#4913,.T.);
#14140=EDGE_CURVE('',#7334,#7335,#4922,.T.);
#14142=EDGE_CURVE('',#7339,#7335,#4917,.T.);
#14154=EDGE_CURVE('',#7335,#7334,#4927,.T.);
#14175=EDGE_CURVE('',#6156,#6157,#4931,.T.);
#14178=EDGE_CURVE('',#6143,#6149,#4935,.T.);
#14180=EDGE_CURVE('',#6143,#6145,#4963,.T.);
#14182=EDGE_CURVE('',#6145,#6157,#4951,.T.);
#14192=EDGE_CURVE('',#6152,#6153,#4939,.T.);
#14196=EDGE_CURVE('',#6157,#6153,#4947,.T.);
#14207=EDGE_CURVE('',#6140,#6153,#4943,.T.);
#14209=EDGE_CURVE('',#6140,#6141,#4955,.T.);
#14211=EDGE_CURVE('',#6141,#6148,#4971,.T.);
#14224=EDGE_CURVE('',#6145,#6140,#4959,.T.);
#14238=EDGE_CURVE('',#6141,#6143,#4967,.T.);
#14260=EDGE_CURVE('',#6236,#6237,#4975,.T.);
#14263=EDGE_CURVE('',#6163,#6169,#4979,.T.);
#14265=EDGE_CURVE('',#6163,#6165,#5007,.T.);
#14267=EDGE_CURVE('',#6165,#6237,#4995,.T.);
#14277=EDGE_CURVE('',#6232,#6233,#4983,.T.);
#14281=EDGE_CURVE('',#6237,#6233,#4991,.T.);
#14292=EDGE_CURVE('',#6160,#6233,#4987,.T.);
#14294=EDGE_CURVE('',#6160,#6161,#4999,.T.);
#14296=EDGE_CURVE('',#6161,#6168,#5015,.T.);
#14309=EDGE_CURVE('',#6165,#6160,#5003,.T.);
#14323=EDGE_CURVE('',#6161,#6163,#5011,.T.);
#14345=EDGE_CURVE('',#6244,#6245,#5019,.T.);
#14348=EDGE_CURVE('',#6175,#6181,#5023,.T.);
#14350=EDGE_CURVE('',#6175,#6177,#5051,.T.);
#14352=EDGE_CURVE('',#6177,#6245,#5039,.T.);
#14362=EDGE_CURVE('',#6240,#6241,#5027,.T.);
#14366=EDGE_CURVE('',#6245,#6241,#5035,.T.);
#14377=EDGE_CURVE('',#6172,#6241,#5031,.T.);
#14379=EDGE_CURVE('',#6172,#6173,#5043,.T.);
#14381=EDGE_CURVE('',#6173,#6180,#5059,.T.);
#14394=EDGE_CURVE('',#6177,#6172,#5047,.T.);
#14408=EDGE_CURVE('',#6173,#6175,#5055,.T.);
#14430=EDGE_CURVE('',#6252,#6253,#5063,.T.);
#14433=EDGE_CURVE('',#6187,#6193,#5067,.T.);
#14435=EDGE_CURVE('',#6187,#6189,#5095,.T.);
#14437=EDGE_CURVE('',#6189,#6253,#5083,.T.);
#14447=EDGE_CURVE('',#6248,#6249,#5071,.T.);
#14451=EDGE_CURVE('',#6253,#6249,#5079,.T.);
#14462=EDGE_CURVE('',#6184,#6249,#5075,.T.);
#14464=EDGE_CURVE('',#6184,#6185,#5087,.T.);
#14466=EDGE_CURVE('',#6185,#6192,#5103,.T.);
#14479=EDGE_CURVE('',#6189,#6184,#5091,.T.);
#14493=EDGE_CURVE('',#6185,#6187,#5099,.T.);
#14515=EDGE_CURVE('',#6260,#6261,#5107,.T.);
#14518=EDGE_CURVE('',#6199,#6205,#5111,.T.);
#14520=EDGE_CURVE('',#6199,#6201,#5139,.T.);
#14522=EDGE_CURVE('',#6201,#6261,#5127,.T.);
#14532=EDGE_CURVE('',#6256,#6257,#5115,.T.);
#14536=EDGE_CURVE('',#6261,#6257,#5123,.T.);
#14547=EDGE_CURVE('',#6196,#6257,#5119,.T.);
#14549=EDGE_CURVE('',#6196,#6197,#5131,.T.);
#14551=EDGE_CURVE('',#6197,#6204,#5147,.T.);
#14564=EDGE_CURVE('',#6201,#6196,#5135,.T.);
#14578=EDGE_CURVE('',#6197,#6199,#5143,.T.);
#14600=EDGE_CURVE('',#6268,#6269,#5151,.T.);
#14603=EDGE_CURVE('',#6211,#6217,#5155,.T.);
#14605=EDGE_CURVE('',#6211,#6213,#5183,.T.);
#14607=EDGE_CURVE('',#6213,#6269,#5171,.T.);
#14617=EDGE_CURVE('',#6264,#6265,#5159,.T.);
#14621=EDGE_CURVE('',#6269,#6265,#5167,.T.);
#14632=EDGE_CURVE('',#6208,#6265,#5163,.T.);
#14634=EDGE_CURVE('',#6208,#6209,#5175,.T.);
#14636=EDGE_CURVE('',#6209,#6216,#5191,.T.);
#14649=EDGE_CURVE('',#6213,#6208,#5179,.T.);
#14663=EDGE_CURVE('',#6209,#6211,#5187,.T.);
#14685=EDGE_CURVE('',#6276,#6277,#5195,.T.);
#14688=EDGE_CURVE('',#6223,#6229,#5199,.T.);
#14690=EDGE_CURVE('',#6223,#6225,#5227,.T.);
#14692=EDGE_CURVE('',#6225,#6277,#5215,.T.);
#14702=EDGE_CURVE('',#6272,#6273,#5203,.T.);
#14706=EDGE_CURVE('',#6277,#6273,#5211,.T.);
#14717=EDGE_CURVE('',#6220,#6273,#5207,.T.);
#14719=EDGE_CURVE('',#6220,#6221,#5219,.T.);
#14721=EDGE_CURVE('',#6221,#6228,#5235,.T.);
#14734=EDGE_CURVE('',#6225,#6220,#5223,.T.);
#14748=EDGE_CURVE('',#6221,#6223,#5231,.T.);
#14770=EDGE_CURVE('',#7234,#7235,#5239,.T.);
#14773=EDGE_CURVE('',#6981,#6987,#5243,.T.);
#14775=EDGE_CURVE('',#6981,#6983,#5271,.T.);
#14777=EDGE_CURVE('',#6983,#7235,#5259,.T.);
#14787=EDGE_CURVE('',#7230,#7231,#5247,.T.);
#14791=EDGE_CURVE('',#7235,#7231,#5255,.T.);
#14802=EDGE_CURVE('',#6978,#7231,#5251,.T.);
#14804=EDGE_CURVE('',#6978,#6979,#5263,.T.);
#14806=EDGE_CURVE('',#6979,#6986,#5279,.T.);
#14819=EDGE_CURVE('',#6983,#6978,#5267,.T.);
#14833=EDGE_CURVE('',#6979,#6981,#5275,.T.);
#14855=EDGE_CURVE('',#7242,#7243,#5283,.T.);
#14858=EDGE_CURVE('',#7021,#7027,#5287,.T.);
#14860=EDGE_CURVE('',#7021,#7023,#5315,.T.);
#14862=EDGE_CURVE('',#7023,#7243,#5303,.T.);
#14872=EDGE_CURVE('',#7238,#7239,#5291,.T.);
#14876=EDGE_CURVE('',#7243,#7239,#5299,.T.);
#14887=EDGE_CURVE('',#7018,#7239,#5295,.T.);
#14889=EDGE_CURVE('',#7018,#7019,#5307,.T.);
#14891=EDGE_CURVE('',#7019,#7026,#5323,.T.);
#14904=EDGE_CURVE('',#7023,#7018,#5311,.T.);
#14918=EDGE_CURVE('',#7019,#7021,#5319,.T.);
#14940=EDGE_CURVE('',#7250,#7251,#5327,.T.);
#14943=EDGE_CURVE('',#7061,#7067,#5331,.T.);
#14945=EDGE_CURVE('',#7061,#7063,#5359,.T.);
#14947=EDGE_CURVE('',#7063,#7251,#5347,.T.);
#14957=EDGE_CURVE('',#7246,#7247,#5335,.T.);
#14961=EDGE_CURVE('',#7251,#7247,#5343,.T.);
#14972=EDGE_CURVE('',#7058,#7247,#5339,.T.);
#14974=EDGE_CURVE('',#7058,#7059,#5351,.T.);
#14976=EDGE_CURVE('',#7059,#7066,#5367,.T.);
#14989=EDGE_CURVE('',#7063,#7058,#5355,.T.);
#15003=EDGE_CURVE('',#7059,#7061,#5363,.T.);
#15025=EDGE_CURVE('',#7258,#7259,#5371,.T.);
#15028=EDGE_CURVE('',#7101,#7107,#5375,.T.);
#15030=EDGE_CURVE('',#7101,#7103,#5403,.T.);
#15032=EDGE_CURVE('',#7103,#7259,#5391,.T.);
#15042=EDGE_CURVE('',#7254,#7255,#5379,.T.);
#15046=EDGE_CURVE('',#7259,#7255,#5387,.T.);
#15057=EDGE_CURVE('',#7098,#7255,#5383,.T.);
#15059=EDGE_CURVE('',#7098,#7099,#5395,.T.);
#15061=EDGE_CURVE('',#7099,#7106,#5411,.T.);
#15074=EDGE_CURVE('',#7103,#7098,#5399,.T.);
#15088=EDGE_CURVE('',#7099,#7101,#5407,.T.);
#15110=EDGE_CURVE('',#7266,#7267,#5415,.T.);
#15113=EDGE_CURVE('',#7141,#7147,#5419,.T.);
#15115=EDGE_CURVE('',#7141,#7143,#5447,.T.);
#15117=EDGE_CURVE('',#7143,#7267,#5435,.T.);
#15127=EDGE_CURVE('',#7262,#7263,#5423,.T.);
#15131=EDGE_CURVE('',#7267,#7263,#5431,.T.);
#15142=EDGE_CURVE('',#7138,#7263,#5427,.T.);
#15144=EDGE_CURVE('',#7138,#7139,#5439,.T.);
#15146=EDGE_CURVE('',#7139,#7146,#5455,.T.);
#15159=EDGE_CURVE('',#7143,#7138,#5443,.T.);
#15173=EDGE_CURVE('',#7139,#7141,#5451,.T.);
#15195=EDGE_CURVE('',#7274,#7275,#5459,.T.);
#15198=EDGE_CURVE('',#7181,#7187,#5463,.T.);
#15200=EDGE_CURVE('',#7181,#7183,#5491,.T.);
#15202=EDGE_CURVE('',#7183,#7275,#5479,.T.);
#15212=EDGE_CURVE('',#7270,#7271,#5467,.T.);
#15216=EDGE_CURVE('',#7275,#7271,#5475,.T.);
#15227=EDGE_CURVE('',#7178,#7271,#5471,.T.);
#15229=EDGE_CURVE('',#7178,#7179,#5483,.T.);
#15231=EDGE_CURVE('',#7179,#7186,#5499,.T.);
#15244=EDGE_CURVE('',#7183,#7178,#5487,.T.);
#15258=EDGE_CURVE('',#7179,#7181,#5495,.T.);
#15280=EDGE_CURVE('',#7282,#7283,#5503,.T.);
#15283=EDGE_CURVE('',#7221,#7227,#5507,.T.);
#15285=EDGE_CURVE('',#7221,#7223,#5535,.T.);
#15287=EDGE_CURVE('',#7223,#7283,#5523,.T.);
#15297=EDGE_CURVE('',#7278,#7279,#5511,.T.);
#15301=EDGE_CURVE('',#7283,#7279,#5519,.T.);
#15312=EDGE_CURVE('',#7218,#7279,#5515,.T.);
#15314=EDGE_CURVE('',#7218,#7219,#5527,.T.);
#15316=EDGE_CURVE('',#7219,#7226,#5543,.T.);
#15329=EDGE_CURVE('',#7223,#7218,#5531,.T.);
#15343=EDGE_CURVE('',#7219,#7221,#5539,.T.);
#15367=EDGE_CURVE('',#5631,#5643,#5547,.T.);
#15381=EDGE_CURVE('',#5629,#5641,#5551,.T.);
#15394=EDGE_CURVE('',#5627,#5639,#5555,.T.);
#15407=EDGE_CURVE('',#5625,#5637,#5559,.T.);
#15420=EDGE_CURVE('',#5623,#5635,#5563,.T.);
#15447=ADVANCED_BREP_SHAPE_REPRESENTATION('',(#15438),#15446);
#15454=PRODUCT_DEFINITION('part definition','',#15453,#15450);
#15455=PRODUCT_DEFINITION_SHAPE('','SHAPE FOR C-1-282837-4.',#15454);
#15456=SHAPE_REPRESENTATION('',(#15438),#15446);
#15457=SHAPE_ASPECT('','solid data associated with C-1-282837-4',#15455,.F.);
#15458=PROPERTY_DEFINITION('',
'shape for solid data with which properties are associated',#15457);
#15459=SHAPE_DEFINITION_REPRESENTATION(#15458,#15456);
#15464=PROPERTY_DEFINITION('geometric_validation_property',
'area of C-1-282837-4',#15457);
#15465=REPRESENTATION('surface area',(#15463),#15446);
#15466=PROPERTY_DEFINITION_REPRESENTATION(#15464,#15465);
#15471=PROPERTY_DEFINITION('geometric_validation_property',
'volume of C-1-282837-4',#15457);
#15472=REPRESENTATION('volume',(#15470),#15446);
#15473=PROPERTY_DEFINITION_REPRESENTATION(#15471,#15472);
#15475=PROPERTY_DEFINITION('geometric_validation_property',
'centroid of C-1-282837-4',#15457);
#15476=REPRESENTATION('centroid',(#15474),#15446);
#15477=PROPERTY_DEFINITION_REPRESENTATION(#15475,#15476);
#15478=SHAPE_DEFINITION_REPRESENTATION(#15455,#15447);
ENDSEC;
END-ISO-10303-21;
