ISO-10303-21;
HEADER;
FILE_DESCRIPTION (( 'STEP AP214' ),
    '1' );
FILE_NAME ('SP4020-01FTG-C.STEP',
    '2024-01-03T12:37:42',
    ( 'LENOVO' ),
    ( '' ),
    'SwSTEP 2.0',
    'SolidWorks 2021',
    '' );
FILE_SCHEMA (( 'AUTOMOTIVE_DESIGN' ));
ENDSEC;

DATA;
#1 = DIRECTION ( 'NONE',  ( -9.209887472399015466E-17, 0.000000000000000000, -1.000000000000000000 ) ) ;
#2 = LINE ( 'NONE', #486, #1558 ) ;
#3 = CARTESIAN_POINT ( 'NONE',  ( -1.312500000000000000, -3.555447233271123688E-29, 0.1499999999999999944 ) ) ;
#4 = DIRECTION ( 'NONE',  ( 1.000000000000000000, 1.477303066184766927E-15, 0.000000000000000000 ) ) ;
#5 = VECTOR ( 'NONE', #61, 1000.000000000000000 ) ;
#6 = ORIENTED_EDGE ( 'NONE', *, *, #528, .T. ) ;
#7 = LINE ( 'NONE', #968, #1522 ) ;
#8 = ORIENTED_EDGE ( 'NONE', *, *, #192, .T. ) ;
#9 = DIRECTION ( 'NONE',  ( 1.000000000000000000, -0.000000000000000000, -0.000000000000000000 ) ) ;
#10 = SURFACE_STYLE_USAGE ( .BOTH. , #140 ) ;
#11 = EDGE_CURVE ( 'NONE', #936, #110, #1538, .T. ) ;
#12 = ORIENTED_EDGE ( 'NONE', *, *, #1109, .F. ) ;
#13 = VECTOR ( 'NONE', #1478, 1000.000000000000000 ) ;
#14 = ORIENTED_EDGE ( 'NONE', *, *, #220, .T. ) ;
#15 =( NAMED_UNIT ( * ) PLANE_ANGLE_UNIT ( ) SI_UNIT ( $, .RADIAN. ) );
#16 = CARTESIAN_POINT ( 'NONE',  ( 0.8499999999999999778, 0.5000000000000000000, 0.1499999999999999944 ) ) ;
#17 = VECTOR ( 'NONE', #709, 1000.000000000000000 ) ;
#18 = ORIENTED_EDGE ( 'NONE', *, *, #156, .F. ) ;
#19 = CARTESIAN_POINT ( 'NONE',  ( -1.220761700213852885, 0.2190954244506042037, -0.1499999999999999944 ) ) ;
#20 = ORIENTED_EDGE ( 'NONE', *, *, #939, .F. ) ;
#21 = CARTESIAN_POINT ( 'NONE',  ( -1.220761700213852885, -1.626303258728256651E-16, -0.1499999999999999944 ) ) ;
#22 = ORIENTED_EDGE ( 'NONE', *, *, #248, .T. ) ;
#23 = COLOUR_RGB ( '',0.7921568627450980005, 0.8196078431372548767, 0.9333333333333333481 ) ;
#24 = ORIENTED_EDGE ( 'NONE', *, *, #1449, .F. ) ;
#25 = ORIENTED_EDGE ( 'NONE', *, *, #699, .T. ) ;
#26 = PRESENTATION_LAYER_ASSIGNMENT (  '', '', ( #770 ) ) ;
#27 = EDGE_CURVE ( 'NONE', #1021, #704, #995, .T. ) ;
#28 = LINE ( 'NONE', #1230, #972 ) ;
#29 = ORIENTED_EDGE ( 'NONE', *, *, #493, .F. ) ;
#30 = CARTESIAN_POINT ( 'NONE',  ( -0.8499999999999999778, 0.5000000000000000000, 0.1499999999999999944 ) ) ;
#31 = DIRECTION ( 'NONE',  ( 1.000000000000000000, -1.477303066185154652E-15, 0.000000000000000000 ) ) ;
#32 = ORIENTED_EDGE ( 'NONE', *, *, #260, .T. ) ;
#33 = ORIENTED_EDGE ( 'NONE', *, *, #43, .T. ) ;
#34 = VERTEX_POINT ( 'NONE', #450 ) ;
#35 = CARTESIAN_POINT ( 'NONE',  ( -0.4999999999999998890, 0.9000000000000000222, -0.5886077195485476254 ) ) ;
#36 = VERTEX_POINT ( 'NONE', #696 ) ;
#37 = DIRECTION ( 'NONE',  ( 0.9925461516413219831, 0.1218693434051477398, 0.000000000000000000 ) ) ;
#38 = VERTEX_POINT ( 'NONE', #146 ) ;
#39 = ORIENTED_EDGE ( 'NONE', *, *, #567, .F. ) ;
#40 = EDGE_LOOP ( 'NONE', ( #1076, #462, #1008, #1090 ) ) ;
#41 = ORIENTED_EDGE ( 'NONE', *, *, #258, .T. ) ;
#42 = ORIENTED_EDGE ( 'NONE', *, *, #860, .F. ) ;
#43 = EDGE_CURVE ( 'NONE', #467, #425, #1516, .T. ) ;
#44 = ORIENTED_EDGE ( 'NONE', *, *, #801, .F. ) ;
#45 = CARTESIAN_POINT ( 'NONE',  ( -0.8499999999999999778, 0.5000000000000000000, 0.6500000000000000222 ) ) ;
#46 = PLANE ( 'NONE',  #147 ) ;
#47 = ORIENTED_EDGE ( 'NONE', *, *, #361, .F. ) ;
#48 = ORIENTED_EDGE ( 'NONE', *, *, #606, .T. ) ;
#49 = ORIENTED_EDGE ( 'NONE', *, *, #205, .F. ) ;
#50 = CARTESIAN_POINT ( 'NONE',  ( 1.312500000000000000, 0.1149999999999999217, -0.1499999999999999944 ) ) ;
#51 = VERTEX_POINT ( 'NONE', #1437 ) ;
#52 = VERTEX_POINT ( 'NONE', #504 ) ;
#53 = CARTESIAN_POINT ( 'NONE',  ( 0.8429398877480829277, 0.4425000000000000044, -0.1499999999999999944 ) ) ;
#54 = ORIENTED_EDGE ( 'NONE', *, *, #453, .F. ) ;
#55 = VERTEX_POINT ( 'NONE', #705 ) ;
#56 = ORIENTED_EDGE ( 'NONE', *, *, #1526, .T. ) ;
#57 = AXIS2_PLACEMENT_3D ( 'NONE', #516, #1471, #841 ) ;
#58 = ORIENTED_EDGE ( 'NONE', *, *, #743, .F. ) ;
#59 = ORIENTED_EDGE ( 'NONE', *, *, #407, .F. ) ;
#60 = EDGE_LOOP ( 'NONE', ( #44, #582, #527, #521, #901, #593, #1135, #962, #115, #1042, #1129, #559, #554 ) ) ;
#61 = DIRECTION ( 'NONE',  ( -0.000000000000000000, -0.000000000000000000, -1.000000000000000000 ) ) ;
#62 = DIRECTION ( 'NONE',  ( -0.08715574274765290619, -0.9961946980917459893, -0.000000000000000000 ) ) ;
#63 = ORIENTED_EDGE ( 'NONE', *, *, #996, .F. ) ;
#64 = ORIENTED_EDGE ( 'NONE', *, *, #1213, .T. ) ;
#65 = DIRECTION ( 'NONE',  ( -0.000000000000000000, -0.000000000000000000, -1.000000000000000000 ) ) ;
#66 = EDGE_LOOP ( 'NONE', ( #303, #499, #490, #1365 ) ) ;
#67 = DIRECTION ( 'NONE',  ( -1.000000000000000000, -0.000000000000000000, -0.000000000000000000 ) ) ;
#68 = ORIENTED_EDGE ( 'NONE', *, *, #1469, .T. ) ;
#69 = EDGE_CURVE ( 'NONE', #496, #1118, #475, .T. ) ;
#70 = VERTEX_POINT ( 'NONE', #53 ) ;
#71 = ORIENTED_EDGE ( 'NONE', *, *, #743, .T. ) ;
#72 = DIRECTION ( 'NONE',  ( 1.000000000000000000, 0.000000000000000000, -1.841977494479803340E-16 ) ) ;
#73 = DIRECTION ( 'NONE',  ( -1.000000000000000000, 0.000000000000000000, 9.209887472399015466E-17 ) ) ;
#74 = ORIENTED_EDGE ( 'NONE', *, *, #801, .T. ) ;
#75 = APPLICATION_PROTOCOL_DEFINITION ( 'draft international standard', 'automotive_design', 1998, #385 ) ;
#76 = DIRECTION ( 'NONE',  ( 1.000000000000000000, 0.000000000000000000, 0.000000000000000000 ) ) ;
#77 = ORIENTED_EDGE ( 'NONE', *, *, #274, .T. ) ;
#78 = ORIENTED_EDGE ( 'NONE', *, *, #1072, .T. ) ;
#79 = MECHANICAL_DESIGN_GEOMETRIC_PRESENTATION_REPRESENTATION (  '', ( #566 ), #629 ) ;
#80 = CARTESIAN_POINT ( 'NONE',  ( 0.8896508816932221508, 0.5574999999999999956, 0.1499999999999999944 ) ) ;
#81 = AXIS2_PLACEMENT_3D ( 'NONE', #1161, #1255, #1369 ) ;
#82 = EDGE_LOOP ( 'NONE', ( #687, #1556, #1035, #1229 ) ) ;
#83 = CARTESIAN_POINT ( 'NONE',  ( -0.5999999999999998668, -0.2814551155454730336, 0.5886077195485476254 ) ) ;
#84 = VERTEX_POINT ( 'NONE', #154 ) ;
#85 = VERTEX_POINT ( 'NONE', #21 ) ;
#86 = PLANE ( 'NONE',  #980 ) ;
#87 =( NAMED_UNIT ( * ) SI_UNIT ( $, .STERADIAN. ) SOLID_ANGLE_UNIT ( ) );
#88 = ORIENTED_EDGE ( 'NONE', *, *, #556, .F. ) ;
#89 = EDGE_LOOP ( 'NONE', ( #715, #973, #1529, #484 ) ) ;
#90 = PLANE ( 'NONE',  #707 ) ;
#91 = EDGE_CURVE ( 'NONE', #1479, #940, #1542, .T. ) ;
#92 = VERTEX_POINT ( 'NONE', #1209 ) ;
#93 = DIRECTION ( 'NONE',  ( -0.000000000000000000, 0.000000000000000000, -1.000000000000000000 ) ) ;
#94 = LINE ( 'NONE', #1316, #610 ) ;
#95 = ORIENTED_EDGE ( 'NONE', *, *, #1526, .F. ) ;
#96 = ORIENTED_EDGE ( 'NONE', *, *, #390, .T. ) ;
#97 = CARTESIAN_POINT ( 'NONE',  ( -1.312500000000000000, -3.555447233271123688E-29, 0.1499999999999999944 ) ) ;
#98 = VERTEX_POINT ( 'NONE', #1300 ) ;
#99 = ORIENTED_EDGE ( 'NONE', *, *, #812, .T. ) ;
#100 = CARTESIAN_POINT ( 'NONE',  ( -0.7886077195485474700, 1.000000000000000000, 0.5886077195485476254 ) ) ;
#101 = DIRECTION ( 'NONE',  ( 0.000000000000000000, 1.000000000000000000, 0.000000000000000000 ) ) ;
#102 = EDGE_LOOP ( 'NONE', ( #553, #33, #721, #1236 ) ) ;
#103 = ORIENTED_EDGE ( 'NONE', *, *, #429, .T. ) ;
#104 = AXIS2_PLACEMENT_3D ( 'NONE', #246, #1410, #4 ) ;
#105 = VERTEX_POINT ( 'NONE', #714 ) ;
#106 = ADVANCED_FACE ( 'NONE', ( #1181 ), #240, .T. ) ;
#107 = ORIENTED_EDGE ( 'NONE', *, *, #429, .F. ) ;
#108 = DIRECTION ( 'NONE',  ( -0.9925461516413220942, 0.1218693434051472818, 0.000000000000000000 ) ) ;
#109 = CARTESIAN_POINT ( 'NONE',  ( 1.220761700213852885, -1.626303258728256651E-16, -0.1499999999999999944 ) ) ;
#110 = VERTEX_POINT ( 'NONE', #1428 ) ;
#111 = PLANE ( 'NONE',  #1011 ) ;
#112 = PRODUCT ( 'SP4020-01FTG-C', 'SP4020-01FTG-C', '', ( #1356 ) ) ;
#113 = DIRECTION ( 'NONE',  ( -0.08715574274765151841, 0.9961946980917461003, 0.000000000000000000 ) ) ;
#114 = EDGE_CURVE ( 'NONE', #38, #1070, #1164, .T. ) ;
#115 = ORIENTED_EDGE ( 'NONE', *, *, #1128, .F. ) ;
#116 = ORIENTED_EDGE ( 'NONE', *, *, #1394, .T. ) ;
#117 =( LENGTH_UNIT ( ) NAMED_UNIT ( * ) SI_UNIT ( .MILLI., .METRE. ) );
#118 = ADVANCED_FACE ( 'NONE', ( #153 ), #636, .F. ) ;
#119 = DIRECTION ( 'NONE',  ( 9.209887472399016698E-17, 0.000000000000000000, 1.000000000000000000 ) ) ;
#120 = DIRECTION ( 'NONE',  ( -0.08715574274765153229, -0.9961946980917461003, 0.000000000000000000 ) ) ;
#121 = DIRECTION ( 'NONE',  ( 0.000000000000000000, -0.000000000000000000, -1.000000000000000000 ) ) ;
#122 = MECHANICAL_DESIGN_GEOMETRIC_PRESENTATION_REPRESENTATION (  '', ( #253 ), #985 ) ;
#123 = ADVANCED_FACE ( 'NONE', ( #649 ), #1134, .T. ) ;
#124 = DIRECTION ( 'NONE',  ( 1.000000000000000000, 0.000000000000000000, 0.000000000000000000 ) ) ;
#125 = ADVANCED_FACE ( 'NONE', ( #150 ), #1436, .F. ) ;
#126 = DIRECTION ( 'NONE',  ( -1.000000000000000000, 0.000000000000000000, 0.000000000000000000 ) ) ;
#127 = CARTESIAN_POINT ( 'NONE',  ( -0.8499999999999999778, 1.000000000000000000, -0.5886077195485476254 ) ) ;
#128 = CARTESIAN_POINT ( 'NONE',  ( -0.8008861756388380160, 0.09999999999999996392, -0.6008861756388380604 ) ) ;
#129 = EDGE_CURVE ( 'NONE', #36, #589, #655, .T. ) ;
#130 = ADVANCED_FACE ( 'NONE', ( #1167 ), #155, .T. ) ;
#131 = DIRECTION ( 'NONE',  ( 0.000000000000000000, -0.000000000000000000, -1.000000000000000000 ) ) ;
#132 = DIRECTION ( 'NONE',  ( 0.000000000000000000, -1.000000000000000000, 0.000000000000000000 ) ) ;
#133 = ADVANCED_FACE ( 'NONE', ( #1176 ), #921, .T. ) ;
#134 = ORIENTED_EDGE ( 'NONE', *, *, #795, .F. ) ;
#135 = AXIS2_PLACEMENT_3D ( 'NONE', #19, #167, #1456 ) ;
#136 = CARTESIAN_POINT ( 'NONE',  ( 0.000000000000000000, 1.000000000000000000, 0.000000000000000000 ) ) ;
#137 = CARTESIAN_POINT ( 'NONE',  ( -1.312500000000000000, 0.1149999999999999217, -0.1499999999999999944 ) ) ;
#138 = CARTESIAN_POINT ( 'NONE',  ( -0.8896508816932221508, 0.4425000000000000044, 0.1499999999999999944 ) ) ;
#139 = ORIENTED_EDGE ( 'NONE', *, *, #860, .T. ) ;
#140 = SURFACE_SIDE_STYLE ('',( #1309 ) ) ;
#141 = DIRECTION ( 'NONE',  ( 1.000000000000000000, 0.000000000000000000, 0.000000000000000000 ) ) ;
#142 =( NAMED_UNIT ( * ) SI_UNIT ( $, .STERADIAN. ) SOLID_ANGLE_UNIT ( ) );
#143 = EDGE_CURVE ( 'NONE', #397, #34, #157, .T. ) ;
#144 = CARTESIAN_POINT ( 'NONE',  ( 1.312500000000000000, -3.555447233271123688E-29, -0.1499999999999999944 ) ) ;
#145 = DIRECTION ( 'NONE',  ( 0.9961946980917459893, -0.08715574274765290619, 0.000000000000000000 ) ) ;
#146 = CARTESIAN_POINT ( 'NONE',  ( 0.8499999999999999778, 0.5000000000000000000, -0.1499999999999999944 ) ) ;
#147 = AXIS2_PLACEMENT_3D ( 'NONE', #638, #73, #250 ) ;
#148 = CARTESIAN_POINT ( 'NONE',  ( -0.5999999999999999778, 1.000000000000000000, -0.5886077195485476254 ) ) ;
#149 = DIRECTION ( 'NONE',  ( 0.1218693434051472679, -0.9925461516413219831, 0.000000000000000000 ) ) ;
#150 = FACE_OUTER_BOUND ( 'NONE', #1533, .T. ) ;
#151 = AXIS2_PLACEMENT_3D ( 'NONE', #806, #233, #356 ) ;
#152 = DIRECTION ( 'NONE',  ( 0.9925461516413220942, -0.1218693434051471569, 0.000000000000000000 ) ) ;
#153 = FACE_OUTER_BOUND ( 'NONE', #842, .T. ) ;
#154 = CARTESIAN_POINT ( 'NONE',  ( 1.117062390280550987, 0.2100229104159797855, 0.1499999999999999944 ) ) ;
#155 = CYLINDRICAL_SURFACE ( 'NONE', #151, 0.2149999999999999134 ) ;
#156 = EDGE_CURVE ( 'NONE', #916, #1074, #159, .T. ) ;
#157 = CIRCLE ( 'NONE', #198, 0.2190954244506043147 ) ;
#158 = CARTESIAN_POINT ( 'NONE',  ( -0.4999999999999996669, 0.9000000000000000222, 0.5886077195485476254 ) ) ;
#159 = LINE ( 'NONE', #481, #1169 ) ;
#160 = EDGE_CURVE ( 'NONE', #1062, #1106, #658, .T. ) ;
#161 = CARTESIAN_POINT ( 'NONE',  ( -0.5999999999999999778, 0.9000000000000000222, -0.5886077195485476254 ) ) ;
#162 = DIRECTION ( 'NONE',  ( -1.000000000000000000, 0.000000000000000000, 0.000000000000000000 ) ) ;
#163 = AXIS2_PLACEMENT_3D ( 'NONE', #753, #413, #571 ) ;
#164 = EDGE_CURVE ( 'NONE', #1046, #604, #455, .T. ) ;
#165 = DIRECTION ( 'NONE',  ( 0.000000000000000000, -0.9925461516413219831, 0.1218693434051477398 ) ) ;
#166 = CARTESIAN_POINT ( 'NONE',  ( 1.312500000000000000, 0.1149999999999999217, -0.1499999999999999944 ) ) ;
#167 = DIRECTION ( 'NONE',  ( 0.000000000000000000, 0.000000000000000000, 1.000000000000000000 ) ) ;
#168 = DIRECTION ( 'NONE',  ( 0.000000000000000000, -1.000000000000000000, 0.000000000000000000 ) ) ;
#169 = CARTESIAN_POINT ( 'NONE',  ( 0.000000000000000000, 0.9000000000000000222, 0.000000000000000000 ) ) ;
#170 = EDGE_CURVE ( 'NONE', #187, #916, #489, .T. ) ;
#171 = CARTESIAN_POINT ( 'NONE',  ( -0.5999999999999999778, -0.2814551155454730336, -0.5886077195485476254 ) ) ;
#172 = CARTESIAN_POINT ( 'NONE',  ( -0.4999999999999998890, -0.2814551155454730336, -0.5886077195485476254 ) ) ;
#173 = DIRECTION ( 'NONE',  ( 0.1209742911513548291, -0.9852565360152931717, 0.1209742911513548291 ) ) ;
#174 = AXIS2_PLACEMENT_3D ( 'NONE', #1565, #430, #339 ) ;
#175 = DIRECTION ( 'NONE',  ( 0.9925461516413220942, 0.1218693434051472818, 0.000000000000000000 ) ) ;
#176 = DIRECTION ( 'NONE',  ( 0.000000000000000000, -1.000000000000000000, -0.000000000000000000 ) ) ;
#177 = EDGE_CURVE ( 'NONE', #34, #1214, #1019, .T. ) ;
#178 = CARTESIAN_POINT ( 'NONE',  ( 1.312500000000000000, -3.555447233271123688E-29, -0.1499999999999999944 ) ) ;
#179 = VERTEX_POINT ( 'NONE', #1418 ) ;
#180 = DIRECTION ( 'NONE',  ( 0.1218693434051471569, 0.9925461516413219831, 0.000000000000000000 ) ) ;
#181 = CARTESIAN_POINT ( 'NONE',  ( 1.220761700213852885, -1.626303258728256651E-16, 0.1499999999999999944 ) ) ;
#182 = ORIENTED_EDGE ( 'NONE', *, *, #220, .F. ) ;
#183 = FILL_AREA_STYLE ('',( #514 ) ) ;
#184 = ORIENTED_EDGE ( 'NONE', *, *, #453, .T. ) ;
#185 =( GEOMETRIC_REPRESENTATION_CONTEXT ( 3 ) GLOBAL_UNCERTAINTY_ASSIGNED_CONTEXT ( ( #256 ) ) GLOBAL_UNIT_ASSIGNED_CONTEXT ( ( #557, #685, #87 ) ) REPRESENTATION_CONTEXT ( 'NONE', 'WORKASPACE' ) );
#186 = LINE ( 'NONE', #1459, #689 ) ;
#187 = VERTEX_POINT ( 'NONE', #844 ) ;
#188 = CARTESIAN_POINT ( 'NONE',  ( -0.9892703515023968386, 0.3512155742747651299, 0.1499999999999999944 ) ) ;
#189 = DIRECTION ( 'NONE',  ( -0.000000000000000000, -0.000000000000000000, -1.000000000000000000 ) ) ;
#190 = EDGE_CURVE ( 'NONE', #916, #730, #1116, .T. ) ;
#191 = ORIENTED_EDGE ( 'NONE', *, *, #965, .F. ) ;
#192 = EDGE_CURVE ( 'NONE', #92, #579, #94, .T. ) ;
#193 = CARTESIAN_POINT ( 'NONE',  ( -0.4999999999999998890, 1.000000000000000000, -0.5886077195485476254 ) ) ;
#194 = ORIENTED_EDGE ( 'NONE', *, *, #776, .T. ) ;
#195 = ADVANCED_FACE ( 'NONE', ( #602 ), #633, .F. ) ;
#196 = FILL_AREA_STYLE_COLOUR ( '', #846 ) ;
#197 = ORIENTED_EDGE ( 'NONE', *, *, #667, .T. ) ;
#198 = AXIS2_PLACEMENT_3D ( 'NONE', #1087, #1306, #162 ) ;
#199 = EDGE_LOOP ( 'NONE', ( #845, #24, #525, #982 ) ) ;
#200 = EDGE_CURVE ( 'NONE', #940, #98, #186, .T. ) ;
#201 = EDGE_LOOP ( 'NONE', ( #518, #1156, #59, #1137 ) ) ;
#202 = CARTESIAN_POINT ( 'NONE',  ( -1.220761700213852885, 0.1149999999999997830, -0.1499999999999999944 ) ) ;
#203 = ORIENTED_EDGE ( 'NONE', *, *, #205, .T. ) ;
#204 = CARTESIAN_POINT ( 'NONE',  ( -0.5999999999999999778, 0.9000000000000000222, -0.5886077195485476254 ) ) ;
#205 = EDGE_CURVE ( 'NONE', #911, #590, #1512, .T. ) ;
#206 = ORIENTED_EDGE ( 'NONE', *, *, #200, .F. ) ;
#207 = EDGE_CURVE ( 'NONE', #908, #1358, #958, .T. ) ;
#208 = ORIENTED_EDGE ( 'NONE', *, *, #918, .F. ) ;
#209 = DIRECTION ( 'NONE',  ( -0.000000000000000000, 0.000000000000000000, -1.000000000000000000 ) ) ;
#210 = DIRECTION ( 'NONE',  ( 1.000000000000000000, 0.000000000000000000, 0.000000000000000000 ) ) ;
#211 = ORIENTED_EDGE ( 'NONE', *, *, #1049, .T. ) ;
#212 = CARTESIAN_POINT ( 'NONE',  ( -0.5999999999999998668, 0.9000000000000000222, 0.5886077195485476254 ) ) ;
#213 = ADVANCED_FACE ( 'NONE', ( #1498 ), #273, .T. ) ;
#214 = PLANE ( 'NONE',  #1223 ) ;
#215 = EDGE_LOOP ( 'NONE', ( #477, #535, #1475, #463 ) ) ;
#216 = EDGE_CURVE ( 'NONE', #810, #936, #1489, .T. ) ;
#217 = SURFACE_SIDE_STYLE ('',( #1297 ) ) ;
#218 = ORIENTED_EDGE ( 'NONE', *, *, #1055, .T. ) ;
#219 = DIRECTION ( 'NONE',  ( -1.000000000000000000, 0.000000000000000000, 0.000000000000000000 ) ) ;
#220 = EDGE_CURVE ( 'NONE', #110, #911, #948, .T. ) ;
#221 = DIRECTION ( 'NONE',  ( -0.1218693434051472679, 0.9925461516413219831, 0.000000000000000000 ) ) ;
#222 = DIRECTION ( 'NONE',  ( -0.000000000000000000, -0.000000000000000000, -1.000000000000000000 ) ) ;
#223 = ORIENTED_EDGE ( 'NONE', *, *, #1413, .T. ) ;
#224 = ADVANCED_FACE ( 'NONE', ( #1496 ), #878, .T. ) ;
#225 = ORIENTED_EDGE ( 'NONE', *, *, #1494, .T. ) ;
#226 = FILL_AREA_STYLE_COLOUR ( '', #1335 ) ;
#227 = ORIENTED_EDGE ( 'NONE', *, *, #1403, .T. ) ;
#228 = CARTESIAN_POINT ( 'NONE',  ( -0.8499999999999999778, 0.5000000000000000000, -0.6500000000000000222 ) ) ;
#229 = CARTESIAN_POINT ( 'NONE',  ( -0.8896508816932221508, 0.4425000000000000044, 0.1499999999999999944 ) ) ;
#230 = ORIENTED_EDGE ( 'NONE', *, *, #1203, .F. ) ;
#231 = AXIS2_PLACEMENT_3D ( 'NONE', #1237, #1107, #165 ) ;
#232 = CARTESIAN_POINT ( 'NONE',  ( -0.8499999999999999778, 0.5000000000000000000, 0.1499999999999999944 ) ) ;
#233 = DIRECTION ( 'NONE',  ( -0.000000000000000000, -0.000000000000000000, -1.000000000000000000 ) ) ;
#234 = ORIENTED_EDGE ( 'NONE', *, *, #190, .T. ) ;
#235 = FILL_AREA_STYLE ('',( #348 ) ) ;
#236 = CARTESIAN_POINT ( 'NONE',  ( -0.8499999999999999778, 1.000000000000000000, -0.5886077195485476254 ) ) ;
#237 = DIRECTION ( 'NONE',  ( -1.000000000000000000, 0.000000000000000000, 0.000000000000000000 ) ) ;
#238 = EDGE_CURVE ( 'NONE', #704, #1067, #444, .T. ) ;
#239 = CARTESIAN_POINT ( 'NONE',  ( -0.4999999999999996669, 1.000000000000000000, 0.5886077195485476254 ) ) ;
#240 = PLANE ( 'NONE',  #656 ) ;
#241 = AXIS2_PLACEMENT_3D ( 'NONE', #990, #799, #31 ) ;
#242 = PLANE ( 'NONE',  #231 ) ;
#243 = PLANE ( 'NONE',  #1326 ) ;
#244 = AXIS2_PLACEMENT_3D ( 'NONE', #1110, #1298, #1434 ) ;
#245 = DIRECTION ( 'NONE',  ( 0.000000000000000000, 1.000000000000000000, 0.000000000000000000 ) ) ;
#246 = CARTESIAN_POINT ( 'NONE',  ( 1.312500000000000000, -3.555447233271123688E-29, 0.1499999999999999944 ) ) ;
#247 = UNCERTAINTY_MEASURE_WITH_UNIT (LENGTH_MEASURE( 1.000000000000000082E-05 ), #1142, 'distance_accuracy_value', 'NONE');
#248 = EDGE_CURVE ( 'NONE', #587, #793, #1501, .T. ) ;
#249 = DIRECTION ( 'NONE',  ( 0.000000000000000000, -0.1218693434051477398, 0.9925461516413219831 ) ) ;
#250 = DIRECTION ( 'NONE',  ( 9.209887472399015466E-17, 0.000000000000000000, 1.000000000000000000 ) ) ;
#251 = CARTESIAN_POINT ( 'NONE',  ( -0.8896508816932221508, 0.3425000000000000266, 0.1499999999999999944 ) ) ;
#252 = DIRECTION ( 'NONE',  ( 1.000000000000000000, 0.000000000000000000, 0.000000000000000000 ) ) ;
#253 = STYLED_ITEM ( 'NONE', ( #302 ), #341 ) ;
#254 = CARTESIAN_POINT ( 'NONE',  ( -1.312500000000000000, -3.555447233271123688E-29, 0.1499999999999999944 ) ) ;
#255 =( LENGTH_UNIT ( ) NAMED_UNIT ( * ) SI_UNIT ( .MILLI., .METRE. ) );
#256 = UNCERTAINTY_MEASURE_WITH_UNIT (LENGTH_MEASURE( 1.000000000000000082E-05 ), #557, 'distance_accuracy_value', 'NONE');
#257 = CARTESIAN_POINT ( 'NONE',  ( -0.8896508816932221508, 0.3425000000000000266, -0.1499999999999999944 ) ) ;
#258 = EDGE_CURVE ( 'NONE', #1503, #70, #775, .T. ) ;
#259 = CARTESIAN_POINT ( 'NONE',  ( 1.117062390280550987, 0.2100229104159797855, 0.1499999999999999944 ) ) ;
#260 = EDGE_CURVE ( 'NONE', #51, #1384, #272, .T. ) ;
#261 = CARTESIAN_POINT ( 'NONE',  ( -0.8896508816932221508, 0.3425000000000000266, 0.1499999999999999944 ) ) ;
#262 = VECTOR ( 'NONE', #1276, 1000.000000000000000 ) ;
#263 = PLANE ( 'NONE',  #57 ) ;
#264 = DIRECTION ( 'NONE',  ( -0.1218693434051477398, -0.9925461516413219831, 0.000000000000000000 ) ) ;
#265 = VECTOR ( 'NONE', #409, 1000.000000000000000 ) ;
#266 = AXIS2_PLACEMENT_3D ( 'NONE', #172, #1325, #1154 ) ;
#267 = CARTESIAN_POINT ( 'NONE',  ( 1.117062390280550987, 0.2100229104159797855, -0.1499999999999999944 ) ) ;
#268 = AXIS2_PLACEMENT_3D ( 'NONE', #729, #145, #613 ) ;
#269 = COLOUR_RGB ( '',0.2509803921568627416, 0.2509803921568627416, 0.2509803921568627416 ) ;
#270 = VECTOR ( 'NONE', #1075, 1000.000000000000000 ) ;
#271 = CARTESIAN_POINT ( 'NONE',  ( -0.5999999999999998668, 0.9000000000000000222, 0.5886077195485476254 ) ) ;
#272 = CIRCLE ( 'NONE', #380, 0.2149999999999999134 ) ;
#273 = PLANE ( 'NONE',  #333 ) ;
#274 = EDGE_CURVE ( 'NONE', #473, #1322, #765, .T. ) ;
#275 = DIRECTION ( 'NONE',  ( 0.000000000000000000, 0.000000000000000000, 1.000000000000000000 ) ) ;
#276 = LINE ( 'NONE', #787, #761 ) ;
#277 = CARTESIAN_POINT ( 'NONE',  ( -0.8429398877480829277, 0.4425000000000000044, 0.1499999999999999944 ) ) ;
#278 = CARTESIAN_POINT ( 'NONE',  ( 1.312500000000000000, 0.1149999999999999217, 0.1499999999999999944 ) ) ;
#279 = VECTOR ( 'NONE', #1282, 1000.000000000000114 ) ;
#280 = FACE_OUTER_BOUND ( 'NONE', #66, .T. ) ;
#281 = AXIS2_PLACEMENT_3D ( 'NONE', #1163, #1287, #141 ) ;
#282 = CARTESIAN_POINT ( 'NONE',  ( -1.002500000000000169, 0.1999999999999998723, 0.1499999999999999944 ) ) ;
#283 = DIRECTION ( 'NONE',  ( -0.000000000000000000, -0.000000000000000000, -1.000000000000000000 ) ) ;
#284 = VECTOR ( 'NONE', #1197, 1000.000000000000227 ) ;
#285 = PLANE ( 'NONE',  #513 ) ;
#286 = DIRECTION ( 'NONE',  ( 0.1218693434051472679, 0.9925461516413219831, 0.000000000000000000 ) ) ;
#287 = LINE ( 'NONE', #683, #262 ) ;
#288 = LINE ( 'NONE', #1454, #805 ) ;
#289 = ADVANCED_FACE ( 'NONE', ( #780 ), #1264, .F. ) ;
#290 = LINE ( 'NONE', #1272, #764 ) ;
#291 = VECTOR ( 'NONE', #1017, 1000.000000000000000 ) ;
#292 = DIRECTION ( 'NONE',  ( -1.000000000000000000, 0.000000000000000000, -0.000000000000000000 ) ) ;
#293 = DIRECTION ( 'NONE',  ( -1.000000000000000000, 0.000000000000000000, 0.000000000000000000 ) ) ;
#294 = ORIENTED_EDGE ( 'NONE', *, *, #740, .F. ) ;
#295 = VECTOR ( 'NONE', #1296, 1000.000000000000000 ) ;
#296 = CARTESIAN_POINT ( 'NONE',  ( 0.8251208754967264136, 0.2973757912206280718, 0.6251208754967262360 ) ) ;
#297 = PLANE ( 'NONE',  #1354 ) ;
#298 = ORIENTED_EDGE ( 'NONE', *, *, #192, .F. ) ;
#299 = VECTOR ( 'NONE', #286, 1000.000000000000227 ) ;
#300 = EDGE_CURVE ( 'NONE', #552, #1384, #772, .T. ) ;
#301 = ADVANCED_FACE ( 'NONE', ( #804 ), #1535, .F. ) ;
#302 = PRESENTATION_STYLE_ASSIGNMENT (( #10 ) ) ;
#303 = ORIENTED_EDGE ( 'NONE', *, *, #143, .F. ) ;
#304 = LINE ( 'NONE', #746, #827 ) ;
#305 = AXIS2_PLACEMENT_3D ( 'NONE', #1404, #1198, #1173 ) ;
#306 = CARTESIAN_POINT ( 'NONE',  ( -0.8896508816932221508, 0.4425000000000000044, 0.1499999999999999944 ) ) ;
#307 = VECTOR ( 'NONE', #293, 1000.000000000000000 ) ;
#308 = ORIENTED_EDGE ( 'NONE', *, *, #740, .T. ) ;
#309 = PRESENTATION_STYLE_ASSIGNMENT (( #762 ) ) ;
#310 = CARTESIAN_POINT ( 'NONE',  ( -1.117062390280550987, 0.2100229104159797855, -0.1499999999999999944 ) ) ;
#311 = DIRECTION ( 'NONE',  ( 1.000000000000000000, -0.000000000000000000, -0.000000000000000000 ) ) ;
#312 = FACE_OUTER_BOUND ( 'NONE', #1096, .T. ) ;
#313 = EDGE_LOOP ( 'NONE', ( #639, #471, #103, #139 ) ) ;
#314 = CIRCLE ( 'NONE', #163, 0.1040954244506044485 ) ;
#315 = CARTESIAN_POINT ( 'NONE',  ( 1.103832741782947435, 0.3612384846907450986, -0.1499999999999999944 ) ) ;
#316 = CARTESIAN_POINT ( 'NONE',  ( -0.5999999999999999778, 0.9000000000000000222, -0.5886077195485476254 ) ) ;
#317 = EDGE_CURVE ( 'NONE', #473, #1050, #290, .T. ) ;
#318 = LINE ( 'NONE', #1390, #265 ) ;
#319 = ADVANCED_FACE ( 'NONE', ( #792 ), #438, .T. ) ;
#320 = LINE ( 'NONE', #420, #1357 ) ;
#321 = CYLINDRICAL_SURFACE ( 'NONE', #1420, 0.2190954244506043147 ) ;
#322 = DIRECTION ( 'NONE',  ( -1.000000000000000000, 0.000000000000000000, 0.000000000000000000 ) ) ;
#323 = ADVANCED_FACE ( 'NONE', ( #280 ), #800, .T. ) ;
#324 = LINE ( 'NONE', #903, #830 ) ;
#325 = EDGE_LOOP ( 'NONE', ( #32, #1071, #534, #56 ) ) ;
#326 = CIRCLE ( 'NONE', #674, 0.1000000000000000472 ) ;
#327 = CARTESIAN_POINT ( 'NONE',  ( -1.220761700213852885, 0.2190954244506042037, 0.1499999999999999944 ) ) ;
#328 = LINE ( 'NONE', #1081, #1350 ) ;
#329 = LINE ( 'NONE', #1120, #338 ) ;
#330 = CARTESIAN_POINT ( 'NONE',  ( -0.8896508816932221508, 0.3425000000000000266, -0.1499999999999999944 ) ) ;
#331 = LINE ( 'NONE', #692, #1348 ) ;
#332 = CIRCLE ( 'NONE', #81, 0.1040954244506044485 ) ;
#333 = AXIS2_PLACEMENT_3D ( 'NONE', #648, #1472, #264 ) ;
#334 = LINE ( 'NONE', #127, #1360 ) ;
#335 = FACE_OUTER_BOUND ( 'NONE', #1054, .T. ) ;
#336 = DIRECTION ( 'NONE',  ( 0.1218693434051477398, 0.9925461516413219831, 0.000000000000000000 ) ) ;
#337 = ORIENTED_EDGE ( 'NONE', *, *, #738, .T. ) ;
#338 = VECTOR ( 'NONE', #62, 1000.000000000000114 ) ;
#339 = DIRECTION ( 'NONE',  ( 1.000000000000000000, 0.000000000000000000, 0.000000000000000000 ) ) ;
#340 =( LENGTH_UNIT ( ) NAMED_UNIT ( * ) SI_UNIT ( .MILLI., .METRE. ) );
#341 = MANIFOLD_SOLID_BREP ( 'Mirror1', #1395 ) ;
#342 = UNCERTAINTY_MEASURE_WITH_UNIT (LENGTH_MEASURE( 1.000000000000000082E-05 ), #255, 'distance_accuracy_value', 'NONE');
#343 = CIRCLE ( 'NONE', #1032, 0.2190954244506043147 ) ;
#344 = EDGE_CURVE ( 'NONE', #594, #1050, #1294, .T. ) ;
#345 = LINE ( 'NONE', #632, #802 ) ;
#346 = ORIENTED_EDGE ( 'NONE', *, *, #1145, .T. ) ;
#347 = LINE ( 'NONE', #1339, #299 ) ;
#348 = FILL_AREA_STYLE_COLOUR ( '', #269 ) ;
#349 = ORIENTED_EDGE ( 'NONE', *, *, #673, .T. ) ;
#350 = FACE_OUTER_BOUND ( 'NONE', #199, .T. ) ;
#351 = SURFACE_STYLE_FILL_AREA ( #1004 ) ;
#352 = MANIFOLD_SOLID_BREP ( 'Cut-Extrude1', #1091 ) ;
#353 = PRESENTATION_LAYER_ASSIGNMENT (  '', '', ( #654 ) ) ;
#354 = CARTESIAN_POINT ( 'NONE',  ( -1.312500000000000000, 0.1149999999999999217, 0.1499999999999999944 ) ) ;
#355 = EDGE_CURVE ( 'NONE', #1015, #810, #276, .T. ) ;
#356 = DIRECTION ( 'NONE',  ( -1.000000000000000000, 0.000000000000000000, 0.000000000000000000 ) ) ;
#357 = CIRCLE ( 'NONE', #853, 0.2149999999999999134 ) ;
#358 = LINE ( 'NONE', #277, #1429 ) ;
#359 = LINE ( 'NONE', #1152, #862 ) ;
#360 = DIRECTION ( 'NONE',  ( 0.000000000000000000, -1.000000000000000000, 0.000000000000000000 ) ) ;
#361 = EDGE_CURVE ( 'NONE', #458, #1530, #1292, .T. ) ;
#362 = CIRCLE ( 'NONE', #135, 0.2190954244506043147 ) ;
#363 = LINE ( 'NONE', #204, #1399 ) ;
#364 = VECTOR ( 'NONE', #219, 1000.000000000000000 ) ;
#365 = VECTOR ( 'NONE', #376, 1000.000000000000000 ) ;
#366 = CARTESIAN_POINT ( 'NONE',  ( -1.117062390280550987, 0.2100229104159797855, -0.1499999999999999944 ) ) ;
#367 = AXIS2_PLACEMENT_3D ( 'NONE', #3, #790, #1200 ) ;
#368 = FACE_OUTER_BOUND ( 'NONE', #1158, .T. ) ;
#369 = DIRECTION ( 'NONE',  ( 0.000000000000000000, -1.000000000000000000, 0.000000000000000000 ) ) ;
#370 = CARTESIAN_POINT ( 'NONE',  ( 1.002500000000000169, 0.1999999999999998723, -0.1499999999999999944 ) ) ;
#371 = VECTOR ( 'NONE', #818, 1000.000000000000000 ) ;
#372 = FACE_OUTER_BOUND ( 'NONE', #1112, .T. ) ;
#373 = LINE ( 'NONE', #188, #1414 ) ;
#374 = CARTESIAN_POINT ( 'NONE',  ( -0.8499999999999999778, 0.5000000000000000000, -0.6500000000000000222 ) ) ;
#375 = LINE ( 'NONE', #1016, #1397 ) ;
#376 = DIRECTION ( 'NONE',  ( 0.000000000000000000, -0.000000000000000000, -1.000000000000000000 ) ) ;
#377 = DIRECTION ( 'NONE',  ( 0.000000000000000000, -0.000000000000000000, 1.000000000000000000 ) ) ;
#378 = LINE ( 'NONE', #760, #852 ) ;
#379 = VECTOR ( 'NONE', #1445, 1000.000000000000000 ) ;
#380 = AXIS2_PLACEMENT_3D ( 'NONE', #763, #686, #322 ) ;
#381 = VECTOR ( 'NONE', #369, 1000.000000000000000 ) ;
#382 = DIRECTION ( 'NONE',  ( 0.000000000000000000, 0.000000000000000000, 1.000000000000000000 ) ) ;
#383 = AXIS2_PLACEMENT_3D ( 'NONE', #1251, #108, #892 ) ;
#384 = CARTESIAN_POINT ( 'NONE',  ( -1.002500000000000169, 0.1999999999999998723, -0.1499999999999999944 ) ) ;
#385 = APPLICATION_CONTEXT ( 'automotive_design' ) ;
#386 = LINE ( 'NONE', #433, #889 ) ;
#387 = CARTESIAN_POINT ( 'NONE',  ( -1.312500000000000000, -3.555447233271123688E-29, -0.1499999999999999944 ) ) ;
#388 = DIRECTION ( 'NONE',  ( 1.000000000000000000, 0.000000000000000000, 0.000000000000000000 ) ) ;
#389 = VECTOR ( 'NONE', #1165, 1000.000000000000000 ) ;
#390 = EDGE_CURVE ( 'NONE', #1473, #1046, #1332, .T. ) ;
#391 = LINE ( 'NONE', #1381, #1405 ) ;
#392 = DIRECTION ( 'NONE',  ( 0.000000000000000000, -0.000000000000000000, 1.000000000000000000 ) ) ;
#393 = PLANE ( 'NONE',  #1206 ) ;
#394 = LINE ( 'NONE', #720, #371 ) ;
#395 = DIRECTION ( 'NONE',  ( 0.000000000000000000, -0.000000000000000000, -1.000000000000000000 ) ) ;
#396 = LINE ( 'NONE', #1366, #1419 ) ;
#397 = VERTEX_POINT ( 'NONE', #109 ) ;
#398 = CARTESIAN_POINT ( 'NONE',  ( -1.312500000000000000, -3.555447233271123688E-29, 0.1499999999999999944 ) ) ;
#399 = CIRCLE ( 'NONE', #1162, 0.2149999999999999134 ) ;
#400 = EDGE_CURVE ( 'NONE', #586, #55, #1308, .T. ) ;
#401 = ORIENTED_EDGE ( 'NONE', *, *, #177, .T. ) ;
#402 = LINE ( 'NONE', #398, #1484 ) ;
#403 = DIRECTION ( 'NONE',  ( -1.000000000000000000, 0.000000000000000000, 0.000000000000000000 ) ) ;
#404 = DIRECTION ( 'NONE',  ( 0.000000000000000000, 0.000000000000000000, -1.000000000000000000 ) ) ;
#405 = ORIENTED_EDGE ( 'NONE', *, *, #1461, .T. ) ;
#406 = VECTOR ( 'NONE', #643, 1000.000000000000000 ) ;
#407 = EDGE_CURVE ( 'NONE', #1021, #458, #1317, .T. ) ;
#408 = ADVANCED_FACE ( 'NONE', ( #1342 ), #893, .T. ) ;
#409 = DIRECTION ( 'NONE',  ( -0.1209742911513548291, -0.9852565360152931717, -0.1209742911513548291 ) ) ;
#410 = VERTEX_POINT ( 'NONE', #1063 ) ;
#411 = FACE_OUTER_BOUND ( 'NONE', #82, .T. ) ;
#412 = DIRECTION ( 'NONE',  ( -0.1218693434051471569, 0.9925461516413219831, 0.000000000000000000 ) ) ;
#413 = DIRECTION ( 'NONE',  ( -0.000000000000000000, -0.000000000000000000, -1.000000000000000000 ) ) ;
#414 = ORIENTED_EDGE ( 'NONE', *, *, #317, .F. ) ;
#415 = FACE_OUTER_BOUND ( 'NONE', #548, .T. ) ;
#416 = VECTOR ( 'NONE', #1060, 1000.000000000000000 ) ;
#417 = ADVANCED_FACE ( 'NONE', ( #312 ), #881, .F. ) ;
#418 =( GEOMETRIC_REPRESENTATION_CONTEXT ( 3 ) GLOBAL_UNCERTAINTY_ASSIGNED_CONTEXT ( ( #342 ) ) GLOBAL_UNIT_ASSIGNED_CONTEXT ( ( #255, #1239, #1302 ) ) REPRESENTATION_CONTEXT ( 'NONE', 'WORKASPACE' ) );
#419 = VECTOR ( 'NONE', #126, 1000.000000000000000 ) ;
#420 = CARTESIAN_POINT ( 'NONE',  ( -0.5999999999999999778, 1.000000000000000000, -0.5886077195485476254 ) ) ;
#421 = EDGE_LOOP ( 'NONE', ( #563, #1066, #194, #697 ) ) ;
#422 = LINE ( 'NONE', #472, #416 ) ;
#423 = DIRECTION ( 'NONE',  ( 0.1209742911513548291, 0.9852565360152931717, 0.1209742911513548291 ) ) ;
#424 = CARTESIAN_POINT ( 'NONE',  ( -0.4999999999999998890, -0.2814551155454730336, -0.5886077195485476254 ) ) ;
#425 = VERTEX_POINT ( 'NONE', #672 ) ;
#426 = CYLINDRICAL_SURFACE ( 'NONE', #742, 0.1000000000000000472 ) ;
#427 = EDGE_LOOP ( 'NONE', ( #937, #1037, #1052, #1058 ) ) ;
#428 = CARTESIAN_POINT ( 'NONE',  ( 0.000000000000000000, 1.000000000000000000, 0.000000000000000000 ) ) ;
#429 = EDGE_CURVE ( 'NONE', #1113, #440, #287, .T. ) ;
#430 = DIRECTION ( 'NONE',  ( -0.000000000000000000, 0.000000000000000000, 1.000000000000000000 ) ) ;
#431 = DIRECTION ( 'NONE',  ( 1.000000000000000000, 0.000000000000000000, 0.000000000000000000 ) ) ;
#432 = EDGE_LOOP ( 'NONE', ( #984, #218, #1220, #182, #974, #1210 ) ) ;
#433 = CARTESIAN_POINT ( 'NONE',  ( -0.8499999999999999778, 0.5000000000000000000, -0.6500000000000000222 ) ) ;
#434 = DIRECTION ( 'NONE',  ( -1.000000000000000000, 0.000000000000000000, 9.209887472399016698E-17 ) ) ;
#435 = EDGE_LOOP ( 'NONE', ( #988, #1242, #308, #719 ) ) ;
#436 = LINE ( 'NONE', #1126, #1511 ) ;
#437 = AXIS2_PLACEMENT_3D ( 'NONE', #1177, #741, #864 ) ;
#438 = PLANE ( 'NONE',  #708 ) ;
#439 = LINE ( 'NONE', #994, #1493 ) ;
#440 = VERTEX_POINT ( 'NONE', #193 ) ;
#441 = DIRECTION ( 'NONE',  ( -0.000000000000000000, -0.000000000000000000, -1.000000000000000000 ) ) ;
#442 = LINE ( 'NONE', #97, #905 ) ;
#443 = CARTESIAN_POINT ( 'NONE',  ( 1.002500000000000169, 0.1999999999999998723, 0.1499999999999999944 ) ) ;
#444 = LINE ( 'NONE', #603, #954 ) ;
#445 = CIRCLE ( 'NONE', #543, 0.2149999999999999134 ) ;
#446 = CARTESIAN_POINT ( 'NONE',  ( 0.8500000000000001998, 0.5000000000000000000, 0.6500000000000000222 ) ) ;
#447 = ADVANCED_FACE ( 'NONE', ( #809 ), #1320, .F. ) ;
#448 = VECTOR ( 'NONE', #173, 1000.000000000000000 ) ;
#449 = EDGE_CURVE ( 'NONE', #52, #425, #791, .T. ) ;
#450 = CARTESIAN_POINT ( 'NONE',  ( 1.002500000000000169, 0.1999999999999998723, -0.1499999999999999944 ) ) ;
#451 = VECTOR ( 'NONE', #517, 1000.000000000000000 ) ;
#452 = ORIENTED_EDGE ( 'NONE', *, *, #1305, .T. ) ;
#453 = EDGE_CURVE ( 'NONE', #1030, #52, #318, .T. ) ;
#454 = CARTESIAN_POINT ( 'NONE',  ( -0.8499999999999999778, 0.5000000000000000000, -0.1499999999999999944 ) ) ;
#455 = LINE ( 'NONE', #1290, #999 ) ;
#456 = EDGE_LOOP ( 'NONE', ( #618, #1115, #1083, #64 ) ) ;
#457 =( NAMED_UNIT ( * ) SI_UNIT ( $, .STERADIAN. ) SOLID_ANGLE_UNIT ( ) );
#458 = VERTEX_POINT ( 'NONE', #665 ) ;
#459 = DIRECTION ( 'NONE',  ( -1.000000000000000000, 0.000000000000000000, -0.000000000000000000 ) ) ;
#460 = VECTOR ( 'NONE', #1143, 1000.000000000000000 ) ;
#461 = LINE ( 'NONE', #1040, #925 ) ;
#462 = ORIENTED_EDGE ( 'NONE', *, *, #480, .T. ) ;
#463 = ORIENTED_EDGE ( 'NONE', *, *, #1266, .T. ) ;
#464 = CARTESIAN_POINT ( 'NONE',  ( -0.8499999999999999778, 0.5000000000000000000, 0.6500000000000000222 ) ) ;
#465 = AXIS2_PLACEMENT_3D ( 'NONE', #565, #915, #1504 ) ;
#466 = CYLINDRICAL_SURFACE ( 'NONE', #752, 0.2149999999999999134 ) ;
#467 = VERTEX_POINT ( 'NONE', #767 ) ;
#468 = EDGE_CURVE ( 'NONE', #1118, #1218, #758, .T. ) ;
#469 = ORIENTED_EDGE ( 'NONE', *, *, #789, .F. ) ;
#470 = VECTOR ( 'NONE', #923, 1000.000000000000000 ) ;
#471 = ORIENTED_EDGE ( 'NONE', *, *, #1187, .T. ) ;
#472 = CARTESIAN_POINT ( 'NONE',  ( 0.9892703515023968386, 0.3512155742747651299, 0.1499999999999999944 ) ) ;
#473 = VERTEX_POINT ( 'NONE', #1095 ) ;
#474 = CARTESIAN_POINT ( 'NONE',  ( -0.9892703515023968386, 0.3512155742747651299, 0.1499999999999999944 ) ) ;
#475 = LINE ( 'NONE', #137, #485 ) ;
#476 = ORIENTED_EDGE ( 'NONE', *, *, #91, .T. ) ;
#477 = ORIENTED_EDGE ( 'NONE', *, *, #667, .F. ) ;
#478 = CARTESIAN_POINT ( 'NONE',  ( -0.8499999999999999778, 0.5000000000000000000, 0.6500000000000000222 ) ) ;
#479 = ORIENTED_EDGE ( 'NONE', *, *, #43, .F. ) ;
#480 = EDGE_CURVE ( 'NONE', #1358, #1030, #334, .T. ) ;
#481 = CARTESIAN_POINT ( 'NONE',  ( 1.312500000000000000, -3.555447233271123688E-29, 0.1499999999999999944 ) ) ;
#482 = FACE_OUTER_BOUND ( 'NONE', #435, .T. ) ;
#483 = EDGE_CURVE ( 'NONE', #1106, #1358, #331, .T. ) ;
#484 = ORIENTED_EDGE ( 'NONE', *, *, #1313, .T. ) ;
#485 = VECTOR ( 'NONE', #946, 1000.000000000000000 ) ;
#486 = CARTESIAN_POINT ( 'NONE',  ( 0.8896508816932221508, 0.4425000000000000044, 0.1499999999999999944 ) ) ;
#487 = ORIENTED_EDGE ( 'NONE', *, *, #1367, .F. ) ;
#488 = DIRECTION ( 'NONE',  ( 0.000000000000000000, -0.000000000000000000, -1.000000000000000000 ) ) ;
#489 = LINE ( 'NONE', #695, #983 ) ;
#490 = ORIENTED_EDGE ( 'NONE', *, *, #577, .T. ) ;
#491 = DIRECTION ( 'NONE',  ( 0.000000000000000000, 0.000000000000000000, 1.000000000000000000 ) ) ;
#492 = ORIENTED_EDGE ( 'NONE', *, *, #129, .F. ) ;
#493 = EDGE_CURVE ( 'NONE', #824, #1553, #320, .T. ) ;
#494 = CARTESIAN_POINT ( 'NONE',  ( 0.8499999999999999778, 0.5000000000000000000, 0.1499999999999999944 ) ) ;
#495 = EDGE_LOOP ( 'NONE', ( #487, #831, #820, #225 ) ) ;
#496 = VERTEX_POINT ( 'NONE', #202 ) ;
#497 = ORIENTED_EDGE ( 'NONE', *, *, #207, .F. ) ;
#498 = LINE ( 'NONE', #1468, #1562 ) ;
#499 = ORIENTED_EDGE ( 'NONE', *, *, #1403, .F. ) ;
#500 = DIRECTION ( 'NONE',  ( 0.000000000000000000, 0.9925461516413219831, -0.1218693434051477398 ) ) ;
#501 = EDGE_CURVE ( 'NONE', #520, #684, #823, .T. ) ;
#502 = ORIENTED_EDGE ( 'NONE', *, *, #1413, .F. ) ;
#503 = CARTESIAN_POINT ( 'NONE',  ( 0.8896508816932221508, 0.3425000000000000266, 0.1499999999999999944 ) ) ;
#504 = CARTESIAN_POINT ( 'NONE',  ( -0.8499999999999999778, 0.5000000000000000000, -0.6500000000000000222 ) ) ;
#505 = VECTOR ( 'NONE', #1212, 1000.000000000000114 ) ;
#506 = ORIENTED_EDGE ( 'NONE', *, *, #736, .F. ) ;
#507 = DIRECTION ( 'NONE',  ( 1.000000000000000000, -1.477303066184766927E-15, 0.000000000000000000 ) ) ;
#508 = LINE ( 'NONE', #1431, #519 ) ;
#509 = ORIENTED_EDGE ( 'NONE', *, *, #1138, .T. ) ;
#510 = CARTESIAN_POINT ( 'NONE',  ( -0.4999999999999998890, 0.9000000000000000222, -0.5886077195485476254 ) ) ;
#511 = ORIENTED_EDGE ( 'NONE', *, *, #114, .T. ) ;
#512 = CARTESIAN_POINT ( 'NONE',  ( 0.8896508816932221508, 0.4425000000000000044, 0.1499999999999999944 ) ) ;
#513 = AXIS2_PLACEMENT_3D ( 'NONE', #666, #751, #120 ) ;
#514 = FILL_AREA_STYLE_COLOUR ( '', #23 ) ;
#515 = ORIENTED_EDGE ( 'NONE', *, *, #1244, .T. ) ;
#516 = CARTESIAN_POINT ( 'NONE',  ( -0.8429398877480829277, 0.4425000000000000044, 0.1499999999999999944 ) ) ;
#517 = DIRECTION ( 'NONE',  ( 0.000000000000000000, -0.000000000000000000, -1.000000000000000000 ) ) ;
#518 = ORIENTED_EDGE ( 'NONE', *, *, #238, .T. ) ;
#519 = VECTOR ( 'NONE', #942, 1000.000000000000000 ) ;
#520 = VERTEX_POINT ( 'NONE', #757 ) ;
#521 = ORIENTED_EDGE ( 'NONE', *, *, #635, .F. ) ;
#522 = ORIENTED_EDGE ( 'NONE', *, *, #965, .T. ) ;
#523 = ORIENTED_EDGE ( 'NONE', *, *, #939, .T. ) ;
#524 = FACE_OUTER_BOUND ( 'NONE', #421, .T. ) ;
#525 = ORIENTED_EDGE ( 'NONE', *, *, #170, .T. ) ;
#526 = CARTESIAN_POINT ( 'NONE',  ( -0.8499999999999999778, 0.5000000000000000000, -0.1499999999999999944 ) ) ;
#527 = ORIENTED_EDGE ( 'NONE', *, *, #1072, .F. ) ;
#528 = EDGE_CURVE ( 'NONE', #55, #70, #819, .T. ) ;
#529 = ORIENTED_EDGE ( 'NONE', *, *, #1022, .T. ) ;
#530 = ORIENTED_EDGE ( 'NONE', *, *, #877, .F. ) ;
#531 = CARTESIAN_POINT ( 'NONE',  ( -0.5999999999999999778, 0.9000000000000000222, -0.5886077195485476254 ) ) ;
#532 = ORIENTED_EDGE ( 'NONE', *, *, #661, .T. ) ;
#533 = CARTESIAN_POINT ( 'NONE',  ( 1.103832741782947435, 0.3612384846907450986, 0.1499999999999999944 ) ) ;
#534 = ORIENTED_EDGE ( 'NONE', *, *, #1132, .F. ) ;
#535 = ORIENTED_EDGE ( 'NONE', *, *, #11, .T. ) ;
#536 = ORIENTED_EDGE ( 'NONE', *, *, #1285, .F. ) ;
#537 = DIRECTION ( 'NONE',  ( 0.000000000000000000, 1.000000000000000000, 0.000000000000000000 ) ) ;
#538 = PRODUCT_DEFINITION_FORMATION_WITH_SPECIFIED_SOURCE ( 'ANY', '', #112, .NOT_KNOWN. ) ;
#539 = FACE_OUTER_BOUND ( 'NONE', #432, .T. ) ;
#540 = ORIENTED_EDGE ( 'NONE', *, *, #1305, .F. ) ;
#541 = EDGE_LOOP ( 'NONE', ( #1045, #1057, #522, #54, #572, #497 ) ) ;
#542 = CARTESIAN_POINT ( 'NONE',  ( 1.312500000000000000, 0.1149999999999999217, 0.1499999999999999944 ) ) ;
#543 = AXIS2_PLACEMENT_3D ( 'NONE', #1233, #963, #1136 ) ;
#544 = VERTEX_POINT ( 'NONE', #443 ) ;
#545 = CARTESIAN_POINT ( 'NONE',  ( 0.7886077195485478031, 1.000000000000000000, 0.6500000000000000222 ) ) ;
#546 = ORIENTED_EDGE ( 'NONE', *, *, #1259, .T. ) ;
#547 = ORIENTED_EDGE ( 'NONE', *, *, #550, .T. ) ;
#548 = EDGE_LOOP ( 'NONE', ( #20, #600, #904, #1127 ) ) ;
#549 = EDGE_LOOP ( 'NONE', ( #574, #1101, #924, #68 ) ) ;
#550 = EDGE_CURVE ( 'NONE', #724, #1386, #324, .T. ) ;
#551 = EDGE_LOOP ( 'NONE', ( #706, #1245, #337, #726 ) ) ;
#552 = VERTEX_POINT ( 'NONE', #701 ) ;
#553 = ORIENTED_EDGE ( 'NONE', *, *, #776, .F. ) ;
#554 = ORIENTED_EDGE ( 'NONE', *, *, #344, .F. ) ;
#555 = CARTESIAN_POINT ( 'NONE',  ( -0.5999999999999998668, 1.000000000000000000, 0.5886077195485476254 ) ) ;
#556 = EDGE_CURVE ( 'NONE', #105, #1531, #328, .T. ) ;
#557 =( LENGTH_UNIT ( ) NAMED_UNIT ( * ) SI_UNIT ( .MILLI., .METRE. ) );
#558 = EDGE_LOOP ( 'NONE', ( #298, #836, #1234, #1336 ) ) ;
#559 = ORIENTED_EDGE ( 'NONE', *, *, #734, .F. ) ;
#560 = ORIENTED_EDGE ( 'NONE', *, *, #1055, .F. ) ;
#561 = VERTEX_POINT ( 'NONE', #625 ) ;
#562 = VERTEX_POINT ( 'NONE', #474 ) ;
#563 = ORIENTED_EDGE ( 'NONE', *, *, #129, .T. ) ;
#564 = EDGE_LOOP ( 'NONE', ( #1490, #1499, #1122, #1097 ) ) ;
#565 = CARTESIAN_POINT ( 'NONE',  ( 1.117062390280550987, 0.2100229104159797855, 0.1499999999999999944 ) ) ;
#566 = STYLED_ITEM ( 'NONE', ( #815 ), #352 ) ;
#567 = EDGE_CURVE ( 'NONE', #1030, #1015, #1377, .T. ) ;
#568 = VERTEX_POINT ( 'NONE', #1146 ) ;
#569 = EDGE_LOOP ( 'NONE', ( #492, #1550, #49, #208 ) ) ;
#570 = DIRECTION ( 'NONE',  ( 0.000000000000000000, 1.000000000000000000, 0.000000000000000000 ) ) ;
#571 = DIRECTION ( 'NONE',  ( 1.000000000000000000, 0.000000000000000000, 0.000000000000000000 ) ) ;
#572 = ORIENTED_EDGE ( 'NONE', *, *, #480, .F. ) ;
#573 = ADVANCED_FACE ( 'NONE', ( #843 ), #46, .T. ) ;
#574 = ORIENTED_EDGE ( 'NONE', *, *, #468, .T. ) ;
#575 = CARTESIAN_POINT ( 'NONE',  ( 0.8500000000000001998, 0.5000000000000000000, 0.6500000000000000222 ) ) ;
#576 = EDGE_LOOP ( 'NONE', ( #230, #506, #998, #22 ) ) ;
#577 = EDGE_CURVE ( 'NONE', #730, #544, #343, .T. ) ;
#578 = CARTESIAN_POINT ( 'NONE',  ( -1.312500000000000000, 0.1149999999999999217, 0.1499999999999999944 ) ) ;
#579 = VERTEX_POINT ( 'NONE', #166 ) ;
#580 = ORIENTED_EDGE ( 'NONE', *, *, #344, .T. ) ;
#581 = CARTESIAN_POINT ( 'NONE',  ( -1.220761700213852885, 0.2190954244506042037, 0.1499999999999999944 ) ) ;
#582 = ORIENTED_EDGE ( 'NONE', *, *, #238, .F. ) ;
#583 = ORIENTED_EDGE ( 'NONE', *, *, #317, .T. ) ;
#584 = CARTESIAN_POINT ( 'NONE',  ( -0.4999999999999996669, 1.000000000000000000, 0.5886077195485476254 ) ) ;
#585 = ADVANCED_FACE ( 'NONE', ( #784 ), #814, .T. ) ;
#586 = VERTEX_POINT ( 'NONE', #512 ) ;
#587 = VERTEX_POINT ( 'NONE', #930 ) ;
#588 = DIRECTION ( 'NONE',  ( 0.000000000000000000, 1.000000000000000000, 0.000000000000000000 ) ) ;
#589 = VERTEX_POINT ( 'NONE', #1424 ) ;
#590 = VERTEX_POINT ( 'NONE', #829 ) ;
#591 = EDGE_CURVE ( 'NONE', #70, #38, #1318, .T. ) ;
#592 = DIRECTION ( 'NONE',  ( -0.000000000000000000, 1.000000000000000000, -0.000000000000000000 ) ) ;
#593 = ORIENTED_EDGE ( 'NONE', *, *, #1157, .F. ) ;
#594 = VERTEX_POINT ( 'NONE', #526 ) ;
#595 = ORIENTED_EDGE ( 'NONE', *, *, #1201, .F. ) ;
#596 = CARTESIAN_POINT ( 'NONE',  ( -0.4999999999999998890, 1.000000000000000000, -0.5886077195485476254 ) ) ;
#597 = ADVANCED_FACE ( 'NONE', ( #1371 ), #848, .F. ) ;
#598 = DIRECTION ( 'NONE',  ( 9.209887472399016698E-17, 0.000000000000000000, 1.000000000000000000 ) ) ;
#599 = ORIENTED_EDGE ( 'NONE', *, *, #1483, .F. ) ;
#600 = ORIENTED_EDGE ( 'NONE', *, *, #1109, .T. ) ;
#601 = ADVANCED_FACE ( 'NONE', ( #1373 ), #645, .F. ) ;
#602 = FACE_OUTER_BOUND ( 'NONE', #551, .T. ) ;
#603 = CARTESIAN_POINT ( 'NONE',  ( -0.8896508816932221508, 0.4425000000000000044, -0.1499999999999999944 ) ) ;
#604 = VERTEX_POINT ( 'NONE', #254 ) ;
#605 = ORIENTED_EDGE ( 'NONE', *, *, #164, .T. ) ;
#606 = EDGE_CURVE ( 'NONE', #562, #1021, #326, .T. ) ;
#607 = FILL_AREA_STYLE ('',( #1094 ) ) ;
#608 = ORIENTED_EDGE ( 'NONE', *, *, #501, .T. ) ;
#609 = DIRECTION ( 'NONE',  ( 0.000000000000000000, 0.000000000000000000, 1.000000000000000000 ) ) ;
#610 = VECTOR ( 'NONE', #670, 1000.000000000000000 ) ;
#611 = EDGE_LOOP ( 'NONE', ( #1349, #1552, #851, #294, #1549, #1013, #1343, #1351, #1376, #502, #1333, #206, #1023 ) ) ;
#612 = DIRECTION ( 'NONE',  ( -1.000000000000000000, 0.000000000000000000, 0.000000000000000000 ) ) ;
#613 = DIRECTION ( 'NONE',  ( 0.08715574274765290619, 0.9961946980917459893, 0.000000000000000000 ) ) ;
#614 = EDGE_LOOP ( 'NONE', ( #580, #414, #58, #926 ) ) ;
#615 = ADVANCED_FACE ( 'NONE', ( #847 ), #243, .F. ) ;
#616 = AXIS2_PLACEMENT_3D ( 'NONE', #622, #152, #703 ) ;
#617 = CARTESIAN_POINT ( 'NONE',  ( 0.8500000000000001998, 0.5000000000000000000, 0.6500000000000000222 ) ) ;
#618 = ORIENTED_EDGE ( 'NONE', *, *, #1157, .T. ) ;
#619 = CARTESIAN_POINT ( 'NONE',  ( 0.8896508816932221508, 0.5574999999999999956, -0.1499999999999999944 ) ) ;
#620 = ORIENTED_EDGE ( 'NONE', *, *, #528, .F. ) ;
#621 = DIRECTION ( 'NONE',  ( -1.000000000000000000, 1.477303066185154652E-15, -0.000000000000000000 ) ) ;
#622 = CARTESIAN_POINT ( 'NONE',  ( 0.8429398877480829277, 0.4425000000000000044, 0.1499999999999999944 ) ) ;
#623 = EDGE_CURVE ( 'NONE', #1486, #1062, #345, .T. ) ;
#624 = PLANE ( 'NONE',  #1069 ) ;
#625 = CARTESIAN_POINT ( 'NONE',  ( 0.9892703515023968386, 0.3512155742747651299, 0.1499999999999999944 ) ) ;
#626 = DIRECTION ( 'NONE',  ( -0.1209742911513548291, -0.9852565360152931717, 0.1209742911513548291 ) ) ;
#627 = DIRECTION ( 'NONE',  ( -1.000000000000000000, -0.000000000000000000, -0.000000000000000000 ) ) ;
#628 = VECTOR ( 'NONE', #961, 1000.000000000000114 ) ;
#629 =( GEOMETRIC_REPRESENTATION_CONTEXT ( 3 ) GLOBAL_UNCERTAINTY_ASSIGNED_CONTEXT ( ( #783 ) ) GLOBAL_UNIT_ASSIGNED_CONTEXT ( ( #340, #1199, #142 ) ) REPRESENTATION_CONTEXT ( 'NONE', 'WORKASPACE' ) );
#630 = MECHANICAL_DESIGN_GEOMETRIC_PRESENTATION_REPRESENTATION (  '', ( #770 ), #1509 ) ;
#631 = PLANE ( 'NONE',  #1265 ) ;
#632 = CARTESIAN_POINT ( 'NONE',  ( -0.4999999999999998890, 0.9000000000000000222, -0.5886077195485476254 ) ) ;
#633 = CYLINDRICAL_SURFACE ( 'NONE', #951, 0.1040954244506044485 ) ;
#634 = DIRECTION ( 'NONE',  ( -1.000000000000000000, 0.000000000000000000, 0.000000000000000000 ) ) ;
#635 = EDGE_CURVE ( 'NONE', #568, #1002, #1327, .T. ) ;
#636 = PLANE ( 'NONE',  #104 ) ;
#637 = CARTESIAN_POINT ( 'NONE',  ( 0.000000000000000000, 0.1000000000000000056, 0.000000000000000000 ) ) ;
#638 = CARTESIAN_POINT ( 'NONE',  ( -0.5999999999999999778, -0.2814551155454730336, -0.5886077195485476254 ) ) ;
#639 = ORIENTED_EDGE ( 'NONE', *, *, #493, .T. ) ;
#640 = DIRECTION ( 'NONE',  ( 0.000000000000000000, -0.9925461516413219831, -0.1218693434051477398 ) ) ;
#641 = CARTESIAN_POINT ( 'NONE',  ( 0.8429398877480829277, 0.5574999999999999956, -0.1499999999999999944 ) ) ;
#642 = AXIS2_PLACEMENT_3D ( 'NONE', #330, #909, #722 ) ;
#643 = DIRECTION ( 'NONE',  ( -0.000000000000000000, -0.000000000000000000, -1.000000000000000000 ) ) ;
#644 = DIRECTION ( 'NONE',  ( 0.000000000000000000, 1.000000000000000000, 0.000000000000000000 ) ) ;
#645 = PLANE ( 'NONE',  #1121 ) ;
#646 =( NAMED_UNIT ( * ) PLANE_ANGLE_UNIT ( ) SI_UNIT ( $, .RADIAN. ) );
#647 = EDGE_CURVE ( 'NONE', #425, #911, #288, .T. ) ;
#648 = CARTESIAN_POINT ( 'NONE',  ( -0.8499999999999999778, 0.5000000000000000000, 0.6500000000000000222 ) ) ;
#649 = FACE_OUTER_BOUND ( 'NONE', #60, .T. ) ;
#650 = DIRECTION ( 'NONE',  ( 1.000000000000000000, 0.000000000000000000, -0.000000000000000000 ) ) ;
#651 = VECTOR ( 'NONE', #1125, 1000.000000000000227 ) ;
#652 = CARTESIAN_POINT ( 'NONE',  ( 0.8896508816932221508, 0.4425000000000000044, -0.1499999999999999944 ) ) ;
#653 = DIRECTION ( 'NONE',  ( -0.000000000000000000, -0.000000000000000000, -1.000000000000000000 ) ) ;
#654 = STYLED_ITEM ( 'NONE', ( #1532 ), #744 ) ;
#655 = LINE ( 'NONE', #822, #1172 ) ;
#656 = AXIS2_PLACEMENT_3D ( 'NONE', #1448, #933, #781 ) ;
#657 = DIRECTION ( 'NONE',  ( 1.000000000000000000, -1.477303066184766927E-15, 0.000000000000000000 ) ) ;
#658 = LINE ( 'NONE', #1202, #1009 ) ;
#659 = CARTESIAN_POINT ( 'NONE',  ( -0.9892703515023968386, 0.3512155742747651299, -0.1499999999999999944 ) ) ;
#660 = CARTESIAN_POINT ( 'NONE',  ( 0.8896508816932221508, 0.3425000000000000266, 0.1499999999999999944 ) ) ;
#661 = EDGE_CURVE ( 'NONE', #552, #105, #329, .T. ) ;
#662 = DIRECTION ( 'NONE',  ( 0.000000000000000000, -0.000000000000000000, -1.000000000000000000 ) ) ;
#663 = AXIS2_PLACEMENT_3D ( 'NONE', #503, #733, #76 ) ;
#664 = ADVANCED_FACE ( 'NONE', ( #1382 ), #1441, .T. ) ;
#665 = CARTESIAN_POINT ( 'NONE',  ( -0.8429398877480829277, 0.4425000000000000044, 0.1499999999999999944 ) ) ;
#666 = CARTESIAN_POINT ( 'NONE',  ( -1.002500000000000169, 0.1999999999999998723, 0.1499999999999999944 ) ) ;
#667 = EDGE_CURVE ( 'NONE', #936, #908, #794, .T. ) ;
#668 = CARTESIAN_POINT ( 'NONE',  ( -0.8896508816932221508, 0.4425000000000000044, -0.1499999999999999944 ) ) ;
#669 = ADVANCED_FACE ( 'NONE', ( #350 ), #393, .F. ) ;
#670 = DIRECTION ( 'NONE',  ( 1.000000000000000000, 1.477303066185154652E-15, 0.000000000000000000 ) ) ;
#671 = DIRECTION ( 'NONE',  ( 1.000000000000000000, 0.000000000000000000, -0.000000000000000000 ) ) ;
#672 = CARTESIAN_POINT ( 'NONE',  ( -0.8499999999999999778, 0.5000000000000000000, 0.6500000000000000222 ) ) ;
#673 = EDGE_CURVE ( 'NONE', #84, #1249, #797, .T. ) ;
#674 = AXIS2_PLACEMENT_3D ( 'NONE', #261, #1131, #237 ) ;
#675 = CARTESIAN_POINT ( 'NONE',  ( -0.8008861756388380160, 0.09999999999999999167, 0.6500000000000000222 ) ) ;
#676 = CARTESIAN_POINT ( 'NONE',  ( -0.5999999999999998668, 0.9000000000000000222, 0.5886077195485476254 ) ) ;
#677 = ORIENTED_EDGE ( 'NONE', *, *, #1313, .F. ) ;
#678 = DIRECTION ( 'NONE',  ( 0.000000000000000000, -0.000000000000000000, 1.000000000000000000 ) ) ;
#679 = ADVANCED_FACE ( 'NONE', ( #1344 ), #297, .F. ) ;
#680 = EDGE_LOOP ( 'NONE', ( #197, #677, #1006, #934 ) ) ;
#681 = EDGE_CURVE ( 'NONE', #1105, #440, #1385, .T. ) ;
#682 = DIRECTION ( 'NONE',  ( 1.000000000000000000, -0.000000000000000000, 0.000000000000000000 ) ) ;
#683 = CARTESIAN_POINT ( 'NONE',  ( -0.4999999999999998890, 1.000000000000000000, -0.5886077195485476254 ) ) ;
#684 = VERTEX_POINT ( 'NONE', #1186 ) ;
#685 =( NAMED_UNIT ( * ) PLANE_ANGLE_UNIT ( ) SI_UNIT ( $, .RADIAN. ) );
#686 = DIRECTION ( 'NONE',  ( 0.000000000000000000, 0.000000000000000000, 1.000000000000000000 ) ) ;
#687 = ORIENTED_EDGE ( 'NONE', *, *, #216, .T. ) ;
#688 = AXIS2_PLACEMENT_3D ( 'NONE', #1227, #1502, #1331 ) ;
#689 = VECTOR ( 'NONE', #739, 1000.000000000000000 ) ;
#690 = EDGE_CURVE ( 'NONE', #110, #1108, #1338, .T. ) ;
#691 = DIRECTION ( 'NONE',  ( 1.000000000000000000, 0.000000000000000000, 0.000000000000000000 ) ) ;
#692 = CARTESIAN_POINT ( 'NONE',  ( -0.5999999999999999778, 0.9000000000000000222, -0.5886077195485476254 ) ) ;
#693 = DIRECTION ( 'NONE',  ( -1.000000000000000000, -1.477303066185154652E-15, 0.000000000000000000 ) ) ;
#694 = ORIENTED_EDGE ( 'NONE', *, *, #647, .F. ) ;
#695 = CARTESIAN_POINT ( 'NONE',  ( 1.312500000000000000, 0.1149999999999999217, 0.1499999999999999944 ) ) ;
#696 = CARTESIAN_POINT ( 'NONE',  ( 0.8008861756388382380, 0.09999999999999999167, -0.6008861756388380604 ) ) ;
#697 = ORIENTED_EDGE ( 'NONE', *, *, #789, .T. ) ;
#698 =( NAMED_UNIT ( * ) PLANE_ANGLE_UNIT ( ) SI_UNIT ( $, .RADIAN. ) );
#699 = EDGE_CURVE ( 'NONE', #724, #1553, #304, .T. ) ;
#700 = CARTESIAN_POINT ( 'NONE',  ( -0.8499999999999999778, 0.5000000000000000000, -0.6500000000000000222 ) ) ;
#701 = CARTESIAN_POINT ( 'NONE',  ( -1.103832741782947435, 0.3612384846907450986, 0.1499999999999999944 ) ) ;
#702 = PRODUCT_DEFINITION_SHAPE ( 'NONE', 'NONE',  #1219 ) ;
#703 = DIRECTION ( 'NONE',  ( -0.1218693434051471430, -0.9925461516413219831, 0.000000000000000000 ) ) ;
#704 = VERTEX_POINT ( 'NONE', #668 ) ;
#705 = CARTESIAN_POINT ( 'NONE',  ( 0.8429398877480829277, 0.4425000000000000044, 0.1499999999999999944 ) ) ;
#706 = ORIENTED_EDGE ( 'NONE', *, *, #1208, .F. ) ;
#707 = AXIS2_PLACEMENT_3D ( 'NONE', #1482, #1341, #732 ) ;
#708 = AXIS2_PLACEMENT_3D ( 'NONE', #617, #1412, #336 ) ;
#709 = DIRECTION ( 'NONE',  ( 1.000000000000000000, 1.477303066185154652E-15, 0.000000000000000000 ) ) ;
#710 = DIRECTION ( 'NONE',  ( 0.1218693434051471569, 0.9925461516413219831, 0.000000000000000000 ) ) ;
#711 = ORIENTED_EDGE ( 'NONE', *, *, #918, .T. ) ;
#712 = DIRECTION ( 'NONE',  ( 1.477303066185154652E-15, -1.000000000000000000, 0.000000000000000000 ) ) ;
#713 = CLOSED_SHELL ( 'NONE', ( #573, #782, #664, #1175, #867, #1406 ) ) ;
#714 = CARTESIAN_POINT ( 'NONE',  ( -1.117062390280550987, 0.2100229104159797855, 0.1499999999999999944 ) ) ;
#715 = ORIENTED_EDGE ( 'NONE', *, *, #207, .T. ) ;
#716 = EDGE_CURVE ( 'NONE', #98, #587, #357, .T. ) ;
#717 = ORIENTED_EDGE ( 'NONE', *, *, #1244, .F. ) ;
#718 = DIRECTION ( 'NONE',  ( 0.08715574274765151841, 0.9961946980917461003, 0.000000000000000000 ) ) ;
#719 = ORIENTED_EDGE ( 'NONE', *, *, #1379, .T. ) ;
#720 = CARTESIAN_POINT ( 'NONE',  ( 0.8896508816932221508, 0.5574999999999999956, -0.1499999999999999944 ) ) ;
#721 = ORIENTED_EDGE ( 'NONE', *, *, #449, .F. ) ;
#722 = DIRECTION ( 'NONE',  ( -1.000000000000000000, 0.000000000000000000, 0.000000000000000000 ) ) ;
#723 = AXIS2_PLACEMENT_3D ( 'NONE', #774, #897, #403 ) ;
#724 = VERTEX_POINT ( 'NONE', #676 ) ;
#725 = CARTESIAN_POINT ( 'NONE',  ( 0.8499999999999999778, 0.5000000000000000000, 0.1499999999999999944 ) ) ;
#726 = ORIENTED_EDGE ( 'NONE', *, *, #887, .T. ) ;
#727 = MANIFOLD_SOLID_BREP ( 'Boss-Extrude4', #1077 ) ;
#728 = CARTESIAN_POINT ( 'NONE',  ( -1.312500000000000000, 0.1149999999999999217, -0.1499999999999999944 ) ) ;
#729 = CARTESIAN_POINT ( 'NONE',  ( -1.117062390280550987, 0.2100229104159797855, 0.1499999999999999944 ) ) ;
#730 = VERTEX_POINT ( 'NONE', #181 ) ;
#731 = DIRECTION ( 'NONE',  ( 0.000000000000000000, 1.000000000000000000, 0.000000000000000000 ) ) ;
#732 = DIRECTION ( 'NONE',  ( 0.08715574274765153229, -0.9961946980917461003, 0.000000000000000000 ) ) ;
#733 = DIRECTION ( 'NONE',  ( -0.000000000000000000, 0.000000000000000000, 1.000000000000000000 ) ) ;
#734 = EDGE_CURVE ( 'NONE', #1050, #51, #1324, .T. ) ;
#735 = CARTESIAN_POINT ( 'NONE',  ( 0.8896508816932221508, 0.4425000000000000044, -0.1499999999999999944 ) ) ;
#736 = EDGE_CURVE ( 'NONE', #98, #1363, #1359, .T. ) ;
#737 = CARTESIAN_POINT ( 'NONE',  ( -1.312500000000000000, -3.555447233271123688E-29, -0.1499999999999999944 ) ) ;
#738 = EDGE_CURVE ( 'NONE', #84, #179, #332, .T. ) ;
#739 = DIRECTION ( 'NONE',  ( 1.000000000000000000, -0.000000000000000000, -0.000000000000000000 ) ) ;
#740 = EDGE_CURVE ( 'NONE', #544, #561, #1364, .T. ) ;
#741 = DIRECTION ( 'NONE',  ( 0.000000000000000000, 0.000000000000000000, -1.000000000000000000 ) ) ;
#742 = AXIS2_PLACEMENT_3D ( 'NONE', #1555, #131, #691 ) ;
#743 = EDGE_CURVE ( 'NONE', #1530, #473, #347, .T. ) ;
#744 = ADVANCED_BREP_SHAPE_REPRESENTATION ( 'SP4020-01FTG-C', ( #727, #341, #352, #1346, #808 ), #418 ) ;
#745 = DIRECTION ( 'NONE',  ( -0.000000000000000000, -0.000000000000000000, -1.000000000000000000 ) ) ;
#746 = CARTESIAN_POINT ( 'NONE',  ( -0.5999999999999998668, -0.2814551155454730336, 0.5886077195485476254 ) ) ;
#747 = EDGE_CURVE ( 'NONE', #105, #1473, #314, .T. ) ;
#748 = DIRECTION ( 'NONE',  ( 0.000000000000000000, 0.1218693434051477398, -0.9925461516413219831 ) ) ;
#749 = CARTESIAN_POINT ( 'NONE',  ( -1.312500000000000000, 0.1149999999999999217, -0.1499999999999999944 ) ) ;
#750 = ADVANCED_FACE ( 'NONE', ( #811 ), #321, .T. ) ;
#751 = DIRECTION ( 'NONE',  ( -0.9961946980917461003, 0.08715574274765153229, 0.000000000000000000 ) ) ;
#752 = AXIS2_PLACEMENT_3D ( 'NONE', #1307, #662, #1347 ) ;
#753 = CARTESIAN_POINT ( 'NONE',  ( -1.220761700213852885, 0.2190954244506042037, 0.1499999999999999944 ) ) ;
#754 = DIRECTION ( 'NONE',  ( -1.000000000000000000, -1.477303066184766927E-15, 0.000000000000000000 ) ) ;
#755 = VECTOR ( 'NONE', #1485, 1000.000000000000000 ) ;
#756 = DIRECTION ( 'NONE',  ( 9.209887472399016698E-17, 0.000000000000000000, 1.000000000000000000 ) ) ;
#757 = CARTESIAN_POINT ( 'NONE',  ( -1.220761700213852885, -1.626303258728256651E-16, 0.1499999999999999944 ) ) ;
#758 = LINE ( 'NONE', #749, #1362 ) ;
#759 = ADVANCED_FACE ( 'NONE', ( #335 ), #214, .F. ) ;
#760 = CARTESIAN_POINT ( 'NONE',  ( -0.8429398877480829277, 0.4425000000000000044, -0.1499999999999999944 ) ) ;
#761 = VECTOR ( 'NONE', #311, 1000.000000000000000 ) ;
#762 = SURFACE_STYLE_USAGE ( .BOTH. , #1029 ) ;
#763 = CARTESIAN_POINT ( 'NONE',  ( -0.8896508816932221508, 0.3425000000000000266, -0.1499999999999999944 ) ) ;
#764 = VECTOR ( 'NONE', #1400, 1000.000000000000000 ) ;
#765 = LINE ( 'NONE', #976, #769 ) ;
#766 = CARTESIAN_POINT ( 'NONE',  ( -0.5999999999999999778, 1.000000000000000000, -0.5886077195485476254 ) ) ;
#767 = CARTESIAN_POINT ( 'NONE',  ( -0.8008861756388380160, 0.09999999999999996392, 0.6008861756388380604 ) ) ;
#768 = VECTOR ( 'NONE', #431, 1000.000000000000000 ) ;
#769 = VECTOR ( 'NONE', #1231, 1000.000000000000000 ) ;
#770 = STYLED_ITEM ( 'NONE', ( #1480 ), #1346 ) ;
#771 = DIRECTION ( 'NONE',  ( 9.209887472399016698E-17, 0.000000000000000000, 1.000000000000000000 ) ) ;
#772 = LINE ( 'NONE', #1241, #755 ) ;
#773 = ADVANCED_FACE ( 'NONE', ( #1368 ), #899, .F. ) ;
#774 = CARTESIAN_POINT ( 'NONE',  ( -0.8896508816932221508, 0.3425000000000000266, 0.1499999999999999944 ) ) ;
#775 = LINE ( 'NONE', #735, #270 ) ;
#776 = EDGE_CURVE ( 'NONE', #467, #816, #1447, .T. ) ;
#777 = CARTESIAN_POINT ( 'NONE',  ( -0.5999999999999999778, 0.9000000000000000222, -0.5886077195485476254 ) ) ;
#778 = CARTESIAN_POINT ( 'NONE',  ( 0.8429398877480829277, 0.4425000000000000044, 0.1499999999999999944 ) ) ;
#779 = CARTESIAN_POINT ( 'NONE',  ( -0.8429398877480829277, 0.4425000000000000044, -0.1499999999999999944 ) ) ;
#780 = FACE_OUTER_BOUND ( 'NONE', #1092, .T. ) ;
#781 = DIRECTION ( 'NONE',  ( 0.1218693434051477398, -0.9925461516413219831, 0.000000000000000000 ) ) ;
#782 = ADVANCED_FACE ( 'NONE', ( #368 ), #1544, .T. ) ;
#783 = UNCERTAINTY_MEASURE_WITH_UNIT (LENGTH_MEASURE( 1.000000000000000082E-05 ), #340, 'distance_accuracy_value', 'NONE');
#784 = FACE_OUTER_BOUND ( 'NONE', #1059, .T. ) ;
#785 = AXIS2_PLACEMENT_3D ( 'NONE', #1268, #1025, #1174 ) ;
#786 = DIRECTION ( 'NONE',  ( 0.000000000000000000, 0.9925461516413219831, 0.1218693434051477398 ) ) ;
#787 = CARTESIAN_POINT ( 'NONE',  ( -0.8499999999999999778, 1.000000000000000000, 0.5886077195485476254 ) ) ;
#788 = VECTOR ( 'NONE', #1262, 1000.000000000000000 ) ;
#789 = EDGE_CURVE ( 'NONE', #816, #36, #375, .T. ) ;
#790 = DIRECTION ( 'NONE',  ( 1.477303066184766927E-15, 1.000000000000000000, -0.000000000000000000 ) ) ;
#791 = LINE ( 'NONE', #1375, #1321 ) ;
#792 = FACE_OUTER_BOUND ( 'NONE', #569, .T. ) ;
#793 = VERTEX_POINT ( 'NONE', #315 ) ;
#794 = LINE ( 'NONE', #1248, #821 ) ;
#795 = EDGE_CURVE ( 'NONE', #562, #1002, #373, .T. ) ;
#796 = ORIENTED_EDGE ( 'NONE', *, *, #1049, .F. ) ;
#797 = LINE ( 'NONE', #1492, #1353 ) ;
#798 = PLANE ( 'NONE',  #1543 ) ;
#799 = DIRECTION ( 'NONE',  ( -1.477303066185154652E-15, -1.000000000000000000, 0.000000000000000000 ) ) ;
#800 = CYLINDRICAL_SURFACE ( 'NONE', #1235, 0.2190954244506043147 ) ;
#801 = EDGE_CURVE ( 'NONE', #1067, #594, #378, .T. ) ;
#802 = VECTOR ( 'NONE', #1466, 1000.000000000000000 ) ;
#803 = PLANE ( 'NONE',  #616 ) ;
#804 = FACE_OUTER_BOUND ( 'NONE', #201, .T. ) ;
#805 = VECTOR ( 'NONE', #969, 1000.000000000000000 ) ;
#806 = CARTESIAN_POINT ( 'NONE',  ( -0.8896508816932221508, 0.3425000000000000266, 0.1499999999999999944 ) ) ;
#807 = EDGE_LOOP ( 'NONE', ( #78, #1080, #1082, #1520 ) ) ;
#808 = AXIS2_PLACEMENT_3D ( 'NONE', #1443, #840, #1155 ) ;
#809 = FACE_OUTER_BOUND ( 'NONE', #564, .T. ) ;
#810 = VERTEX_POINT ( 'NONE', #555 ) ;
#811 = FACE_OUTER_BOUND ( 'NONE', #1258, .T. ) ;
#812 = EDGE_CURVE ( 'NONE', #684, #562, #396, .T. ) ;
#813 = PLANE ( 'NONE',  #1098 ) ;
#814 = PLANE ( 'NONE',  #1540 ) ;
#815 = PRESENTATION_STYLE_ASSIGNMENT (( #1192 ) ) ;
#816 = VERTEX_POINT ( 'NONE', #128 ) ;
#817 =( NAMED_UNIT ( * ) SI_UNIT ( $, .STERADIAN. ) SOLID_ANGLE_UNIT ( ) );
#818 = DIRECTION ( 'NONE',  ( 1.000000000000000000, -0.000000000000000000, -0.000000000000000000 ) ) ;
#819 = LINE ( 'NONE', #778, #826 ) ;
#820 = ORIENTED_EDGE ( 'NONE', *, *, #1151, .T. ) ;
#821 = VECTOR ( 'NONE', #1528, 1000.000000000000000 ) ;
#822 = CARTESIAN_POINT ( 'NONE',  ( 0.8008861756388382380, 0.09999999999999999167, 0.6500000000000000222 ) ) ;
#823 = CIRCLE ( 'NONE', #1378, 0.2190954244506043147 ) ;
#824 = VERTEX_POINT ( 'NONE', #1508 ) ;
#825 = EDGE_CURVE ( 'NONE', #1108, #590, #882, .T. ) ;
#826 = VECTOR ( 'NONE', #1539, 1000.000000000000000 ) ;
#827 = VECTOR ( 'NONE', #101, 1000.000000000000000 ) ;
#828 = DIRECTION ( 'NONE',  ( -1.841977494479803340E-16, 0.000000000000000000, -1.000000000000000000 ) ) ;
#829 = CARTESIAN_POINT ( 'NONE',  ( 0.8500000000000001998, 0.5000000000000000000, -0.6500000000000000222 ) ) ;
#830 = VECTOR ( 'NONE', #1, 1000.000000000000000 ) ;
#831 = ORIENTED_EDGE ( 'NONE', *, *, #1379, .F. ) ;
#832 = DIRECTION ( 'NONE',  ( -0.000000000000000000, 0.000000000000000000, 1.000000000000000000 ) ) ;
#833 = EDGE_LOOP ( 'NONE', ( #986, #599, #476, #211 ) ) ;
#834 = PRESENTATION_LAYER_ASSIGNMENT (  '', '', ( #1293 ) ) ;
#835 = PLANE ( 'NONE',  #1182 ) ;
#836 = ORIENTED_EDGE ( 'NONE', *, *, #887, .F. ) ;
#837 = VECTOR ( 'NONE', #718, 1000.000000000000114 ) ;
#838 = DIRECTION ( 'NONE',  ( -0.000000000000000000, -0.000000000000000000, -1.000000000000000000 ) ) ;
#839 = DIRECTION ( 'NONE',  ( -0.000000000000000000, -0.000000000000000000, -1.000000000000000000 ) ) ;
#840 = DIRECTION ( 'NONE',  ( 0.000000000000000000, 0.000000000000000000, 1.000000000000000000 ) ) ;
#841 = DIRECTION ( 'NONE',  ( 0.1218693434051471430, -0.9925461516413219831, 0.000000000000000000 ) ) ;
#842 = EDGE_LOOP ( 'NONE', ( #717, #18, #234, #227 ) ) ;
#843 = FACE_OUTER_BOUND ( 'NONE', #1460, .T. ) ;
#844 = CARTESIAN_POINT ( 'NONE',  ( 1.312500000000000000, 0.1149999999999999217, 0.1499999999999999944 ) ) ;
#845 = ORIENTED_EDGE ( 'NONE', *, *, #1145, .F. ) ;
#846 = COLOUR_RGB ( '',0.7921568627450980005, 0.8196078431372548767, 0.9333333333333333481 ) ;
#847 = FACE_OUTER_BOUND ( 'NONE', #1018, .T. ) ;
#848 = PLANE ( 'NONE',  #241 ) ;
#849 = VECTOR ( 'NONE', #1383, 1000.000000000000000 ) ;
#850 = DIRECTION ( 'NONE',  ( -1.000000000000000000, 0.000000000000000000, -0.000000000000000000 ) ) ;
#851 = ORIENTED_EDGE ( 'NONE', *, *, #1151, .F. ) ;
#852 = VECTOR ( 'NONE', #412, 1000.000000000000114 ) ;
#853 = AXIS2_PLACEMENT_3D ( 'NONE', #660, #189, #858 ) ;
#854 = PRODUCT_DEFINITION_CONTEXT ( 'detailed design', #385, 'design' ) ;
#855 = VECTOR ( 'NONE', #1047, 1000.000000000000000 ) ;
#856 = CARTESIAN_POINT ( 'NONE',  ( 0.9892703515023968386, 0.3512155742747651299, -0.1499999999999999944 ) ) ;
#857 = VECTOR ( 'NONE', #626, 1000.000000000000000 ) ;
#858 = DIRECTION ( 'NONE',  ( 1.000000000000000000, 0.000000000000000000, 0.000000000000000000 ) ) ;
#859 = CIRCLE ( 'NONE', #1279, 0.1000000000000000472 ) ;
#860 = EDGE_CURVE ( 'NONE', #440, #824, #359, .T. ) ;
#861 = LINE ( 'NONE', #232, #379 ) ;
#862 = VECTOR ( 'NONE', #1068, 1000.000000000000000 ) ;
#863 = VECTOR ( 'NONE', #245, 1000.000000000000000 ) ;
#864 = DIRECTION ( 'NONE',  ( -1.000000000000000000, 0.000000000000000000, -0.000000000000000000 ) ) ;
#865 = CARTESIAN_POINT ( 'NONE',  ( 0.8896508816932221508, 0.5574999999999999956, 0.1499999999999999944 ) ) ;
#866 = LINE ( 'NONE', #387, #1416 ) ;
#867 = ADVANCED_FACE ( 'NONE', ( #875 ), #111, .T. ) ;
#868 = EDGE_CURVE ( 'NONE', #458, #1067, #358, .T. ) ;
#869 = FACE_OUTER_BOUND ( 'NONE', #1246, .T. ) ;
#870 = LINE ( 'NONE', #478, #857 ) ;
#871 = DIRECTION ( 'NONE',  ( -1.000000000000000000, 0.000000000000000000, 0.000000000000000000 ) ) ;
#872 = LINE ( 'NONE', #1003, #389 ) ;
#873 = DIRECTION ( 'NONE',  ( -1.000000000000000000, 0.000000000000000000, 0.000000000000000000 ) ) ;
#874 = EDGE_CURVE ( 'NONE', #520, #85, #898, .T. ) ;
#875 = FACE_OUTER_BOUND ( 'NONE', #313, .T. ) ;
#876 = VECTOR ( 'NONE', #1133, 1000.000000000000000 ) ;
#877 = EDGE_CURVE ( 'NONE', #1474, #810, #872, .T. ) ;
#878 = PLANE ( 'NONE',  #1253 ) ;
#879 = FACE_OUTER_BOUND ( 'NONE', #1444, .T. ) ;
#880 = CARTESIAN_POINT ( 'NONE',  ( -0.5999999999999999778, 0.9000000000000000222, -0.5886077195485476254 ) ) ;
#881 = PLANE ( 'NONE',  #465 ) ;
#882 = LINE ( 'NONE', #1028, #1430 ) ;
#883 = DIRECTION ( 'NONE',  ( 0.000000000000000000, -0.000000000000000000, 1.000000000000000000 ) ) ;
#884 =( GEOMETRIC_REPRESENTATION_CONTEXT ( 3 ) GLOBAL_UNCERTAINTY_ASSIGNED_CONTEXT ( ( #247 ) ) GLOBAL_UNIT_ASSIGNED_CONTEXT ( ( #1142, #646, #817 ) ) REPRESENTATION_CONTEXT ( 'NONE', 'WORKASPACE' ) );
#885 = CARTESIAN_POINT ( 'NONE',  ( -0.8896508816932221508, 0.5574999999999999956, -0.1499999999999999944 ) ) ;
#886 = LINE ( 'NONE', #296, #1422 ) ;
#887 = EDGE_CURVE ( 'NONE', #179, #92, #391, .T. ) ;
#888 = ADVANCED_FACE ( 'NONE', ( #372 ), #285, .F. ) ;
#889 = VECTOR ( 'NONE', #895, 1000.000000000000000 ) ;
#890 = CARTESIAN_POINT ( 'NONE',  ( 1.312500000000000000, -3.555447233271123688E-29, 0.1499999999999999944 ) ) ;
#891 = FACE_OUTER_BOUND ( 'NONE', #558, .T. ) ;
#892 = DIRECTION ( 'NONE',  ( -0.1218693434051472679, -0.9925461516413219831, 0.000000000000000000 ) ) ;
#893 = PLANE ( 'NONE',  #785 ) ;
#894 = LINE ( 'NONE', #1124, #876 ) ;
#895 = DIRECTION ( 'NONE',  ( -1.000000000000000000, -0.000000000000000000, -0.000000000000000000 ) ) ;
#896 = EDGE_CURVE ( 'NONE', #1106, #1474, #363, .T. ) ;
#897 = DIRECTION ( 'NONE',  ( -0.000000000000000000, -0.000000000000000000, -1.000000000000000000 ) ) ;
#898 = LINE ( 'NONE', #1269, #855 ) ;
#899 = CYLINDRICAL_SURFACE ( 'NONE', #723, 0.1000000000000000472 ) ;
#900 = CARTESIAN_POINT ( 'NONE',  ( -0.5999999999999999778, 1.000000000000000000, -0.5886077195485476254 ) ) ;
#901 = ORIENTED_EDGE ( 'NONE', *, *, #1022, .F. ) ;
#902 = VECTOR ( 'NONE', #292, 1000.000000000000000 ) ;
#903 = CARTESIAN_POINT ( 'NONE',  ( -0.5999999999999999778, 0.9000000000000000222, -0.5886077195485476254 ) ) ;
#904 = ORIENTED_EDGE ( 'NONE', *, *, #1187, .F. ) ;
#905 = VECTOR ( 'NONE', #507, 1000.000000000000000 ) ;
#906 = AXIS2_PLACEMENT_3D ( 'NONE', #531, #975, #850 ) ;
#907 = CARTESIAN_POINT ( 'NONE',  ( -0.8429398877480829277, 0.5574999999999999956, -0.1499999999999999944 ) ) ;
#908 = VERTEX_POINT ( 'NONE', #596 ) ;
#909 = DIRECTION ( 'NONE',  ( -0.000000000000000000, 0.000000000000000000, -1.000000000000000000 ) ) ;
#910 = LINE ( 'NONE', #310, #964 ) ;
#911 = VERTEX_POINT ( 'NONE', #446 ) ;
#912 = DIRECTION ( 'NONE',  ( 1.000000000000000000, 0.000000000000000000, 0.000000000000000000 ) ) ;
#913 = VECTOR ( 'NONE', #682, 1000.000000000000000 ) ;
#914 = CARTESIAN_POINT ( 'NONE',  ( -0.8896508816932221508, 0.5574999999999999956, 0.1499999999999999944 ) ) ;
#915 = DIRECTION ( 'NONE',  ( -0.9961946980917459893, -0.08715574274765290619, 0.000000000000000000 ) ) ;
#916 = VERTEX_POINT ( 'NONE', #1407 ) ;
#917 = VECTOR ( 'NONE', #252, 1000.000000000000000 ) ;
#918 = EDGE_CURVE ( 'NONE', #589, #911, #886, .T. ) ;
#919 = CARTESIAN_POINT ( 'NONE',  ( 0.7886077195485476921, 1.000000000000000000, -0.5886077195485476254 ) ) ;
#920 = EDGE_LOOP ( 'NONE', ( #63, #1114, #107, #12 ) ) ;
#921 = PLANE ( 'NONE',  #928 ) ;
#922 = LINE ( 'NONE', #282, #406 ) ;
#923 = DIRECTION ( 'NONE',  ( -0.1209742911513548291, 0.9852565360152931717, 0.1209742911513548291 ) ) ;
#924 = ORIENTED_EDGE ( 'NONE', *, *, #164, .F. ) ;
#925 = VECTOR ( 'NONE', #441, 1000.000000000000000 ) ;
#926 = ORIENTED_EDGE ( 'NONE', *, *, #1085, .T. ) ;
#927 = FACE_OUTER_BOUND ( 'NONE', #495, .T. ) ;
#928 = AXIS2_PLACEMENT_3D ( 'NONE', #1100, #37, #1278 ) ;
#929 = DIRECTION ( 'NONE',  ( 0.000000000000000000, -0.000000000000000000, 1.000000000000000000 ) ) ;
#930 = CARTESIAN_POINT ( 'NONE',  ( 1.103832741782947435, 0.3612384846907450986, 0.1499999999999999944 ) ) ;
#931 = AXIS2_PLACEMENT_3D ( 'NONE', #251, #959, #612 ) ;
#932 = VECTOR ( 'NONE', #1191, 1000.000000000000000 ) ;
#933 = DIRECTION ( 'NONE',  ( -0.9925461516413219831, -0.1218693434051477398, 0.000000000000000000 ) ) ;
#934 = ORIENTED_EDGE ( 'NONE', *, *, #1554, .T. ) ;
#935 = FACE_OUTER_BOUND ( 'NONE', #427, .T. ) ;
#936 = VERTEX_POINT ( 'NONE', #584 ) ;
#937 = ORIENTED_EDGE ( 'NONE', *, *, #896, .T. ) ;
#938 = FACE_OUTER_BOUND ( 'NONE', #549, .T. ) ;
#939 = EDGE_CURVE ( 'NONE', #410, #724, #1433, .T. ) ;
#940 = VERTEX_POINT ( 'NONE', #1491 ) ;
#941 = FACE_OUTER_BOUND ( 'NONE', #541, .T. ) ;
#942 = DIRECTION ( 'NONE',  ( 0.000000000000000000, -0.000000000000000000, -1.000000000000000000 ) ) ;
#943 = ORIENTED_EDGE ( 'NONE', *, *, #69, .T. ) ;
#944 = FACE_OUTER_BOUND ( 'NONE', #614, .T. ) ;
#945 = ORIENTED_EDGE ( 'NONE', *, *, #1208, .T. ) ;
#946 = DIRECTION ( 'NONE',  ( -1.000000000000000000, 1.477303066185154652E-15, -0.000000000000000000 ) ) ;
#947 = LINE ( 'NONE', #178, #950 ) ;
#948 = LINE ( 'NONE', #575, #448 ) ;
#949 = ORIENTED_EDGE ( 'NONE', *, *, #300, .T. ) ;
#950 = VECTOR ( 'NONE', #1150, 1000.000000000000000 ) ;
#951 = AXIS2_PLACEMENT_3D ( 'NONE', #1170, #395, #124 ) ;
#952 = CIRCLE ( 'NONE', #688, 0.1040954244506044485 ) ;
#953 = DIRECTION ( 'NONE',  ( 0.1209742911513548291, 0.9852565360152931717, -0.1209742911513548291 ) ) ;
#954 = VECTOR ( 'NONE', #388, 1000.000000000000000 ) ;
#955 = DIRECTION ( 'NONE',  ( -1.000000000000000000, 0.000000000000000000, 0.000000000000000000 ) ) ;
#956 = ORIENTED_EDGE ( 'NONE', *, *, #1085, .F. ) ;
#957 = SURFACE_STYLE_FILL_AREA ( #607 ) ;
#958 = LINE ( 'NONE', #900, #966 ) ;
#959 = DIRECTION ( 'NONE',  ( -0.000000000000000000, 0.000000000000000000, -1.000000000000000000 ) ) ;
#960 = ORIENTED_EDGE ( 'NONE', *, *, #1340, .T. ) ;
#961 = DIRECTION ( 'NONE',  ( -0.08715574274765151841, 0.9961946980917461003, 0.000000000000000000 ) ) ;
#962 = ORIENTED_EDGE ( 'NONE', *, *, #69, .F. ) ;
#963 = DIRECTION ( 'NONE',  ( -0.000000000000000000, -0.000000000000000000, -1.000000000000000000 ) ) ;
#964 = VECTOR ( 'NONE', #1281, 1000.000000000000114 ) ;
#965 = EDGE_CURVE ( 'NONE', #590, #52, #386, .T. ) ;
#966 = VECTOR ( 'NONE', #67, 1000.000000000000000 ) ;
#967 = COLOUR_RGB ( '',1.000000000000000000, 1.000000000000000000, 1.000000000000000000 ) ;
#968 = CARTESIAN_POINT ( 'NONE',  ( 0.8499999999999999778, 0.5000000000000000000, 0.1499999999999999944 ) ) ;
#969 = DIRECTION ( 'NONE',  ( 1.000000000000000000, 0.000000000000000000, 0.000000000000000000 ) ) ;
#970 = ORIENTED_EDGE ( 'NONE', *, *, #812, .F. ) ;
#971 = SURFACE_SIDE_STYLE ('',( #981 ) ) ;
#972 = VECTOR ( 'NONE', #838, 1000.000000000000000 ) ;
#973 = ORIENTED_EDGE ( 'NONE', *, *, #483, .F. ) ;
#974 = ORIENTED_EDGE ( 'NONE', *, *, #11, .F. ) ;
#975 = DIRECTION ( 'NONE',  ( 0.000000000000000000, 0.000000000000000000, -1.000000000000000000 ) ) ;
#976 = CARTESIAN_POINT ( 'NONE',  ( -0.8896508816932221508, 0.5574999999999999956, 0.1499999999999999944 ) ) ;
#977 = LINE ( 'NONE', #542, #17 ) ;
#978 = ORIENTED_EDGE ( 'NONE', *, *, #690, .F. ) ;
#979 = ORIENTED_EDGE ( 'NONE', *, *, #747, .T. ) ;
#980 = AXIS2_PLACEMENT_3D ( 'NONE', #1119, #731, #392 ) ;
#981 = SURFACE_STYLE_FILL_AREA ( #183 ) ;
#982 = ORIENTED_EDGE ( 'NONE', *, *, #156, .T. ) ;
#983 = VECTOR ( 'NONE', #1284, 1000.000000000000000 ) ;
#984 = ORIENTED_EDGE ( 'NONE', *, *, #355, .F. ) ;
#985 =( GEOMETRIC_REPRESENTATION_CONTEXT ( 3 ) GLOBAL_UNCERTAINTY_ASSIGNED_CONTEXT ( ( #1370 ) ) GLOBAL_UNIT_ASSIGNED_CONTEXT ( ( #1286, #698, #1280 ) ) REPRESENTATION_CONTEXT ( 'NONE', 'WORKASPACE' ) );
#986 = ORIENTED_EDGE ( 'NONE', *, *, #114, .F. ) ;
#987 = FACE_OUTER_BOUND ( 'NONE', #1563, .T. ) ;
#988 = ORIENTED_EDGE ( 'NONE', *, *, #177, .F. ) ;
#989 = DIRECTION ( 'NONE',  ( 0.000000000000000000, -0.000000000000000000, -1.000000000000000000 ) ) ;
#990 = CARTESIAN_POINT ( 'NONE',  ( -1.312500000000000000, 0.1149999999999999217, 0.1499999999999999944 ) ) ;
#991 = SURFACE_STYLE_USAGE ( .BOTH. , #971 ) ;
#992 = LINE ( 'NONE', #1453, #5 ) ;
#993 = VECTOR ( 'NONE', #9, 1000.000000000000000 ) ;
#994 = CARTESIAN_POINT ( 'NONE',  ( 1.117062390280550987, 0.2100229104159797855, -0.1499999999999999944 ) ) ;
#995 = LINE ( 'NONE', #138, #1010 ) ;
#996 = EDGE_CURVE ( 'NONE', #1105, #410, #1442, .T. ) ;
#997 = FACE_OUTER_BOUND ( 'NONE', #1252, .T. ) ;
#998 = ORIENTED_EDGE ( 'NONE', *, *, #716, .T. ) ;
#999 = VECTOR ( 'NONE', #168, 1000.000000000000000 ) ;
#1000 = ORIENTED_EDGE ( 'NONE', *, *, #1388, .F. ) ;
#1001 = LINE ( 'NONE', #1130, #1041 ) ;
#1002 = VERTEX_POINT ( 'NONE', #659 ) ;
#1003 = CARTESIAN_POINT ( 'NONE',  ( -0.5999999999999998668, 0.9000000000000000222, 0.5886077195485476254 ) ) ;
#1004 = FILL_AREA_STYLE ('',( #196 ) ) ;
#1005 = VECTOR ( 'NONE', #644, 1000.000000000000000 ) ;
#1006 = ORIENTED_EDGE ( 'NONE', *, *, #623, .F. ) ;
#1007 = VECTOR ( 'NONE', #953, 1000.000000000000000 ) ;
#1008 = ORIENTED_EDGE ( 'NONE', *, *, #567, .T. ) ;
#1009 = VECTOR ( 'NONE', #627, 1000.000000000000000 ) ;
#1010 = VECTOR ( 'NONE', #222, 1000.000000000000000 ) ;
#1011 = AXIS2_PLACEMENT_3D ( 'NONE', #136, #570, #883 ) ;
#1012 = PLANE ( 'NONE',  #383 ) ;
#1013 = ORIENTED_EDGE ( 'NONE', *, *, #190, .F. ) ;
#1014 = LINE ( 'NONE', #1337, #1007 ) ;
#1015 = VERTEX_POINT ( 'NONE', #100 ) ;
#1016 = CARTESIAN_POINT ( 'NONE',  ( -0.8499999999999999778, 0.09999999999999999167, -0.6008861756388380604 ) ) ;
#1017 = DIRECTION ( 'NONE',  ( 0.000000000000000000, -0.000000000000000000, -1.000000000000000000 ) ) ;
#1018 = EDGE_LOOP ( 'NONE', ( #1507, #95, #1470, #583 ) ) ;
#1019 = LINE ( 'NONE', #370, #628 ) ;
#1020 = LINE ( 'NONE', #171, #1005 ) ;
#1021 = VERTEX_POINT ( 'NONE', #1277 ) ;
#1022 = EDGE_CURVE ( 'NONE', #85, #568, #362, .T. ) ;
#1023 = ORIENTED_EDGE ( 'NONE', *, *, #91, .F. ) ;
#1024 = ADVANCED_FACE ( 'NONE', ( #1411 ), #1207, .F. ) ;
#1025 = DIRECTION ( 'NONE',  ( 0.000000000000000000, 1.000000000000000000, 0.000000000000000000 ) ) ;
#1026 = ORIENTED_EDGE ( 'NONE', *, *, #1273, .T. ) ;
#1027 = FACE_OUTER_BOUND ( 'NONE', #680, .T. ) ;
#1028 = CARTESIAN_POINT ( 'NONE',  ( 0.8251208754967264136, 0.7026242087793719282, -0.6251208754967262360 ) ) ;
#1029 = SURFACE_SIDE_STYLE ('',( #351 ) ) ;
#1030 = VERTEX_POINT ( 'NONE', #1215 ) ;
#1031 = ORIENTED_EDGE ( 'NONE', *, *, #1171, .F. ) ;
#1032 = AXIS2_PLACEMENT_3D ( 'NONE', #1141, #839, #955 ) ;
#1033 = EDGE_LOOP ( 'NONE', ( #1103, #71, #77, #1536, #532, #979, #96, #605, #1039, #608, #99, #48, #1497 ) ) ;
#1034 = AXIS2_PLACEMENT_3D ( 'NONE', #306, #588, #678 ) ;
#1035 = ORIENTED_EDGE ( 'NONE', *, *, #1180, .F. ) ;
#1036 = DIRECTION ( 'NONE',  ( 0.000000000000000000, 1.000000000000000000, 0.000000000000000000 ) ) ;
#1037 = ORIENTED_EDGE ( 'NONE', *, *, #1180, .T. ) ;
#1038 = ADVANCED_FACE ( 'NONE', ( #1425 ), #1084, .F. ) ;
#1039 = ORIENTED_EDGE ( 'NONE', *, *, #1189, .T. ) ;
#1040 = CARTESIAN_POINT ( 'NONE',  ( -1.220761700213852885, 0.1149999999999997830, 0.1499999999999999944 ) ) ;
#1041 = VECTOR ( 'NONE', #180, 1000.000000000000114 ) ;
#1042 = ORIENTED_EDGE ( 'NONE', *, *, #1273, .F. ) ;
#1043 = DIRECTION ( 'NONE',  ( -0.000000000000000000, -0.000000000000000000, 1.000000000000000000 ) ) ;
#1044 = EDGE_LOOP ( 'NONE', ( #978, #14, #203, #1211 ) ) ;
#1045 = ORIENTED_EDGE ( 'NONE', *, *, #1266, .F. ) ;
#1046 = VERTEX_POINT ( 'NONE', #354 ) ;
#1047 = DIRECTION ( 'NONE',  ( -0.000000000000000000, -0.000000000000000000, -1.000000000000000000 ) ) ;
#1048 = CARTESIAN_POINT ( 'NONE',  ( 0.8896508816932221508, 0.3425000000000000266, 0.1499999999999999944 ) ) ;
#1049 = EDGE_CURVE ( 'NONE', #940, #1070, #1435, .T. ) ;
#1050 = VERTEX_POINT ( 'NONE', #907 ) ;
#1051 = SHAPE_DEFINITION_REPRESENTATION ( #702, #744 ) ;
#1052 = ORIENTED_EDGE ( 'NONE', *, *, #623, .T. ) ;
#1053 = ORIENTED_EDGE ( 'NONE', *, *, #483, .T. ) ;
#1054 = EDGE_LOOP ( 'NONE', ( #1546, #530, #1232, #1053 ) ) ;
#1055 = EDGE_CURVE ( 'NONE', #1015, #425, #870, .T. ) ;
#1056 = LINE ( 'NONE', #259, #505 ) ;
#1057 = ORIENTED_EDGE ( 'NONE', *, *, #825, .T. ) ;
#1058 = ORIENTED_EDGE ( 'NONE', *, *, #160, .T. ) ;
#1059 = EDGE_LOOP ( 'NONE', ( #469, #546, #191, #1000 ) ) ;
#1060 = DIRECTION ( 'NONE',  ( 0.000000000000000000, -0.000000000000000000, -1.000000000000000000 ) ) ;
#1061 = ORIENTED_EDGE ( 'NONE', *, *, #550, .F. ) ;
#1062 = VERTEX_POINT ( 'NONE', #1099 ) ;
#1063 = CARTESIAN_POINT ( 'NONE',  ( -0.4999999999999996669, 0.9000000000000000222, 0.5886077195485476254 ) ) ;
#1064 = ADVANCED_FACE ( 'NONE', ( #891 ), #1304, .F. ) ;
#1065 = EDGE_LOOP ( 'NONE', ( #536, #711, #694, #479 ) ) ;
#1066 = ORIENTED_EDGE ( 'NONE', *, *, #1285, .T. ) ;
#1067 = VERTEX_POINT ( 'NONE', #779 ) ;
#1068 = DIRECTION ( 'NONE',  ( -1.000000000000000000, -0.000000000000000000, -0.000000000000000000 ) ) ;
#1069 = AXIS2_PLACEMENT_3D ( 'NONE', #700, #748, #786 ) ;
#1070 = VERTEX_POINT ( 'NONE', #641 ) ;
#1071 = ORIENTED_EDGE ( 'NONE', *, *, #300, .F. ) ;
#1072 = EDGE_CURVE ( 'NONE', #1002, #704, #859, .T. ) ;
#1073 = ORIENTED_EDGE ( 'NONE', *, *, #1201, .T. ) ;
#1074 = VERTEX_POINT ( 'NONE', #144 ) ;
#1075 = DIRECTION ( 'NONE',  ( -1.000000000000000000, 0.000000000000000000, 0.000000000000000000 ) ) ;
#1076 = ORIENTED_EDGE ( 'NONE', *, *, #1299, .F. ) ;
#1077 = CLOSED_SHELL ( 'NONE', ( #1159, #1257, #615, #130, #125, #447, #597, #1263, #1024, #750, #888, #773, #301, #1038, #123 ) ) ;
#1078 = EDGE_LOOP ( 'NONE', ( #1477, #511, #509, #1452, #1329, #945, #8, #346, #515, #1487, #401, #1541, #41 ) ) ;
#1079 = CARTESIAN_POINT ( 'NONE',  ( -1.103832741782947435, 0.3612384846907450986, -0.1499999999999999944 ) ) ;
#1080 = ORIENTED_EDGE ( 'NONE', *, *, #27, .F. ) ;
#1081 = CARTESIAN_POINT ( 'NONE',  ( -1.117062390280550987, 0.2100229104159797855, 0.1499999999999999944 ) ) ;
#1082 = ORIENTED_EDGE ( 'NONE', *, *, #606, .F. ) ;
#1083 = ORIENTED_EDGE ( 'NONE', *, *, #1189, .F. ) ;
#1084 = PLANE ( 'NONE',  #931 ) ;
#1085 = EDGE_CURVE ( 'NONE', #1530, #594, #861, .T. ) ;
#1086 = ADVANCED_FACE ( 'NONE', ( #879 ), #803, .F. ) ;
#1087 = CARTESIAN_POINT ( 'NONE',  ( 1.220761700213852885, 0.2190954244506042037, -0.1499999999999999944 ) ) ;
#1088 = ORIENTED_EDGE ( 'NONE', *, *, #1469, .F. ) ;
#1089 = ORIENTED_EDGE ( 'NONE', *, *, #501, .F. ) ;
#1090 = ORIENTED_EDGE ( 'NONE', *, *, #355, .T. ) ;
#1091 = CLOSED_SHELL ( 'NONE', ( #408, #133, #1387, #213, #1527, #224, #319, #1547, #106, #585, #1409, #759, #1168, #1514, #1283, #1188 ) ) ;
#1092 = EDGE_LOOP ( 'NONE', ( #1216, #796, #1256, #1254 ) ) ;
#1093 = ORIENTED_EDGE ( 'NONE', *, *, #661, .F. ) ;
#1094 = FILL_AREA_STYLE_COLOUR ( '', #967 ) ;
#1095 = CARTESIAN_POINT ( 'NONE',  ( -0.8429398877480829277, 0.5574999999999999956, 0.1499999999999999944 ) ) ;
#1096 = EDGE_LOOP ( 'NONE', ( #1031, #1372, #223, #349 ) ) ;
#1097 = ORIENTED_EDGE ( 'NONE', *, *, #556, .T. ) ;
#1098 = AXIS2_PLACEMENT_3D ( 'NONE', #45, #249, #640 ) ;
#1099 = CARTESIAN_POINT ( 'NONE',  ( -0.4999999999999998890, 0.9000000000000000222, -0.5886077195485476254 ) ) ;
#1100 = CARTESIAN_POINT ( 'NONE',  ( 0.8500000000000001998, 0.5000000000000000000, 0.6500000000000000222 ) ) ;
#1101 = ORIENTED_EDGE ( 'NONE', *, *, #1213, .F. ) ;
#1102 = ORIENTED_EDGE ( 'NONE', *, *, #1483, .T. ) ;
#1103 = ORIENTED_EDGE ( 'NONE', *, *, #361, .T. ) ;
#1104 = ORIENTED_EDGE ( 'NONE', *, *, #996, .T. ) ;
#1105 = VERTEX_POINT ( 'NONE', #35 ) ;
#1106 = VERTEX_POINT ( 'NONE', #161 ) ;
#1107 = DIRECTION ( 'NONE',  ( 0.000000000000000000, 0.1218693434051477398, 0.9925461516413219831 ) ) ;
#1108 = VERTEX_POINT ( 'NONE', #919 ) ;
#1109 = EDGE_CURVE ( 'NONE', #410, #1113, #1408, .T. ) ;
#1110 = CARTESIAN_POINT ( 'NONE',  ( -1.220761700213852885, 0.2190954244506042037, -0.1499999999999999944 ) ) ;
#1111 = CARTESIAN_POINT ( 'NONE',  ( 0.8499999999999999778, 0.5000000000000000000, -0.1499999999999999944 ) ) ;
#1112 = EDGE_LOOP ( 'NONE', ( #1517, #134, #970, #1073 ) ) ;
#1113 = VERTEX_POINT ( 'NONE', #239 ) ;
#1114 = ORIENTED_EDGE ( 'NONE', *, *, #681, .T. ) ;
#1115 = ORIENTED_EDGE ( 'NONE', *, *, #874, .F. ) ;
#1116 = LINE ( 'NONE', #890, #1153 ) ;
#1117 = ORIENTED_EDGE ( 'NONE', *, *, #390, .F. ) ;
#1118 = VERTEX_POINT ( 'NONE', #728 ) ;
#1119 = CARTESIAN_POINT ( 'NONE',  ( 0.000000000000000000, 0.9000000000000000222, 0.000000000000000000 ) ) ;
#1120 = CARTESIAN_POINT ( 'NONE',  ( -1.117062390280550987, 0.2100229104159797855, 0.1499999999999999944 ) ) ;
#1121 = AXIS2_PLACEMENT_3D ( 'NONE', #16, #175, #149 ) ;
#1122 = ORIENTED_EDGE ( 'NONE', *, *, #747, .F. ) ;
#1123 = ORIENTED_EDGE ( 'NONE', *, *, #681, .F. ) ;
#1124 = CARTESIAN_POINT ( 'NONE',  ( 1.002500000000000169, 0.1999999999999998723, 0.1499999999999999944 ) ) ;
#1125 = DIRECTION ( 'NONE',  ( -0.1218693434051472679, 0.9925461516413219831, 0.000000000000000000 ) ) ;
#1126 = CARTESIAN_POINT ( 'NONE',  ( -0.5999999999999998668, 0.9000000000000000222, 0.5886077195485476254 ) ) ;
#1127 = ORIENTED_EDGE ( 'NONE', *, *, #699, .F. ) ;
#1128 = EDGE_CURVE ( 'NONE', #1531, #496, #1438, .T. ) ;
#1129 = ORIENTED_EDGE ( 'NONE', *, *, #260, .F. ) ;
#1130 = CARTESIAN_POINT ( 'NONE',  ( 0.8429398877480829277, 0.4425000000000000044, 0.1499999999999999944 ) ) ;
#1131 = DIRECTION ( 'NONE',  ( -0.000000000000000000, -0.000000000000000000, -1.000000000000000000 ) ) ;
#1132 = EDGE_CURVE ( 'NONE', #1322, #552, #399, .T. ) ;
#1133 = DIRECTION ( 'NONE',  ( 0.000000000000000000, -0.000000000000000000, -1.000000000000000000 ) ) ;
#1134 = PLANE ( 'NONE',  #642 ) ;
#1135 = ORIENTED_EDGE ( 'NONE', *, *, #468, .F. ) ;
#1136 = DIRECTION ( 'NONE',  ( 1.000000000000000000, 0.000000000000000000, 0.000000000000000000 ) ) ;
#1137 = ORIENTED_EDGE ( 'NONE', *, *, #27, .T. ) ;
#1138 = EDGE_CURVE ( 'NONE', #1070, #1363, #394, .T. ) ;
#1139 = ORIENTED_EDGE ( 'NONE', *, *, #1394, .F. ) ;
#1140 = EDGE_CURVE ( 'NONE', #544, #34, #894, .T. ) ;
#1141 = CARTESIAN_POINT ( 'NONE',  ( 1.220761700213852885, 0.2190954244506042037, 0.1499999999999999944 ) ) ;
#1142 =( LENGTH_UNIT ( ) NAMED_UNIT ( * ) SI_UNIT ( .MILLI., .METRE. ) );
#1143 = DIRECTION ( 'NONE',  ( 0.000000000000000000, 0.000000000000000000, -1.000000000000000000 ) ) ;
#1144 = PLANE ( 'NONE',  #1481 ) ;
#1145 = EDGE_CURVE ( 'NONE', #579, #1074, #1427, .T. ) ;
#1146 = CARTESIAN_POINT ( 'NONE',  ( -1.002500000000000169, 0.1999999999999998723, -0.1499999999999999944 ) ) ;
#1147 = APPLICATION_CONTEXT ( 'automotive_design' ) ;
#1148 = DIRECTION ( 'NONE',  ( 0.08715574274765290619, -0.9961946980917459893, -0.000000000000000000 ) ) ;
#1149 = AXIS2_PLACEMENT_3D ( 'NONE', #1193, #712, #693 ) ;
#1150 = DIRECTION ( 'NONE',  ( -1.000000000000000000, -1.477303066184766927E-15, 0.000000000000000000 ) ) ;
#1151 = EDGE_CURVE ( 'NONE', #561, #586, #1440, .T. ) ;
#1152 = CARTESIAN_POINT ( 'NONE',  ( -0.5999999999999999778, 1.000000000000000000, -0.5886077195485476254 ) ) ;
#1153 = VECTOR ( 'NONE', #754, 1000.000000000000000 ) ;
#1154 = DIRECTION ( 'NONE',  ( -1.841977494479803093E-16, 0.000000000000000000, -1.000000000000000000 ) ) ;
#1155 = DIRECTION ( 'NONE',  ( 1.000000000000000000, 0.000000000000000000, 0.000000000000000000 ) ) ;
#1156 = ORIENTED_EDGE ( 'NONE', *, *, #868, .F. ) ;
#1157 = EDGE_CURVE ( 'NONE', #1218, #85, #866, .T. ) ;
#1158 = EDGE_LOOP ( 'NONE', ( #540, #116, #42, #1123 ) ) ;
#1159 = ADVANCED_FACE ( 'NONE', ( #869 ), #263, .F. ) ;
#1160 = DIRECTION ( 'NONE',  ( 1.000000000000000000, 0.000000000000000000, 0.000000000000000000 ) ) ;
#1161 = CARTESIAN_POINT ( 'NONE',  ( 1.220761700213852885, 0.2190954244506042037, 0.1499999999999999944 ) ) ;
#1162 = AXIS2_PLACEMENT_3D ( 'NONE', #1225, #491, #634 ) ;
#1163 = CARTESIAN_POINT ( 'NONE',  ( 0.8896508816932221508, 0.3425000000000000266, -0.1499999999999999944 ) ) ;
#1164 = LINE ( 'NONE', #1111, #651 ) ;
#1165 = DIRECTION ( 'NONE',  ( -0.000000000000000000, 1.000000000000000000, -0.000000000000000000 ) ) ;
#1166 = CARTESIAN_POINT ( 'NONE',  ( -1.220761700213852885, 0.2190954244506042037, 0.1499999999999999944 ) ) ;
#1167 = FACE_OUTER_BOUND ( 'NONE', #325, .T. ) ;
#1168 = ADVANCED_FACE ( 'NONE', ( #1417 ), #1328, .F. ) ;
#1169 = VECTOR ( 'NONE', #1195, 1000.000000000000000 ) ;
#1170 = CARTESIAN_POINT ( 'NONE',  ( 1.220761700213852885, 0.2190954244506042037, 0.1499999999999999944 ) ) ;
#1171 = EDGE_CURVE ( 'NONE', #793, #1249, #439, .T. ) ;
#1172 = VECTOR ( 'NONE', #832, 1000.000000000000000 ) ;
#1173 = DIRECTION ( 'NONE',  ( 1.000000000000000000, 0.000000000000000000, 0.000000000000000000 ) ) ;
#1174 = DIRECTION ( 'NONE',  ( 0.000000000000000000, -0.000000000000000000, 1.000000000000000000 ) ) ;
#1175 = ADVANCED_FACE ( 'NONE', ( #415 ), #835, .T. ) ;
#1176 = FACE_OUTER_BOUND ( 'NONE', #1044, .T. ) ;
#1177 = CARTESIAN_POINT ( 'NONE',  ( -0.5999999999999999778, -0.2814551155454730336, -0.5886077195485476254 ) ) ;
#1178 = ADVANCED_FACE ( 'NONE', ( #1518 ), #466, .T. ) ;
#1179 = DIRECTION ( 'NONE',  ( -1.000000000000000000, -0.000000000000000000, -0.000000000000000000 ) ) ;
#1180 = EDGE_CURVE ( 'NONE', #1474, #1486, #436, .T. ) ;
#1181 = FACE_OUTER_BOUND ( 'NONE', #102, .T. ) ;
#1182 = AXIS2_PLACEMENT_3D ( 'NONE', #83, #275, #650 ) ;
#1183 = PLANE ( 'NONE',  #174 ) ;
#1184 = CARTESIAN_POINT ( 'NONE',  ( -0.8429398877480829277, 0.4425000000000000044, 0.1499999999999999944 ) ) ;
#1185 = CARTESIAN_POINT ( 'NONE',  ( -0.4999999999999998890, 0.9000000000000000222, -0.5886077195485476254 ) ) ;
#1186 = CARTESIAN_POINT ( 'NONE',  ( -1.002500000000000169, 0.1999999999999998723, 0.1499999999999999944 ) ) ;
#1187 = EDGE_CURVE ( 'NONE', #1553, #1113, #1488, .T. ) ;
#1188 = ADVANCED_FACE ( 'NONE', ( #935 ), #1144, .T. ) ;
#1189 = EDGE_CURVE ( 'NONE', #604, #520, #442, .T. ) ;
#1190 = FILL_AREA_STYLE ('',( #226 ) ) ;
#1191 = DIRECTION ( 'NONE',  ( -0.1209742911513548291, 0.9852565360152931717, -0.1209742911513548291 ) ) ;
#1192 = SURFACE_STYLE_USAGE ( .BOTH. , #217 ) ;
#1193 = CARTESIAN_POINT ( 'NONE',  ( 1.312500000000000000, 0.1149999999999999217, 0.1499999999999999944 ) ) ;
#1194 = PRODUCT_RELATED_PRODUCT_CATEGORY ( 'part', '', ( #112 ) ) ;
#1195 = DIRECTION ( 'NONE',  ( 0.000000000000000000, -0.000000000000000000, -1.000000000000000000 ) ) ;
#1196 = PRESENTATION_LAYER_ASSIGNMENT (  '', '', ( #253 ) ) ;
#1197 = DIRECTION ( 'NONE',  ( 0.1218693434051472679, 0.9925461516413219831, 0.000000000000000000 ) ) ;
#1198 = DIRECTION ( 'NONE',  ( -0.000000000000000000, 0.000000000000000000, 1.000000000000000000 ) ) ;
#1199 =( NAMED_UNIT ( * ) PLANE_ANGLE_UNIT ( ) SI_UNIT ( $, .RADIAN. ) );
#1200 = DIRECTION ( 'NONE',  ( -1.000000000000000000, 1.477303066184766927E-15, 0.000000000000000000 ) ) ;
#1201 = EDGE_CURVE ( 'NONE', #684, #568, #922, .T. ) ;
#1202 = CARTESIAN_POINT ( 'NONE',  ( -0.5999999999999999778, 0.9000000000000000222, -0.5886077195485476254 ) ) ;
#1203 = EDGE_CURVE ( 'NONE', #1363, #793, #445, .T. ) ;
#1204 = DIRECTION ( 'NONE',  ( 0.000000000000000000, 1.000000000000000000, 0.000000000000000000 ) ) ;
#1205 = DIRECTION ( 'NONE',  ( 0.000000000000000000, -0.1218693434051477398, -0.9925461516413219831 ) ) ;
#1206 = AXIS2_PLACEMENT_3D ( 'NONE', #278, #873, #1355 ) ;
#1207 = PLANE ( 'NONE',  #367 ) ;
#1208 = EDGE_CURVE ( 'NONE', #1249, #92, #952, .T. ) ;
#1209 = CARTESIAN_POINT ( 'NONE',  ( 1.220761700213852885, 0.1149999999999997830, -0.1499999999999999944 ) ) ;
#1210 = ORIENTED_EDGE ( 'NONE', *, *, #216, .F. ) ;
#1211 = ORIENTED_EDGE ( 'NONE', *, *, #825, .F. ) ;
#1212 = DIRECTION ( 'NONE',  ( 0.08715574274765290619, -0.9961946980917459893, -0.000000000000000000 ) ) ;
#1213 = EDGE_CURVE ( 'NONE', #604, #1218, #402, .T. ) ;
#1214 = VERTEX_POINT ( 'NONE', #856 ) ;
#1215 = CARTESIAN_POINT ( 'NONE',  ( -0.7886077195485474700, 1.000000000000000000, -0.5886077195485476254 ) ) ;
#1216 = ORIENTED_EDGE ( 'NONE', *, *, #1138, .F. ) ;
#1217 = DIRECTION ( 'NONE',  ( 1.000000000000000000, 0.000000000000000000, 0.000000000000000000 ) ) ;
#1218 = VERTEX_POINT ( 'NONE', #737 ) ;
#1219 = PRODUCT_DEFINITION ( 'UNKNOWN', '', #538, #854 ) ;
#1220 = ORIENTED_EDGE ( 'NONE', *, *, #647, .T. ) ;
#1221 = PLANE ( 'NONE',  #1402 ) ;
#1222 = CARTESIAN_POINT ( 'NONE',  ( -0.8896508816932221508, 0.5574999999999999956, 0.1499999999999999944 ) ) ;
#1223 = AXIS2_PLACEMENT_3D ( 'NONE', #316, #434, #598 ) ;
#1224 = APPLICATION_PROTOCOL_DEFINITION ( 'draft international standard', 'automotive_design', 1998, #1147 ) ;
#1225 = CARTESIAN_POINT ( 'NONE',  ( -0.8896508816932221508, 0.3425000000000000266, 0.1499999999999999944 ) ) ;
#1226 = CARTESIAN_POINT ( 'NONE',  ( -0.5999999999999998668, 1.000000000000000000, 0.5886077195485476254 ) ) ;
#1227 = CARTESIAN_POINT ( 'NONE',  ( 1.220761700213852885, 0.2190954244506042037, -0.1499999999999999944 ) ) ;
#1228 = ORIENTED_EDGE ( 'NONE', *, *, #449, .T. ) ;
#1229 = ORIENTED_EDGE ( 'NONE', *, *, #877, .T. ) ;
#1230 = CARTESIAN_POINT ( 'NONE',  ( -1.312500000000000000, 0.1149999999999999217, 0.1499999999999999944 ) ) ;
#1231 = DIRECTION ( 'NONE',  ( -1.000000000000000000, -0.000000000000000000, -0.000000000000000000 ) ) ;
#1232 = ORIENTED_EDGE ( 'NONE', *, *, #896, .F. ) ;
#1233 = CARTESIAN_POINT ( 'NONE',  ( 0.8896508816932221508, 0.3425000000000000266, -0.1499999999999999944 ) ) ;
#1234 = ORIENTED_EDGE ( 'NONE', *, *, #1446, .T. ) ;
#1235 = AXIS2_PLACEMENT_3D ( 'NONE', #1560, #1421, #912 ) ;
#1236 = ORIENTED_EDGE ( 'NONE', *, *, #1259, .F. ) ;
#1237 = CARTESIAN_POINT ( 'NONE',  ( -0.8499999999999999778, 0.5000000000000000000, 0.6500000000000000222 ) ) ;
#1238 = MECHANICAL_DESIGN_GEOMETRIC_PRESENTATION_REPRESENTATION (  '', ( #654 ), #884 ) ;
#1239 =( NAMED_UNIT ( * ) PLANE_ANGLE_UNIT ( ) SI_UNIT ( $, .RADIAN. ) );
#1240 = ORIENTED_EDGE ( 'NONE', *, *, #1494, .F. ) ;
#1241 = CARTESIAN_POINT ( 'NONE',  ( -1.103832741782947435, 0.3612384846907450986, 0.1499999999999999944 ) ) ;
#1242 = ORIENTED_EDGE ( 'NONE', *, *, #1140, .F. ) ;
#1243 = DIRECTION ( 'NONE',  ( 0.000000000000000000, -0.000000000000000000, 1.000000000000000000 ) ) ;
#1244 = EDGE_CURVE ( 'NONE', #1074, #397, #947, .T. ) ;
#1245 = ORIENTED_EDGE ( 'NONE', *, *, #673, .F. ) ;
#1246 = EDGE_LOOP ( 'NONE', ( #74, #956, #47, #1463 ) ) ;
#1247 = DIRECTION ( 'NONE',  ( 1.841977494479803093E-16, -0.000000000000000000, 1.000000000000000000 ) ) ;
#1248 = CARTESIAN_POINT ( 'NONE',  ( -0.4999999999999998890, 1.000000000000000000, -0.5886077195485476254 ) ) ;
#1249 = VERTEX_POINT ( 'NONE', #267 ) ;
#1250 = ORIENTED_EDGE ( 'NONE', *, *, #258, .F. ) ;
#1251 = CARTESIAN_POINT ( 'NONE',  ( -0.8499999999999999778, 0.5000000000000000000, 0.1499999999999999944 ) ) ;
#1252 = EDGE_LOOP ( 'NONE', ( #547, #452, #1104, #523 ) ) ;
#1253 = AXIS2_PLACEMENT_3D ( 'NONE', #428, #1036, #377 ) ;
#1254 = ORIENTED_EDGE ( 'NONE', *, *, #736, .T. ) ;
#1255 = DIRECTION ( 'NONE',  ( -0.000000000000000000, 0.000000000000000000, 1.000000000000000000 ) ) ;
#1256 = ORIENTED_EDGE ( 'NONE', *, *, #200, .T. ) ;
#1257 = ADVANCED_FACE ( 'NONE', ( #944 ), #1012, .F. ) ;
#1258 = EDGE_LOOP ( 'NONE', ( #529, #595, #1089, #1524 ) ) ;
#1259 = EDGE_CURVE ( 'NONE', #816, #52, #1451, .T. ) ;
#1260 = CARTESIAN_POINT ( 'NONE',  ( -0.8499999999999999778, 0.09999999999999999167, 0.6008861756388380604 ) ) ;
#1261 = DIRECTION ( 'NONE',  ( -0.000000000000000000, -0.000000000000000000, -1.000000000000000000 ) ) ;
#1262 = DIRECTION ( 'NONE',  ( -0.000000000000000000, -0.000000000000000000, -1.000000000000000000 ) ) ;
#1263 = ADVANCED_FACE ( 'NONE', ( #938 ), #1389, .F. ) ;
#1264 = PLANE ( 'NONE',  #1564 ) ;
#1265 = AXIS2_PLACEMENT_3D ( 'NONE', #1465, #1204, #382 ) ;
#1266 = EDGE_CURVE ( 'NONE', #1108, #908, #1505, .T. ) ;
#1267 = SURFACE_SIDE_STYLE ('',( #957 ) ) ;
#1268 = CARTESIAN_POINT ( 'NONE',  ( 0.000000000000000000, 1.000000000000000000, 0.000000000000000000 ) ) ;
#1269 = CARTESIAN_POINT ( 'NONE',  ( -1.220761700213852885, -1.626303258728256651E-16, 0.1499999999999999944 ) ) ;
#1270 = DIRECTION ( 'NONE',  ( -0.000000000000000000, -0.000000000000000000, -1.000000000000000000 ) ) ;
#1271 = CARTESIAN_POINT ( 'NONE',  ( -0.8499999999999999778, 1.000000000000000000, 0.5886077195485476254 ) ) ;
#1272 = CARTESIAN_POINT ( 'NONE',  ( -0.8429398877480829277, 0.5574999999999999956, 0.1499999999999999944 ) ) ;
#1273 = EDGE_CURVE ( 'NONE', #1384, #1531, #910, .T. ) ;
#1274 = ADVANCED_FACE ( 'NONE', ( #1500 ), #1374, .T. ) ;
#1275 = UNCERTAINTY_MEASURE_WITH_UNIT (LENGTH_MEASURE( 1.000000000000000082E-05 ), #117, 'distance_accuracy_value', 'NONE');
#1276 = DIRECTION ( 'NONE',  ( -1.841977494479803340E-16, -0.000000000000000000, -1.000000000000000000 ) ) ;
#1277 = CARTESIAN_POINT ( 'NONE',  ( -0.8896508816932221508, 0.4425000000000000044, 0.1499999999999999944 ) ) ;
#1278 = DIRECTION ( 'NONE',  ( -0.1218693434051477398, 0.9925461516413219831, 0.000000000000000000 ) ) ;
#1279 = AXIS2_PLACEMENT_3D ( 'NONE', #257, #65, #1289 ) ;
#1280 =( NAMED_UNIT ( * ) SI_UNIT ( $, .STERADIAN. ) SOLID_ANGLE_UNIT ( ) );
#1281 = DIRECTION ( 'NONE',  ( -0.08715574274765290619, -0.9961946980917459893, -0.000000000000000000 ) ) ;
#1282 = DIRECTION ( 'NONE',  ( -0.1218693434051471569, 0.9925461516413219831, 0.000000000000000000 ) ) ;
#1283 = ADVANCED_FACE ( 'NONE', ( #411 ), #1183, .F. ) ;
#1284 = DIRECTION ( 'NONE',  ( 0.000000000000000000, -1.000000000000000000, 0.000000000000000000 ) ) ;
#1285 = EDGE_CURVE ( 'NONE', #589, #467, #1455, .T. ) ;
#1286 =( LENGTH_UNIT ( ) NAMED_UNIT ( * ) SI_UNIT ( .MILLI., .METRE. ) );
#1287 = DIRECTION ( 'NONE',  ( 0.000000000000000000, 0.000000000000000000, -1.000000000000000000 ) ) ;
#1288 = CARTESIAN_POINT ( 'NONE',  ( -1.312500000000000000, 0.1149999999999999217, 0.1499999999999999944 ) ) ;
#1289 = DIRECTION ( 'NONE',  ( -1.000000000000000000, 0.000000000000000000, 0.000000000000000000 ) ) ;
#1290 = CARTESIAN_POINT ( 'NONE',  ( -1.312500000000000000, 0.1149999999999999217, 0.1499999999999999944 ) ) ;
#1291 = AXIS2_PLACEMENT_3D ( 'NONE', #327, #283, #871 ) ;
#1292 = LINE ( 'NONE', #1184, #279 ) ;
#1293 = STYLED_ITEM ( 'NONE', ( #309 ), #727 ) ;
#1294 = LINE ( 'NONE', #454, #284 ) ;
#1295 = DIRECTION ( 'NONE',  ( 0.000000000000000000, 1.000000000000000000, 0.000000000000000000 ) ) ;
#1296 = DIRECTION ( 'NONE',  ( -0.000000000000000000, -0.000000000000000000, 1.000000000000000000 ) ) ;
#1297 = SURFACE_STYLE_FILL_AREA ( #235 ) ;
#1298 = DIRECTION ( 'NONE',  ( -0.000000000000000000, -0.000000000000000000, -1.000000000000000000 ) ) ;
#1299 = EDGE_CURVE ( 'NONE', #1358, #810, #1462, .T. ) ;
#1300 = CARTESIAN_POINT ( 'NONE',  ( 0.8896508816932221508, 0.5574999999999999956, 0.1499999999999999944 ) ) ;
#1301 = DIRECTION ( 'NONE',  ( 0.000000000000000000, -0.000000000000000000, -1.000000000000000000 ) ) ;
#1302 =( NAMED_UNIT ( * ) SI_UNIT ( $, .STERADIAN. ) SOLID_ANGLE_UNIT ( ) );
#1303 = AXIS2_PLACEMENT_3D ( 'NONE', #578, #671, #209 ) ;
#1304 = PLANE ( 'NONE',  #1149 ) ;
#1305 = EDGE_CURVE ( 'NONE', #1386, #1105, #1515, .T. ) ;
#1306 = DIRECTION ( 'NONE',  ( -0.000000000000000000, -0.000000000000000000, -1.000000000000000000 ) ) ;
#1307 = CARTESIAN_POINT ( 'NONE',  ( 0.8896508816932221508, 0.3425000000000000266, 0.1499999999999999944 ) ) ;
#1308 = LINE ( 'NONE', #1415, #307 ) ;
#1309 = SURFACE_STYLE_FILL_AREA ( #1190 ) ;
#1310 = CARTESIAN_POINT ( 'NONE',  ( 1.220761700213852885, -1.626303258728256651E-16, 0.1499999999999999944 ) ) ;
#1311 = CARTESIAN_POINT ( 'NONE',  ( -0.7886077195485475810, 1.000000000000000000, 0.6500000000000000222 ) ) ;
#1312 = DIRECTION ( 'NONE',  ( -0.000000000000000000, 1.000000000000000000, -0.000000000000000000 ) ) ;
#1313 = EDGE_CURVE ( 'NONE', #1062, #908, #1457, .T. ) ;
#1314 = VECTOR ( 'NONE', #621, 1000.000000000000000 ) ;
#1315 = CARTESIAN_POINT ( 'NONE',  ( 0.8429398877480829277, 0.5574999999999999956, 0.1499999999999999944 ) ) ;
#1316 = CARTESIAN_POINT ( 'NONE',  ( 1.312500000000000000, 0.1149999999999999217, -0.1499999999999999944 ) ) ;
#1317 = LINE ( 'NONE', #229, #768 ) ;
#1318 = LINE ( 'NONE', #1432, #1334 ) ;
#1319 = DIRECTION ( 'NONE',  ( -0.000000000000000000, -0.000000000000000000, -1.000000000000000000 ) ) ;
#1320 = CYLINDRICAL_SURFACE ( 'NONE', #1291, 0.1040954244506044485 ) ;
#1321 = VECTOR ( 'NONE', #1043, 1000.000000000000000 ) ;
#1322 = VERTEX_POINT ( 'NONE', #914 ) ;
#1323 = CARTESIAN_POINT ( 'NONE',  ( -1.220761700213852885, 0.1149999999999997830, 0.1499999999999999944 ) ) ;
#1324 = LINE ( 'NONE', #885, #1361 ) ;
#1325 = DIRECTION ( 'NONE',  ( 1.000000000000000000, 0.000000000000000000, -1.841977494479803093E-16 ) ) ;
#1326 = AXIS2_PLACEMENT_3D ( 'NONE', #1222, #360, #488 ) ;
#1327 = LINE ( 'NONE', #384, #837 ) ;
#1328 = PLANE ( 'NONE',  #906 ) ;
#1329 = ORIENTED_EDGE ( 'NONE', *, *, #1171, .T. ) ;
#1330 = VECTOR ( 'NONE', #113, 1000.000000000000114 ) ;
#1331 = DIRECTION ( 'NONE',  ( -1.000000000000000000, 0.000000000000000000, 0.000000000000000000 ) ) ;
#1332 = LINE ( 'NONE', #1288, #1314 ) ;
#1333 = ORIENTED_EDGE ( 'NONE', *, *, #716, .F. ) ;
#1334 = VECTOR ( 'NONE', #710, 1000.000000000000114 ) ;
#1335 = COLOUR_RGB ( '',0.7921568627450980005, 0.8196078431372548767, 0.9333333333333333481 ) ;
#1336 = ORIENTED_EDGE ( 'NONE', *, *, #1449, .T. ) ;
#1337 = CARTESIAN_POINT ( 'NONE',  ( 0.8309747871445555267, 0.3450520756393038457, -0.6309747871445553491 ) ) ;
#1338 = LINE ( 'NONE', #545, #788 ) ;
#1339 = CARTESIAN_POINT ( 'NONE',  ( -0.8499999999999999778, 0.5000000000000000000, 0.1499999999999999944 ) ) ;
#1340 = EDGE_CURVE ( 'NONE', #1473, #496, #461, .T. ) ;
#1341 = DIRECTION ( 'NONE',  ( 0.9961946980917461003, 0.08715574274765153229, 0.000000000000000000 ) ) ;
#1342 = FACE_OUTER_BOUND ( 'NONE', #40, .T. ) ;
#1343 = ORIENTED_EDGE ( 'NONE', *, *, #170, .F. ) ;
#1344 = FACE_OUTER_BOUND ( 'NONE', #611, .T. ) ;
#1345 = CARTESIAN_POINT ( 'NONE',  ( 0.8500000000000001998, 0.5000000000000000000, 0.6500000000000000222 ) ) ;
#1346 = MANIFOLD_SOLID_BREP ( 'Boss-Extrude5', #713 ) ;
#1347 = DIRECTION ( 'NONE',  ( 1.000000000000000000, 0.000000000000000000, 0.000000000000000000 ) ) ;
#1348 = VECTOR ( 'NONE', #1521, 1000.000000000000000 ) ;
#1349 = ORIENTED_EDGE ( 'NONE', *, *, #1461, .F. ) ;
#1350 = VECTOR ( 'NONE', #653, 1000.000000000000000 ) ;
#1351 = ORIENTED_EDGE ( 'NONE', *, *, #1446, .F. ) ;
#1352 = DIRECTION ( 'NONE',  ( 0.08715574274765151841, 0.9961946980917461003, 0.000000000000000000 ) ) ;
#1353 = VECTOR ( 'NONE', #121, 1000.000000000000000 ) ;
#1354 = AXIS2_PLACEMENT_3D ( 'NONE', #1048, #404, #1398 ) ;
#1355 = DIRECTION ( 'NONE',  ( 0.000000000000000000, 0.000000000000000000, -1.000000000000000000 ) ) ;
#1356 = PRODUCT_CONTEXT ( 'NONE', #1147, 'mechanical' ) ;
#1357 = VECTOR ( 'NONE', #119, 1000.000000000000000 ) ;
#1358 = VERTEX_POINT ( 'NONE', #766 ) ;
#1359 = LINE ( 'NONE', #865, #291 ) ;
#1360 = VECTOR ( 'NONE', #459, 1000.000000000000000 ) ;
#1361 = VECTOR ( 'NONE', #1179, 1000.000000000000000 ) ;
#1362 = VECTOR ( 'NONE', #132, 1000.000000000000000 ) ;
#1363 = VERTEX_POINT ( 'NONE', #619 ) ;
#1364 = LINE ( 'NONE', #1510, #1330 ) ;
#1365 = ORIENTED_EDGE ( 'NONE', *, *, #1140, .T. ) ;
#1366 = CARTESIAN_POINT ( 'NONE',  ( -1.002500000000000169, 0.1999999999999998723, 0.1499999999999999944 ) ) ;
#1367 = EDGE_CURVE ( 'NONE', #1214, #1503, #1464, .T. ) ;
#1368 = FACE_OUTER_BOUND ( 'NONE', #807, .T. ) ;
#1369 = DIRECTION ( 'NONE',  ( -1.000000000000000000, 0.000000000000000000, 0.000000000000000000 ) ) ;
#1370 = UNCERTAINTY_MEASURE_WITH_UNIT (LENGTH_MEASURE( 1.000000000000000082E-05 ), #1286, 'distance_accuracy_value', 'NONE');
#1371 = FACE_OUTER_BOUND ( 'NONE', #1391, .T. ) ;
#1372 = ORIENTED_EDGE ( 'NONE', *, *, #248, .F. ) ;
#1373 = FACE_OUTER_BOUND ( 'NONE', #833, .T. ) ;
#1374 = PLANE ( 'NONE',  #281 ) ;
#1375 = CARTESIAN_POINT ( 'NONE',  ( -0.8499999999999999778, 0.5000000000000000000, 0.6500000000000000222 ) ) ;
#1376 = ORIENTED_EDGE ( 'NONE', *, *, #738, .F. ) ;
#1377 = LINE ( 'NONE', #1311, #295 ) ;
#1378 = AXIS2_PLACEMENT_3D ( 'NONE', #581, #609, #210 ) ;
#1379 = EDGE_CURVE ( 'NONE', #561, #1214, #422, .T. ) ;
#1380 = ADVANCED_FACE ( 'NONE', ( #927 ), #426, .F. ) ;
#1381 = CARTESIAN_POINT ( 'NONE',  ( 1.220761700213852885, 0.1149999999999997830, 0.1499999999999999944 ) ) ;
#1382 = FACE_OUTER_BOUND ( 'NONE', #920, .T. ) ;
#1383 = DIRECTION ( 'NONE',  ( 0.000000000000000000, 1.000000000000000000, 0.000000000000000000 ) ) ;
#1384 = VERTEX_POINT ( 'NONE', #1079 ) ;
#1385 = LINE ( 'NONE', #424, #849 ) ;
#1386 = VERTEX_POINT ( 'NONE', #777 ) ;
#1387 = ADVANCED_FACE ( 'NONE', ( #941 ), #624, .T. ) ;
#1388 = EDGE_CURVE ( 'NONE', #36, #590, #1014, .T. ) ;
#1389 = PLANE ( 'NONE',  #1303 ) ;
#1390 = CARTESIAN_POINT ( 'NONE',  ( -0.8309747871445553047, 0.6549479243606961543, -0.6309747871445553491 ) ) ;
#1391 = EDGE_LOOP ( 'NONE', ( #943, #1088, #1117, #960 ) ) ;
#1392 = VECTOR ( 'NONE', #1557, 1000.000000000000000 ) ;
#1393 = ADVANCED_FACE ( 'NONE', ( #987 ), #631, .F. ) ;
#1394 = EDGE_CURVE ( 'NONE', #1386, #824, #1020, .T. ) ;
#1395 = CLOSED_SHELL ( 'NONE', ( #1086, #601, #289, #1178, #417, #195, #1064, #669, #118, #323, #1561, #1380, #1393, #679, #1274 ) ) ;
#1396 = DIRECTION ( 'NONE',  ( 0.000000000000000000, -0.000000000000000000, -1.000000000000000000 ) ) ;
#1397 = VECTOR ( 'NONE', #1160, 1000.000000000000000 ) ;
#1398 = DIRECTION ( 'NONE',  ( 1.000000000000000000, 0.000000000000000000, 0.000000000000000000 ) ) ;
#1399 = VECTOR ( 'NONE', #771, 1000.000000000000000 ) ;
#1400 = DIRECTION ( 'NONE',  ( -0.000000000000000000, -0.000000000000000000, -1.000000000000000000 ) ) ;
#1401 = VECTOR ( 'NONE', #1247, 1000.000000000000000 ) ;
#1402 = AXIS2_PLACEMENT_3D ( 'NONE', #510, #72, #828 ) ;
#1403 = EDGE_CURVE ( 'NONE', #730, #397, #1537, .T. ) ;
#1404 = CARTESIAN_POINT ( 'NONE',  ( 0.8896508816932221508, 0.3425000000000000266, -0.1499999999999999944 ) ) ;
#1405 = VECTOR ( 'NONE', #1396, 1000.000000000000000 ) ;
#1406 = ADVANCED_FACE ( 'NONE', ( #997 ), #86, .F. ) ;
#1407 = CARTESIAN_POINT ( 'NONE',  ( 1.312500000000000000, -3.555447233271123688E-29, 0.1499999999999999944 ) ) ;
#1408 = LINE ( 'NONE', #1426, #863 ) ;
#1409 = ADVANCED_FACE ( 'NONE', ( #524 ), #798, .F. ) ;
#1410 = DIRECTION ( 'NONE',  ( -1.477303066184766927E-15, 1.000000000000000000, 0.000000000000000000 ) ) ;
#1411 = FACE_OUTER_BOUND ( 'NONE', #456, .T. ) ;
#1412 = DIRECTION ( 'NONE',  ( 0.9925461516413219831, -0.1218693434051477398, 0.000000000000000000 ) ) ;
#1413 = EDGE_CURVE ( 'NONE', #587, #84, #1056, .T. ) ;
#1414 = VECTOR ( 'NONE', #1261, 1000.000000000000000 ) ;
#1415 = CARTESIAN_POINT ( 'NONE',  ( 0.8896508816932221508, 0.4425000000000000044, 0.1499999999999999944 ) ) ;
#1416 = VECTOR ( 'NONE', #657, 1000.000000000000000 ) ;
#1417 = FACE_OUTER_BOUND ( 'NONE', #89, .T. ) ;
#1418 = CARTESIAN_POINT ( 'NONE',  ( 1.220761700213852885, 0.1149999999999997830, 0.1499999999999999944 ) ) ;
#1419 = VECTOR ( 'NONE', #1352, 1000.000000000000114 ) ;
#1420 = AXIS2_PLACEMENT_3D ( 'NONE', #1166, #1270, #1545 ) ;
#1421 = DIRECTION ( 'NONE',  ( 0.000000000000000000, -0.000000000000000000, -1.000000000000000000 ) ) ;
#1422 = VECTOR ( 'NONE', #423, 1000.000000000000000 ) ;
#1423 = CARTESIAN_POINT ( 'NONE',  ( -0.4999999999999998890, 0.9000000000000000222, -0.5886077195485476254 ) ) ;
#1424 = CARTESIAN_POINT ( 'NONE',  ( 0.8008861756388381270, 0.09999999999999997780, 0.6008861756388380604 ) ) ;
#1425 = FACE_OUTER_BOUND ( 'NONE', #1033, .T. ) ;
#1426 = CARTESIAN_POINT ( 'NONE',  ( -0.4999999999999996669, -0.2814551155454730336, 0.5886077195485476254 ) ) ;
#1427 = LINE ( 'NONE', #50, #381 ) ;
#1428 = CARTESIAN_POINT ( 'NONE',  ( 0.7886077195485478031, 1.000000000000000000, 0.5886077195485476254 ) ) ;
#1429 = VECTOR ( 'NONE', #745, 1000.000000000000000 ) ;
#1430 = VECTOR ( 'NONE', #1525, 1000.000000000000000 ) ;
#1431 = CARTESIAN_POINT ( 'NONE',  ( 1.312500000000000000, 0.1149999999999999217, 0.1499999999999999944 ) ) ;
#1432 = CARTESIAN_POINT ( 'NONE',  ( 0.8429398877480829277, 0.4425000000000000044, -0.1499999999999999944 ) ) ;
#1433 = LINE ( 'NONE', #212, #364 ) ;
#1434 = DIRECTION ( 'NONE',  ( 1.000000000000000000, 0.000000000000000000, 0.000000000000000000 ) ) ;
#1435 = LINE ( 'NONE', #1315, #365 ) ;
#1436 = PLANE ( 'NONE',  #268 ) ;
#1437 = CARTESIAN_POINT ( 'NONE',  ( -0.8896508816932221508, 0.5574999999999999956, -0.1499999999999999944 ) ) ;
#1438 = CIRCLE ( 'NONE', #244, 0.1040954244506044485 ) ;
#1439 = MECHANICAL_DESIGN_GEOMETRIC_PRESENTATION_REPRESENTATION (  '', ( #1293 ), #185 ) ;
#1440 = CIRCLE ( 'NONE', #663, 0.1000000000000000472 ) ;
#1441 = PLANE ( 'NONE',  #266 ) ;
#1442 = LINE ( 'NONE', #1185, #1401 ) ;
#1443 = CARTESIAN_POINT ( 'NONE',  ( 0.000000000000000000, 0.000000000000000000, 0.000000000000000000 ) ) ;
#1444 = EDGE_LOOP ( 'NONE', ( #1513, #620, #405, #1102 ) ) ;
#1445 = DIRECTION ( 'NONE',  ( -0.000000000000000000, -0.000000000000000000, -1.000000000000000000 ) ) ;
#1446 = EDGE_CURVE ( 'NONE', #179, #187, #977, .T. ) ;
#1447 = LINE ( 'NONE', #675, #1392 ) ;
#1448 = CARTESIAN_POINT ( 'NONE',  ( -0.8499999999999999778, 0.5000000000000000000, 0.6500000000000000222 ) ) ;
#1449 = EDGE_CURVE ( 'NONE', #187, #579, #508, .T. ) ;
#1450 = CARTESIAN_POINT ( 'NONE',  ( -0.5999999999999998668, 1.000000000000000000, 0.5886077195485476254 ) ) ;
#1451 = LINE ( 'NONE', #228, #932 ) ;
#1452 = ORIENTED_EDGE ( 'NONE', *, *, #1203, .T. ) ;
#1453 = CARTESIAN_POINT ( 'NONE',  ( -0.8896508816932221508, 0.5574999999999999956, 0.1499999999999999944 ) ) ;
#1454 = CARTESIAN_POINT ( 'NONE',  ( -0.8499999999999999778, 0.5000000000000000000, 0.6500000000000000222 ) ) ;
#1455 = LINE ( 'NONE', #1260, #419 ) ;
#1456 = DIRECTION ( 'NONE',  ( 1.000000000000000000, 0.000000000000000000, 0.000000000000000000 ) ) ;
#1457 = LINE ( 'NONE', #1423, #1467 ) ;
#1458 = PRESENTATION_LAYER_ASSIGNMENT (  '', '', ( #566 ) ) ;
#1459 = CARTESIAN_POINT ( 'NONE',  ( 0.8896508816932221508, 0.5574999999999999956, 0.1499999999999999944 ) ) ;
#1460 = EDGE_LOOP ( 'NONE', ( #1061, #25, #29, #1139 ) ) ;
#1461 = EDGE_CURVE ( 'NONE', #55, #1479, #1001, .T. ) ;
#1462 = LINE ( 'NONE', #148, #1476 ) ;
#1463 = ORIENTED_EDGE ( 'NONE', *, *, #868, .T. ) ;
#1464 = CIRCLE ( 'NONE', #305, 0.1000000000000000472 ) ;
#1465 = CARTESIAN_POINT ( 'NONE',  ( 0.8896508816932221508, 0.4425000000000000044, 0.1499999999999999944 ) ) ;
#1466 = DIRECTION ( 'NONE',  ( -1.841977494479803340E-16, -0.000000000000000000, -1.000000000000000000 ) ) ;
#1467 = VECTOR ( 'NONE', #592, 1000.000000000000000 ) ;
#1468 = CARTESIAN_POINT ( 'NONE',  ( -0.4999999999999996669, 0.9000000000000000222, 0.5886077195485476254 ) ) ;
#1469 = EDGE_CURVE ( 'NONE', #1046, #1118, #28, .T. ) ;
#1470 = ORIENTED_EDGE ( 'NONE', *, *, #274, .F. ) ;
#1471 = DIRECTION ( 'NONE',  ( -0.9925461516413220942, -0.1218693434051471569, 0.000000000000000000 ) ) ;
#1472 = DIRECTION ( 'NONE',  ( -0.9925461516413219831, 0.1218693434051477398, 0.000000000000000000 ) ) ;
#1473 = VERTEX_POINT ( 'NONE', #1323 ) ;
#1474 = VERTEX_POINT ( 'NONE', #271 ) ;
#1475 = ORIENTED_EDGE ( 'NONE', *, *, #690, .T. ) ;
#1476 = VECTOR ( 'NONE', #756, 1000.000000000000000 ) ;
#1477 = ORIENTED_EDGE ( 'NONE', *, *, #591, .T. ) ;
#1478 = DIRECTION ( 'NONE',  ( 0.000000000000000000, -0.000000000000000000, -1.000000000000000000 ) ) ;
#1479 = VERTEX_POINT ( 'NONE', #725 ) ;
#1480 = PRESENTATION_STYLE_ASSIGNMENT (( #1519 ) ) ;
#1481 = AXIS2_PLACEMENT_3D ( 'NONE', #169, #537, #1243 ) ;
#1482 = CARTESIAN_POINT ( 'NONE',  ( 1.002500000000000169, 0.1999999999999998723, 0.1499999999999999944 ) ) ;
#1483 = EDGE_CURVE ( 'NONE', #1479, #38, #7, .T. ) ;
#1484 = VECTOR ( 'NONE', #1319, 1000.000000000000000 ) ;
#1485 = DIRECTION ( 'NONE',  ( -0.000000000000000000, -0.000000000000000000, -1.000000000000000000 ) ) ;
#1486 = VERTEX_POINT ( 'NONE', #158 ) ;
#1487 = ORIENTED_EDGE ( 'NONE', *, *, #143, .T. ) ;
#1488 = LINE ( 'NONE', #1450, #917 ) ;
#1489 = LINE ( 'NONE', #1226, #1506 ) ;
#1490 = ORIENTED_EDGE ( 'NONE', *, *, #1128, .T. ) ;
#1491 = CARTESIAN_POINT ( 'NONE',  ( 0.8429398877480829277, 0.5574999999999999956, 0.1499999999999999944 ) ) ;
#1492 = CARTESIAN_POINT ( 'NONE',  ( 1.117062390280550987, 0.2100229104159797855, 0.1499999999999999944 ) ) ;
#1493 = VECTOR ( 'NONE', #1148, 1000.000000000000114 ) ;
#1494 = EDGE_CURVE ( 'NONE', #586, #1503, #2, .T. ) ;
#1495 = CARTESIAN_POINT ( 'NONE',  ( -0.5999999999999998668, 1.000000000000000000, 0.5886077195485476254 ) ) ;
#1496 = FACE_OUTER_BOUND ( 'NONE', #215, .T. ) ;
#1497 = ORIENTED_EDGE ( 'NONE', *, *, #407, .T. ) ;
#1498 = FACE_OUTER_BOUND ( 'NONE', #1523, .T. ) ;
#1499 = ORIENTED_EDGE ( 'NONE', *, *, #1340, .F. ) ;
#1500 = FACE_OUTER_BOUND ( 'NONE', #1078, .T. ) ;
#1501 = LINE ( 'NONE', #533, #451 ) ;
#1502 = DIRECTION ( 'NONE',  ( -0.000000000000000000, 0.000000000000000000, 1.000000000000000000 ) ) ;
#1503 = VERTEX_POINT ( 'NONE', #652 ) ;
#1504 = DIRECTION ( 'NONE',  ( -0.08715574274765290619, 0.9961946980917459893, 0.000000000000000000 ) ) ;
#1505 = LINE ( 'NONE', #236, #902 ) ;
#1506 = VECTOR ( 'NONE', #1551, 1000.000000000000000 ) ;
#1507 = ORIENTED_EDGE ( 'NONE', *, *, #734, .T. ) ;
#1508 = CARTESIAN_POINT ( 'NONE',  ( -0.5999999999999999778, 1.000000000000000000, -0.5886077195485476254 ) ) ;
#1509 =( GEOMETRIC_REPRESENTATION_CONTEXT ( 3 ) GLOBAL_UNCERTAINTY_ASSIGNED_CONTEXT ( ( #1275 ) ) GLOBAL_UNIT_ASSIGNED_CONTEXT ( ( #117, #15, #457 ) ) REPRESENTATION_CONTEXT ( 'NONE', 'WORKASPACE' ) );
#1510 = CARTESIAN_POINT ( 'NONE',  ( 1.002500000000000169, 0.1999999999999998723, 0.1499999999999999944 ) ) ;
#1511 = VECTOR ( 'NONE', #1217, 1000.000000000000000 ) ;
#1512 = LINE ( 'NONE', #1345, #460 ) ;
#1513 = ORIENTED_EDGE ( 'NONE', *, *, #591, .F. ) ;
#1514 = ADVANCED_FACE ( 'NONE', ( #1027 ), #1221, .F. ) ;
#1515 = LINE ( 'NONE', #880, #913 ) ;
#1516 = LINE ( 'NONE', #464, #470 ) ;
#1517 = ORIENTED_EDGE ( 'NONE', *, *, #635, .T. ) ;
#1518 = FACE_OUTER_BOUND ( 'NONE', #576, .T. ) ;
#1519 = SURFACE_STYLE_USAGE ( .BOTH. , #1267 ) ;
#1520 = ORIENTED_EDGE ( 'NONE', *, *, #795, .T. ) ;
#1521 = DIRECTION ( 'NONE',  ( -0.000000000000000000, 1.000000000000000000, -0.000000000000000000 ) ) ;
#1522 = VECTOR ( 'NONE', #1301, 1000.000000000000000 ) ;
#1523 = EDGE_LOOP ( 'NONE', ( #39, #184, #1228, #560 ) ) ;
#1524 = ORIENTED_EDGE ( 'NONE', *, *, #874, .T. ) ;
#1525 = DIRECTION ( 'NONE',  ( 0.1209742911513548291, -0.9852565360152931717, -0.1209742911513548291 ) ) ;
#1526 = EDGE_CURVE ( 'NONE', #1322, #51, #992, .T. ) ;
#1527 = ADVANCED_FACE ( 'NONE', ( #539 ), #242, .T. ) ;
#1528 = DIRECTION ( 'NONE',  ( -1.841977494479803340E-16, -0.000000000000000000, -1.000000000000000000 ) ) ;
#1529 = ORIENTED_EDGE ( 'NONE', *, *, #160, .F. ) ;
#1530 = VERTEX_POINT ( 'NONE', #30 ) ;
#1531 = VERTEX_POINT ( 'NONE', #366 ) ;
#1532 = PRESENTATION_STYLE_ASSIGNMENT (( #991 ) ) ;
#1533 = EDGE_LOOP ( 'NONE', ( #1026, #88, #1093, #949 ) ) ;
#1534 = VECTOR ( 'NONE', #221, 1000.000000000000227 ) ;
#1535 = PLANE ( 'NONE',  #1034 ) ;
#1536 = ORIENTED_EDGE ( 'NONE', *, *, #1132, .T. ) ;
#1537 = LINE ( 'NONE', #1310, #13 ) ;
#1538 = LINE ( 'NONE', #1271, #993 ) ;
#1539 = DIRECTION ( 'NONE',  ( 0.000000000000000000, -0.000000000000000000, -1.000000000000000000 ) ) ;
#1540 = AXIS2_PLACEMENT_3D ( 'NONE', #374, #1205, #500 ) ;
#1541 = ORIENTED_EDGE ( 'NONE', *, *, #1367, .T. ) ;
#1542 = LINE ( 'NONE', #494, #1534 ) ;
#1543 = AXIS2_PLACEMENT_3D ( 'NONE', #637, #1295, #929 ) ;
#1544 = PLANE ( 'NONE',  #437 ) ;
#1545 = DIRECTION ( 'NONE',  ( -1.000000000000000000, 0.000000000000000000, 0.000000000000000000 ) ) ;
#1546 = ORIENTED_EDGE ( 'NONE', *, *, #1299, .T. ) ;
#1547 = ADVANCED_FACE ( 'NONE', ( #1548 ), #813, .T. ) ;
#1548 = FACE_OUTER_BOUND ( 'NONE', #1065, .T. ) ;
#1549 = ORIENTED_EDGE ( 'NONE', *, *, #577, .F. ) ;
#1550 = ORIENTED_EDGE ( 'NONE', *, *, #1388, .T. ) ;
#1551 = DIRECTION ( 'NONE',  ( 1.000000000000000000, 0.000000000000000000, 0.000000000000000000 ) ) ;
#1552 = ORIENTED_EDGE ( 'NONE', *, *, #400, .F. ) ;
#1553 = VERTEX_POINT ( 'NONE', #1495 ) ;
#1554 = EDGE_CURVE ( 'NONE', #1486, #936, #498, .T. ) ;
#1555 = CARTESIAN_POINT ( 'NONE',  ( 0.8896508816932221508, 0.3425000000000000266, 0.1499999999999999944 ) ) ;
#1556 = ORIENTED_EDGE ( 'NONE', *, *, #1554, .F. ) ;
#1557 = DIRECTION ( 'NONE',  ( 0.000000000000000000, 0.000000000000000000, -1.000000000000000000 ) ) ;
#1558 = VECTOR ( 'NONE', #989, 1000.000000000000000 ) ;
#1559 = ORIENTED_EDGE ( 'NONE', *, *, #400, .T. ) ;
#1560 = CARTESIAN_POINT ( 'NONE',  ( 1.220761700213852885, 0.2190954244506042037, 0.1499999999999999944 ) ) ;
#1561 = ADVANCED_FACE ( 'NONE', ( #482 ), #90, .F. ) ;
#1562 = VECTOR ( 'NONE', #1312, 1000.000000000000000 ) ;
#1563 = EDGE_LOOP ( 'NONE', ( #1250, #1240, #1559, #6 ) ) ;
#1564 = AXIS2_PLACEMENT_3D ( 'NONE', #80, #176, #93 ) ;
#1565 = CARTESIAN_POINT ( 'NONE',  ( -0.5999999999999998668, 0.9000000000000000222, 0.5886077195485476254 ) ) ;
ENDSEC;
END-ISO-10303-21;
